,EIIE,OLMAR,PAMR,RMR,UBAH,UCRP,BTC-hold
2020-01-01,1.00858,0.89269,0.919776,0.895287,1.01477,1.0145,1.00061
2020-01-02,0.985473,0.781117,0.775713,0.786511,0.975619,0.975139,0.967938
2020-01-03,1.01406,0.728433,0.694211,0.743145,1.02388,1.02348,1.02064
2020-01-04,1.01834,0.66991,0.610908,0.684671,1.03125,1.03087,1.02191
2020-01-05,1.01964,0.593915,0.521814,0.60913,1.03355,1.03319,1.02255
2020-01-06,1.06189,0.56118,0.476697,0.576539,1.10674,1.10655,1.07803
2020-01-07,1.06248,0.502205,0.398241,0.513447,1.10797,1.10757,1.13185
2020-01-08,1.05427,0.445384,0.34324,0.448975,1.09357,1.09269,1.11944
2020-01-09,1.04393,0.395905,0.290554,0.397559,1.07578,1.07462,1.08634
2020-01-10,1.07386,0.372867,0.256612,0.366835,1.12799,1.12682,1.13904
2020-01-11,1.07204,0.335057,0.218633,0.326647,1.12527,1.12374,1.11444
2020-01-12,1.08711,0.303152,0.191647,0.296895,1.1521,1.15031,1.13736
2020-01-13,1.07658,0.26881,0.160781,0.265258,1.13288,1.13151,1.12699
2020-01-14,1.15183,0.276376,0.155686,0.276311,1.26974,1.26648,1.22422
2020-01-15,1.16142,0.259643,0.135087,0.26667,1.28593,1.28417,1.2258
2020-01-16,1.1569,0.231299,0.114177,0.239329,1.27888,1.27583,1.21171
2020-01-17,1.19725,0.238297,0.101469,0.243549,1.35149,1.34987,1.23857
2020-01-18,1.19086,0.218209,0.083765,0.219193,1.34007,1.33831,1.23894
2020-01-19,1.1602,0.193891,0.0710099,0.194112,1.28171,1.28013,1.20917
2020-01-20,1.16133,0.175028,0.0625421,0.176795,1.28416,1.28192,1.20092
2020-01-21,1.17394,0.157917,0.0555946,0.160399,1.30688,1.30538,1.21394
2020-01-22,1.17105,0.14109,0.0477165,0.143123,1.30181,1.29993,1.20648
2020-01-23,1.13767,0.120851,0.0393015,0.122543,1.23904,1.23746,1.16787
2020-01-24,1.14004,0.108592,0.0348333,0.109318,1.2434,1.2412,1.17266
2020-01-25,1.12988,0.097743,0.0297805,0.0980312,1.22401,1.22269,1.15899
2020-01-26,1.15677,0.0913523,0.0269256,0.0929416,1.27461,1.27237,1.19712
2020-01-27,1.17307,0.0840997,0.0237649,0.0853636,1.3066,1.30268,1.23777
2020-01-28,1.19562,0.0793463,0.0213371,0.0805571,1.34892,1.34475,1.30262
2020-01-29,1.19265,0.0713843,0.0182616,0.0732569,1.34413,1.33903,1.29252
2020-01-30,1.23196,0.0669662,0.0167199,0.0688476,1.42264,1.41348,1.32193
2020-01-31,1.21637,0.0595209,0.0139324,0.0603407,1.3911,1.38348,1.29965
2020-02-01,1.2311,0.055772,0.0123557,0.0568752,1.41098,1.40331,1.30406
2020-02-02,1.23433,0.049926,0.0106844,0.0506611,1.4153,1.40746,1.29668
2020-02-03,1.24364,0.0460753,0.00930268,0.0463372,1.42675,1.41878,1.29122
2020-02-04,1.23509,0.0403867,0.0080466,0.0401575,1.41692,1.40831,1.27799
2020-02-05,1.32662,0.0380874,0.00742803,0.0376185,1.52908,1.52006,1.33566
2020-02-06,1.35577,0.0340749,0.00622018,0.0335515,1.56617,1.55701,1.35789
2020-02-07,1.35689,0.0312879,0.00545475,0.0306862,1.56948,1.55946,1.36369
2020-02-08,1.37173,0.0288821,0.00474461,0.0281327,1.58684,1.578,1.37499
2020-02-09,1.40811,0.0268722,0.00426241,0.0265472,1.63355,1.62274,1.41066
2020-02-10,1.39501,0.0254971,0.00381825,0.0247083,1.61758,1.60604,1.36898
2020-02-11,1.43651,0.0238061,0.00343754,0.0230928,1.67022,1.65773,1.42057
2020-02-12,1.49764,0.0226148,0.00305094,0.0218345,1.74744,1.73241,1.43494
2020-02-13,1.49984,0.0197653,0.00257625,0.0188897,1.75011,1.73483,1.42148
2020-02-14,1.54554,0.0181699,0.00233622,0.0172572,1.80925,1.79009,1.43742
2020-02-15,1.41189,0.0150338,0.00188621,0.0147533,1.64431,1.62623,1.37633
2020-02-16,1.34475,0.0123475,0.00158904,0.0122675,1.56462,1.54501,1.37808
2020-02-17,1.34684,0.0112086,0.00144785,0.0111396,1.56648,1.5466,1.34872
2020-02-18,1.391,0.0105608,0.00130319,0.0106432,1.6235,1.60114,1.41246
2020-02-19,1.2704,0.00956838,0.00111546,0.00966519,1.47642,1.45499,1.33313
2020-02-20,1.2615,0.00871784,0.000988835,0.00866535,1.4647,1.44417,1.33349
2020-02-21,1.29068,0.00819456,0.00088057,0.00828834,1.49913,1.47938,1.3447
2020-02-22,1.28627,0.00750626,0.000780436,0.00772506,1.49318,1.47388,1.34106
2020-02-23,1.34507,0.00698372,0.000721931,0.00721539,1.56642,1.54567,1.38074
2020-02-24,1.28736,0.00595847,0.000614989,0.00599558,1.49572,1.47497,1.34179
2020-02-25,1.22228,0.00521426,0.000507391,0.0052137,1.41273,1.39541,1.29451
2020-02-26,1.09289,0.00426842,0.000402299,0.00428856,1.25789,1.23928,1.22078
2020-02-27,1.12043,0.00410906,0.000389436,0.00416214,1.29065,1.27218,1.22605
2020-02-28,1.10188,0.00365021,0.00034236,0.00372997,1.26952,1.24967,1.20794
2020-02-29,1.07885,0.00316534,0.000301276,0.00326377,1.24069,1.22177,1.18442
2020-03-01,1.07536,0.00287598,0.000269159,0.00295892,1.2371,1.21827,1.18557
2020-03-02,1.14661,0.00283267,0.000253822,0.00290909,1.32296,1.30263,1.23884
2020-03-03,1.13784,0.00243139,0.00023122,0.00250941,1.31173,1.29119,1.21728
2020-03-04,1.13138,0.00228809,0.000204649,0.0023388,1.30355,1.28359,1.216
2020-03-05,1.16313,0.00215665,0.000187434,0.00219591,1.34207,1.32166,1.25821
2020-03-06,1.18863,0.00200653,0.000168007,0.00205296,1.37305,1.35228,1.26894
2020-03-07,1.13281,0.00172543,0.000143111,0.00176685,1.30531,1.28566,1.23487
2020-03-08,0.977814,0.00127278,0.000108116,0.00139672,1.11827,1.10106,1.11629
2020-03-09,0.990395,0.00124097,0.000102879,0.00133414,1.13238,1.11504,1.10191
2020-03-10,0.988932,0.00110614,9.27456e-05,0.00120158,1.13079,1.11364,1.09701
2020-03-11,0.967287,0.000974671,7.79865e-05,0.0010304,1.10462,1.08807,1.10256
2020-03-12,0.563194,0.000550838,3.99286e-05,0.000559882,0.635044,0.626157,0.666996
2020-03-13,0.700942,0.000709473,4.35679e-05,0.000695976,0.773099,0.766636,0.775188
2020-03-14,0.650041,0.000635466,3.7885e-05,0.000622335,0.715064,0.709012,0.718696
2020-03-15,0.675474,0.000607052,3.48741e-05,0.000591511,0.74589,0.738595,0.744992
2020-03-16,0.621655,0.000557261,2.95799e-05,0.000537841,0.683207,0.675945,0.698812
2020-03-17,0.649187,0.000519161,2.70279e-05,0.000528492,0.714415,0.707339,0.738231
2020-03-18,0.659736,0.000499055,2.48713e-05,0.000512154,0.725643,0.718992,0.749403
2020-03-19,0.749819,0.000512648,2.6549e-05,0.000517562,0.828608,0.821787,0.856306
2020-03-20,0.734243,0.000478326,2.37585e-05,0.000499498,0.809962,0.803934,0.862697
2020-03-21,0.741319,0.000462074,2.26769e-05,0.000499855,0.818224,0.812181,0.859726
2020-03-22,0.685209,0.000396156,1.87087e-05,0.000431115,0.754517,0.748018,0.808202
2020-03-23,0.748259,0.000404505,1.7929e-05,0.000443646,0.826703,0.820085,0.89868
2020-03-24,0.766642,0.000389614,1.70744e-05,0.00042462,0.848311,0.841264,0.937228
2020-03-25,0.754456,0.000344802,1.50425e-05,0.000379795,0.834421,0.827314,0.927878
2020-03-26,0.779292,0.00031684,1.34442e-05,0.000353852,0.863752,0.856095,0.936206
2020-03-27,0.738959,0.000272805,1.10171e-05,0.000304948,0.817382,0.809457,0.883645
2020-03-28,0.739206,0.000251182,9.97717e-06,0.000279649,0.817743,0.809677,0.866629
2020-03-29,0.70394,0.000209776,8.39454e-06,0.000234362,0.776692,0.769025,0.817267
2020-03-30,0.744755,0.000195077,7.81755e-06,0.000221246,0.824239,0.815942,0.888546
2020-03-31,0.752567,0.000178471,6.99775e-06,0.000203237,0.83242,0.824876,0.890778
2020-04-01,0.75883,0.000159297,6.12911e-06,0.000184516,0.846077,0.838354,0.923082
2020-04-02,0.772035,0.000149173,5.28477e-06,0.000171562,0.865707,0.857771,0.944089
2020-04-03,0.776917,0.000132604,4.68196e-06,0.000156101,0.873449,0.865379,0.935753
2020-04-04,0.784117,0.000125965,4.19877e-06,0.000148204,0.88446,0.87615,0.952829
2020-04-05,0.775674,0.00011279,3.69416e-06,0.000130993,0.871841,0.863542,0.941127
2020-04-06,0.851094,0.000112142,3.62038e-06,0.000129071,0.985515,0.975622,1.01854
2020-04-07,0.84353,0.000100438,3.30376e-06,0.000117198,0.973044,0.963492,1.00012
2020-04-08,0.881121,9.35429e-05,3.08421e-06,0.000109032,1.03265,1.02125,1.0229
2020-04-09,0.876579,8.60982e-05,2.61649e-06,0.000100315,1.02562,1.01347,1.0121
2020-04-10,0.8269,6.83603e-05,2.1112e-06,8.03556e-05,0.94846,0.936254,0.953097
2020-04-11,0.832875,6.29546e-05,1.84132e-06,7.3944e-05,0.957948,0.945063,0.955586
2020-04-12,0.837882,5.81788e-05,1.65412e-06,6.76726e-05,0.967517,0.953397,0.959332
2020-04-13,0.829177,5.33281e-05,1.44365e-06,6.22809e-05,0.954283,0.940082,0.950178
2020-04-14,0.831619,4.83962e-05,1.27246e-06,5.64592e-05,0.957228,0.943659,0.954456
2020-04-15,0.808577,4.15617e-05,1.09834e-06,4.84502e-05,0.921338,0.908458,0.92007
2020-04-16,0.863821,4.00445e-05,1.08241e-06,4.69728e-05,1.00721,0.991888,0.986866
2020-04-17,0.856563,3.6554e-05,9.72327e-07,4.29959e-05,0.996136,0.980767,0.97653
2020-04-18,0.896694,3.49025e-05,9.11455e-07,4.11548e-05,1.06162,1.04233,1.00725
2020-04-19,0.870844,2.96327e-05,7.65342e-07,3.55006e-05,1.02056,1.0024,0.98948
2020-04-20,0.839473,2.57968e-05,6.46864e-07,3.06348e-05,0.971274,0.954164,0.948639
2020-04-21,0.842527,2.36919e-05,5.68245e-07,2.79925e-05,0.976676,0.959213,0.95066
2020-04-22,0.87361,2.24027e-05,5.26541e-07,2.64418e-05,1.02674,1.00649,0.990091
2020-04-23,0.893422,2.05161e-05,4.71227e-07,2.46619e-05,1.05873,1.03748,1.03973
2020-04-24,0.904145,1.86914e-05,4.38044e-07,2.27154e-05,1.07632,1.05262,1.04288
2020-04-25,0.913728,1.70271e-05,4.10296e-07,2.11347e-05,1.09354,1.06753,1.04755
2020-04-26,0.922803,1.51091e-05,3.57293e-07,1.91207e-05,1.10464,1.08163,1.06901
2020-04-27,0.9194,1.36788e-05,3.18172e-07,1.7399e-05,1.09868,1.0765,1.08034
2020-04-28,0.927119,1.26579e-05,2.86222e-07,1.63348e-05,1.1091,1.08796,1.07539
2020-04-29,0.983106,1.28387e-05,2.64644e-07,1.58736e-05,1.1988,1.17623,1.21985
2020-04-30,0.949362,1.10065e-05,2.35898e-07,1.38259e-05,1.14435,1.12338,1.19781
2020-05-01,0.966098,1.00277e-05,2.10392e-07,1.26658e-05,1.17058,1.1491,1.22657
2020-05-02,0.989763,9.44911e-06,1.96267e-07,1.19361e-05,1.20599,1.18321,1.24673
2020-05-03,0.968112,8.2709e-06,1.69719e-07,1.03327e-05,1.17418,1.15198,1.23591
2020-05-04,0.961958,7.28616e-06,1.48129e-07,9.24638e-06,1.16528,1.1431,1.23282
2020-05-05,0.95918,6.70044e-06,1.31767e-07,8.39783e-06,1.16132,1.13909,1.25365
2020-05-06,0.937247,6.06542e-06,1.16749e-07,7.56773e-06,1.12867,1.10691,1.27048
2020-05-07,0.973079,5.49472e-06,1.05526e-07,7.09542e-06,1.18245,1.1591,1.38768
2020-05-08,0.977137,5.11474e-06,9.17284e-08,6.67804e-06,1.18865,1.16541,1.36178
2020-05-09,0.977595,4.57182e-06,8.10881e-08,5.98615e-06,1.18879,1.1657,1.32557
2020-05-10,0.90059,4.11639e-06,6.73057e-08,5.45683e-06,1.07183,1.05114,1.21209
2020-05-11,0.884651,3.6825e-06,5.73511e-08,4.90122e-06,1.04864,1.02854,1.18969
2020-05-12,0.900909,3.45004e-06,5.19588e-08,4.5721e-06,1.07217,1.05151,1.22432
2020-05-13,0.923331,3.19544e-06,4.71885e-08,4.20492e-06,1.10522,1.08363,1.29361
2020-05-14,0.936342,2.97561e-06,4.24e-08,3.95488e-06,1.1248,1.10227,1.36067
2020-05-15,0.916619,2.6101e-06,3.58715e-08,3.50642e-06,1.09546,1.07375,1.29458
2020-05-16,0.932575,2.41123e-06,3.26634e-08,3.28168e-06,1.11853,1.09645,1.3036
2020-05-17,0.940696,2.16907e-06,2.88228e-08,2.9421e-06,1.13093,1.10824,1.34511
2020-05-18,0.96011,1.94267e-06,2.57131e-08,2.61307e-06,1.15956,1.13657,1.3526
2020-05-19,0.965581,1.7518e-06,2.27655e-08,2.36374e-06,1.16782,1.14453,1.35838
2020-05-20,0.952649,1.55687e-06,1.97431e-08,2.1109e-06,1.14875,1.12533,1.32168
2020-05-21,0.913854,1.32959e-06,1.64372e-08,1.79106e-06,1.09136,1.06927,1.26015
2020-05-22,0.944009,1.22395e-06,1.50933e-08,1.6462e-06,1.13566,1.11264,1.27424
2020-05-23,0.938212,1.07681e-06,1.34218e-08,1.48118e-06,1.12725,1.10444,1.27551
2020-05-24,0.912647,9.57282e-07,1.16203e-08,1.31535e-06,1.08953,1.06727,1.21175
2020-05-25,0.930795,9.09476e-07,1.07257e-08,1.24184e-06,1.11643,1.09347,1.23677
2020-05-26,0.92189,8.07391e-07,9.27806e-09,1.09203e-06,1.10348,1.08064,1.22855
2020-05-27,0.938068,7.3057e-07,8.20765e-09,9.91851e-07,1.12727,1.10403,1.27897
2020-05-28,0.962603,6.6555e-07,7.29442e-09,8.85304e-07,1.16403,1.13943,1.33064
2020-05-29,0.96291,5.87318e-07,6.37353e-09,7.67749e-07,1.16505,1.13998,1.30996
2020-05-30,1.00335,5.3981e-07,5.77246e-09,6.92279e-07,1.22513,1.1988,1.34757
2020-05-31,0.970799,4.56725e-07,4.79921e-09,5.85195e-07,1.17673,1.15156,1.31291
2020-06-01,1.00293,4.43026e-07,4.45217e-09,5.76447e-07,1.24309,1.21659,1.41747
2020-06-02,0.982251,3.76846e-07,3.74902e-09,4.95249e-07,1.19981,1.17411,1.3226
2020-06-03,0.994554,3.49209e-07,3.35811e-09,4.65489e-07,1.22553,1.19875,1.3432
2020-06-04,0.997489,3.32342e-07,3.05478e-09,4.48305e-07,1.23203,1.20477,1.36026
2020-06-05,0.992986,2.87267e-07,2.65214e-09,3.92466e-07,1.22245,1.19571,1.33693
2020-06-06,0.992996,2.53397e-07,2.32108e-09,3.47798e-07,1.22293,1.19607,1.3432
2020-06-07,0.993234,2.26515e-07,2.03458e-09,3.1225e-07,1.22443,1.19735,1.35442
2020-06-08,0.995842,2.02711e-07,1.78664e-09,2.78404e-07,1.23039,1.2031,1.35928
2020-06-09,0.988443,1.82851e-07,1.56237e-09,2.4691e-07,1.21459,1.18775,1.35795
2020-06-10,0.99264,1.61186e-07,1.34463e-09,2.1706e-07,1.22385,1.19671,1.37359
2020-06-11,0.947545,1.38544e-07,1.13972e-09,1.8869e-07,1.12542,1.10058,1.28958
2020-06-12,0.96318,1.30106e-07,1.04044e-09,1.78371e-07,1.15988,1.13405,1.31525
2020-06-13,0.964992,1.16155e-07,9.30696e-10,1.6161e-07,1.16382,1.13794,1.31639
2020-06-14,0.952718,1.01034e-07,7.99648e-10,1.39933e-07,1.13835,1.11298,1.29815
2020-06-15,0.95193,9.10799e-08,7.00001e-10,1.24219e-07,1.13679,1.11121,1.30982
2020-06-16,0.957362,8.49557e-08,6.27352e-10,1.15698e-07,1.14813,1.12209,1.32365
2020-06-17,0.962714,7.49147e-08,5.58321e-10,1.04667e-07,1.15969,1.13291,1.31525
2020-06-18,0.955058,6.59994e-08,4.79086e-10,9.33735e-08,1.14402,1.11759,1.3043
2020-06-19,0.950277,5.97205e-08,4.21283e-10,8.53388e-08,1.1339,1.108,1.29373
2020-06-20,0.952022,5.43608e-08,3.74219e-10,7.77295e-08,1.13791,1.11179,1.3005
2020-06-21,0.947542,4.80516e-08,3.27233e-10,6.90377e-08,1.1289,1.1029,1.29157
2020-06-22,0.970704,4.47083e-08,2.93034e-10,6.39539e-08,1.178,1.1499,1.3459
2020-06-23,0.972741,4.08017e-08,2.61035e-10,5.92898e-08,1.18293,1.15383,1.33745
2020-06-24,0.957703,3.63581e-08,2.2789e-10,5.28547e-08,1.1521,1.12338,1.29182
2020-06-25,0.955057,3.31383e-08,1.98712e-10,4.77292e-08,1.14728,1.11802,1.28529
2020-06-26,0.950814,2.93817e-08,1.71255e-10,4.24189e-08,1.13821,1.10972,1.27316
2020-06-27,0.924714,2.55223e-08,1.45817e-10,3.65881e-08,1.08388,1.05651,1.25228
2020-06-28,0.935512,2.37553e-08,1.35458e-10,3.34788e-08,1.10723,1.07874,1.26678
2020-06-29,0.942277,2.18385e-08,1.21758e-10,3.1079e-08,1.12199,1.09244,1.27737
2020-06-30,0.936169,1.94042e-08,1.06819e-10,2.76799e-08,1.1099,1.08056,1.26987
2020-07-01,0.955898,1.77757e-08,9.55695e-11,2.47135e-08,1.14966,1.11829,1.28286
2020-07-02,0.948309,1.54597e-08,8.16597e-11,2.17059e-08,1.13498,1.1041,1.26264
2020-07-03,0.954952,1.42657e-08,7.20386e-11,1.99645e-08,1.14931,1.11699,1.25871
2020-07-04,0.977378,1.32617e-08,6.55713e-11,1.83374e-08,1.1983,1.15983,1.26944
2020-07-05,0.983907,1.18305e-08,5.18063e-11,1.68373e-08,1.20815,1.16496,1.26026
2020-07-06,1.02024,1.04463e-08,4.77486e-11,1.51199e-08,1.28382,1.24153,1.29845
2020-07-07,1.04047,9.78904e-09,4.21075e-11,1.3944e-08,1.33862,1.27966,1.28638
2020-07-08,1.08505,9.73671e-09,3.87232e-11,1.33131e-08,1.44269,1.36868,1.31121
2020-07-09,1.06293,8.56737e-09,3.32414e-11,1.12598e-08,1.38674,1.32389,1.28291
2020-07-10,1.05499,6.86373e-09,2.60991e-11,9.32807e-09,1.36694,1.31211,1.29068
2020-07-11,1.06409,6.13229e-09,2.35556e-11,8.39962e-09,1.39449,1.33073,1.28314
2020-07-12,1.08043,5.47179e-09,2.10982e-11,7.59273e-09,1.42984,1.36325,1.29269
2020-07-13,1.07401,5.10316e-09,1.9353e-11,6.96764e-09,1.41512,1.34823,1.28433
2020-07-14,1.08557,4.7783e-09,1.77872e-11,6.51657e-09,1.44732,1.37202,1.28617
2020-07-15,1.08557,4.24322e-09,1.55941e-11,5.74178e-09,1.45438,1.37152,1.27807
2020-07-16,1.06921,3.84461e-09,1.35782e-11,5.21555e-09,1.41381,1.33778,1.2692
2020-07-17,1.06545,3.47872e-09,1.16999e-11,4.6354e-09,1.40622,1.33064,1.27206
2020-07-18,1.06744,3.12338e-09,1.01211e-11,4.241e-09,1.40777,1.33559,1.27428
2020-07-19,1.07529,2.81141e-09,8.81506e-12,3.8229e-09,1.42441,1.3535,1.27966
2020-07-20,1.05119,2.25937e-09,6.99586e-12,3.06524e-09,1.35623,1.30069,1.27296
2020-07-21,1.07158,2.10724e-09,5.98589e-12,2.83985e-09,1.40756,1.34658,1.30481
2020-07-22,1.08569,1.95536e-09,5.14697e-12,2.63102e-09,1.43694,1.37794,1.32262
2020-07-23,1.09543,1.76489e-09,4.53437e-12,2.39819e-09,1.46053,1.39994,1.33445
2020-07-24,1.08557,1.56037e-09,3.80008e-12,2.14441e-09,1.43595,1.37915,1.32535
2020-07-25,1.13001,1.44692e-09,3.35572e-12,1.96769e-09,1.5404,1.47648,1.34795
2020-07-26,1.12675,1.31142e-09,2.851e-12,1.75734e-09,1.53303,1.47123,1.38006
2020-07-27,1.14015,1.15253e-09,2.2386e-12,1.50485e-09,1.54255,1.4999,1.53269
2020-07-28,1.15892,1.06436e-09,1.92827e-12,1.34417e-09,1.59049,1.54628,1.51551
2020-07-29,1.15431,9.19081e-10,1.57852e-12,1.15074e-09,1.57771,1.53814,1.5425
2020-07-30,1.17265,8.61871e-10,1.44133e-12,1.05508e-09,1.62535,1.57977,1.54237
2020-07-31,1.18942,8.24017e-10,1.22208e-12,9.64259e-10,1.66458,1.62023,1.57515
2020-08-01,1.2666,8.21994e-10,1.09827e-12,9.70382e-10,1.7755,1.72816,1.63986
2020-08-02,1.20113,6.73691e-10,8.58704e-13,7.90629e-10,1.67937,1.63464,1.53845
2020-08-03,1.25373,6.1244e-10,7.77822e-13,7.27429e-10,1.75748,1.70874,1.55908
2020-08-04,1.28291,5.71547e-10,7.13946e-13,6.88972e-10,1.79833,1.7481,1.55521
2020-08-05,1.29206,5.29525e-10,6.13376e-13,6.33895e-10,1.81171,1.76288,1.63204
2020-08-06,1.31098,4.91723e-10,5.34572e-13,5.86942e-10,1.84026,1.79017,1.63448
2020-08-07,1.276,4.56025e-10,4.62887e-13,5.34133e-10,1.78913,1.74024,1.6111
2020-08-08,1.34436,4.5251e-10,4.30293e-13,5.35461e-10,1.89592,1.83345,1.63434
2020-08-09,1.35149,4.44795e-10,3.60214e-13,5.22471e-10,1.91281,1.84153,1.62326
2020-08-10,1.36119,4.28293e-10,3.30527e-13,5.08412e-10,1.92555,1.85965,1.65261
2020-08-11,1.29113,3.64819e-10,2.68876e-13,4.32587e-10,1.82524,1.76095,1.58301
2020-08-12,1.33855,3.42183e-10,2.57749e-13,4.01038e-10,1.9162,1.82078,1.60695
2020-08-13,1.37442,3.39614e-10,2.37013e-13,3.92814e-10,1.96947,1.86916,1.63692
2020-08-14,1.3998,2.99058e-10,2.09072e-13,3.46666e-10,2.00424,1.90711,1.63421
2020-08-15,1.43686,2.7003e-10,1.84528e-13,3.0842e-10,2.07522,1.95668,1.64698
2020-08-16,1.46099,2.42743e-10,1.67203e-13,2.75691e-10,2.10362,1.99158,1.65512
2020-08-17,1.45504,2.12575e-10,1.36424e-13,2.41769e-10,2.07315,1.98436,1.70655
2020-08-18,1.40336,1.85722e-10,1.13496e-13,2.18326e-10,1.99592,1.91123,1.65985
2020-08-19,1.35037,1.67417e-10,1.01796e-13,1.96255e-10,1.92462,1.83736,1.63339
2020-08-20,1.38453,1.63023e-10,9.32534e-14,1.87343e-10,1.96939,1.88564,1.64714
2020-08-21,1.29819,1.32885e-10,7.49488e-14,1.54137e-10,1.83071,1.76423,1.60237
2020-08-22,1.33699,1.31424e-10,6.90438e-14,1.52637e-10,1.90028,1.81656,1.62066
2020-08-23,1.31915,1.13693e-10,5.86337e-14,1.32321e-10,1.87102,1.79255,1.61859
2020-08-24,1.34047,1.01748e-10,5.10168e-14,1.17674e-10,1.90099,1.82329,1.6325
2020-08-25,1.26165,8.90117e-11,4.45277e-14,1.0246e-10,1.78502,1.71227,1.57278
2020-08-26,1.2821,8.26582e-11,4.02995e-14,9.46158e-11,1.82395,1.74145,1.59265
2020-08-27,1.2423,7.35969e-11,3.39915e-14,8.72504e-11,1.76582,1.68487,1.57444
2020-08-28,1.27036,6.94593e-11,2.97006e-14,8.16354e-11,1.81041,1.72495,1.60175
2020-08-29,1.29265,6.28838e-11,2.6444e-14,7.31473e-11,1.85137,1.75582,1.59326
2020-08-30,1.33102,5.59908e-11,2.34021e-14,6.55525e-11,1.90557,1.80954,1.62735
2020-08-31,1.32161,4.81449e-11,1.98521e-14,5.59936e-11,1.88269,1.7968,1.61879
2020-09-01,1.38791,4.67926e-11,1.8327e-14,5.45808e-11,1.97849,1.88882,1.65665
2020-09-02,1.29169,3.83008e-11,1.4532e-14,4.52983e-11,1.8392,1.75564,1.58252
2020-09-03,1.08341,2.90831e-11,1.06436e-14,3.39838e-11,1.53985,1.46973,1.40915
2020-09-04,1.14511,3.1093e-11,9.63609e-15,3.52101e-11,1.62861,1.5558,1.45158
2020-09-05,1.06701,2.67828e-11,7.39228e-15,3.1242e-11,1.51097,1.44209,1.41274
2020-09-06,1.12486,2.65275e-11,6.89474e-15,3.20031e-11,1.58561,1.51483,1.42518
2020-09-07,1.12237,2.45903e-11,5.97153e-15,3.00425e-11,1.58221,1.51287,1.44147
2020-09-08,1.09451,2.32905e-11,5.46686e-15,2.7939e-11,1.54453,1.47486,1.40717
2020-09-09,1.11721,2.10052e-11,5.01314e-15,2.53288e-11,1.57706,1.50533,1.42003
2020-09-10,1.13824,1.95212e-11,4.40288e-15,2.34971e-11,1.60643,1.53429,1.43638
2020-09-11,1.14325,1.73849e-11,3.82112e-15,2.16062e-11,1.61495,1.54097,1.44347
2020-09-12,1.17698,1.61353e-11,3.42212e-15,1.98486e-11,1.66686,1.58558,1.45084
2020-09-13,1.15717,1.51111e-11,3.11051e-15,1.85254e-11,1.64502,1.55654,1.43582
2020-09-14,1.17183,1.38976e-11,2.69875e-15,1.7189e-11,1.66646,1.5779,1.48292
2020-09-15,1.13113,1.16504e-11,2.216e-15,1.47839e-11,1.60349,1.52432,1.4987
2020-09-16,1.1297,1.10234e-11,1.9673e-15,1.36019e-11,1.60445,1.52238,1.52214
2020-09-17,1.14623,9.9917e-12,1.71125e-15,1.23001e-11,1.62555,1.54553,1.52019
2020-09-18,1.1266,8.59257e-12,1.47869e-15,1.0679e-11,1.60286,1.51895,1.51927
2020-09-19,1.12416,7.74104e-12,1.31112e-15,9.64234e-12,1.59956,1.51594,1.53974
2020-09-20,1.09337,6.77425e-12,1.08836e-15,8.41517e-12,1.55596,1.47398,1.51745
2020-09-21,1.00191,5.77662e-12,8.52203e-16,7.05163e-12,1.4256,1.34955,1.44755
2020-09-22,1.02715,5.51163e-12,7.74905e-16,6.74003e-12,1.46173,1.38378,1.46317
2020-09-23,0.966502,4.4608e-12,5.93965e-16,5.4674e-12,1.37917,1.3013,1.42313
2020-09-24,1.0502,4.35002e-12,5.76853e-16,5.32554e-12,1.48584,1.41055,1.49189
2020-09-25,1.08843,4.07249e-12,5.2636e-16,4.95429e-12,1.53324,1.46032,1.48499
2020-09-26,1.09098,3.60424e-12,4.5199e-16,4.41461e-12,1.542,1.46425,1.49082
2020-09-27,1.11066,3.34569e-12,4.01182e-16,4.00013e-12,1.56809,1.4904,1.49716
2020-09-28,1.10292,2.94304e-12,3.34536e-16,3.52064e-12,1.55937,1.47989,1.4863
2020-09-29,1.11756,2.71916e-12,2.96958e-16,3.2165e-12,1.58533,1.49945,1.50636
2020-09-30,1.11335,2.52876e-12,2.64189e-16,2.94522e-12,1.58167,1.49391,1.49749
2020-10-01,1.08419,2.24661e-12,2.33138e-16,2.65436e-12,1.53143,1.44711,1.47561
2020-10-02,1.06783,1.98867e-12,2.062e-16,2.44559e-12,1.48315,1.40047,1.46883
2020-10-03,1.06112,1.7976e-12,1.76502e-16,2.18541e-12,1.47778,1.3929,1.4649
2020-10-04,1.08967,1.65754e-12,1.49361e-16,2.18336e-12,1.49843,1.41299,1.48221
2020-10-05,1.09106,1.41067e-12,1.25635e-16,1.89437e-12,1.50561,1.42016,1.49966
2020-10-06,1.04285,1.25128e-12,1.05852e-16,1.68131e-12,1.44284,1.35345,1.4729
2020-10-07,1.04832,1.11229e-12,9.01986e-17,1.54929e-12,1.43971,1.34798,1.48217
2020-10-08,1.1261,1.08784e-12,8.70145e-17,1.5145e-12,1.4897,1.40327,1.51819
2020-10-09,1.15963,1.07958e-12,8.35298e-17,1.4696e-12,1.53581,1.44932,1.53557
2020-10-10,1.14508,9.22065e-13,7.07714e-17,1.23802e-12,1.52556,1.43293,1.56928
2020-10-11,1.16168,8.12494e-13,6.29298e-17,1.10122e-12,1.54564,1.454,1.57981
2020-10-12,1.17942,7.70874e-13,5.66808e-17,1.04288e-12,1.57454,1.47846,1.60193
2020-10-13,1.16755,6.86185e-13,4.78715e-17,9.33501e-13,1.56246,1.46363,1.58697
2020-10-14,1.15291,5.82634e-13,4.25482e-17,8.1081e-13,1.54505,1.44214,1.5866
2020-10-15,1.15236,5.12758e-13,3.69506e-17,7.20957e-13,1.5452,1.44257,1.59872
2020-10-16,1.11713,4.55472e-13,3.23333e-17,6.30532e-13,1.49661,1.39461,1.5729
2020-10-17,1.12318,4.23326e-13,2.8311e-17,5.81518e-13,1.50183,1.40285,1.57858
2020-10-18,1.14865,3.93127e-13,2.61469e-17,5.29699e-13,1.53314,1.43582,1.59845
2020-10-19,1.1349,3.37706e-13,2.16394e-17,4.61731e-13,1.52313,1.41894,1.63295
2020-10-20,1.10128,2.98024e-13,1.8568e-17,4.14478e-13,1.47683,1.3748,1.65498
2020-10-21,1.14738,2.69772e-13,1.50351e-17,3.64793e-13,1.54956,1.43854,1.77601
2020-10-22,1.18404,2.58674e-13,1.31752e-17,3.4186e-13,1.60708,1.48956,1.80207
2020-10-23,1.18741,2.30958e-13,1.17417e-17,3.06242e-13,1.60779,1.4933,1.79576
2020-10-24,1.199,2.12471e-13,1.01382e-17,2.79367e-13,1.62789,1.50888,1.82197
2020-10-25,1.17986,1.86427e-13,8.67791e-18,2.45676e-13,1.60247,1.48353,1.81045
2020-10-26,1.15833,1.54528e-13,6.83919e-18,1.9535e-13,1.56592,1.44557,1.8137
2020-10-27,1.17228,1.37096e-13,5.77186e-18,1.74711e-13,1.59324,1.46613,1.89485
2020-10-28,1.13129,1.1655e-13,4.57837e-18,1.48544e-13,1.54526,1.41157,1.84346
2020-10-29,1.11083,1.01023e-13,3.96637e-18,1.25765e-13,1.5261,1.38475,1.86977
2020-10-30,1.09365,8.72404e-14,3.33009e-18,1.07785e-13,1.49409,1.35751,1.88428
2020-10-31,1.09177,8.52514e-14,2.91784e-18,1.04032e-13,1.49906,1.35584,1.91636
2020-11-01,1.10784,7.68122e-14,2.50238e-18,9.40285e-14,1.52557,1.38001,1.91226
2020-11-02,1.06162,6.65541e-14,2.05741e-18,8.06919e-14,1.46339,1.32383,1.88279
2020-11-03,1.0465,6.05685e-14,1.68052e-18,7.32671e-14,1.43998,1.30186,1.94867
2020-11-04,1.04169,5.1207e-14,1.42065e-18,6.28971e-14,1.42429,1.28508,1.96542
2020-11-05,1.07579,4.51632e-14,1.20942e-18,5.70768e-14,1.4979,1.3528,2.16635
2020-11-06,1.22469,4.85387e-14,1.23455e-18,5.85869e-14,1.65096,1.49594,2.16495
2020-11-07,1.31124,4.40876e-14,9.88398e-19,5.29336e-14,1.61949,1.46834,2.05911
2020-11-08,1.38344,4.5979e-14,9.53295e-19,5.32464e-14,1.71408,1.55319,2.15038
2020-11-09,1.34882,4.13345e-14,8.90608e-19,4.8005e-14,1.67886,1.52153,2.13
2020-11-10,1.41394,3.98382e-14,8.08698e-19,4.60646e-14,1.75543,1.57717,2.12566
2020-11-11,1.40495,3.42534e-14,7.06866e-19,4.11926e-14,1.73268,1.56469,2.17944
2020-11-12,1.3986,3.11294e-14,6.09696e-19,3.71849e-14,1.71997,1.55723,2.26388
2020-11-13,1.51374,3.16515e-14,5.86344e-19,3.76414e-14,1.85171,1.66041,2.26788
2020-11-14,1.47001,2.92111e-14,5.63022e-19,3.63202e-14,1.81499,1.62951,2.23311
2020-11-15,1.45609,2.58375e-14,4.99379e-19,3.24163e-14,1.7915,1.6035,2.21734
2020-11-16,1.51868,2.27269e-14,4.17751e-19,2.87196e-14,1.86109,1.67113,2.32247
2020-11-17,1.60976,2.21899e-14,3.81977e-19,2.66244e-14,2.01407,1.78636,2.4539
2020-11-18,1.57896,2.06558e-14,3.42046e-19,2.43968e-14,1.98868,1.75659,2.47012
2020-11-19,1.62134,1.87524e-14,2.94339e-19,2.2546e-14,2.06623,1.80936,2.47383
2020-11-20,1.68192,1.70737e-14,2.48791e-19,2.05349e-14,2.13735,1.89047,2.59234
2020-11-21,1.88642,1.57015e-14,2.29036e-19,1.8955e-14,2.29523,2.05285,2.59903
2020-11-22,1.84771,1.58825e-14,2.20757e-19,1.85732e-14,2.25772,2.02013,2.55882
2020-11-23,2.08843,1.6535e-14,2.28883e-19,1.91586e-14,2.49157,2.20991,2.55237
2020-11-24,2.11691,1.58134e-14,2.01891e-19,1.84341e-14,2.58899,2.30157,2.66243
2020-11-25,1.92409,1.37421e-14,1.61155e-19,1.63996e-14,2.3771,2.11886,2.60116
2020-11-26,1.74791,1.19266e-14,1.18897e-19,1.32027e-14,2.16461,1.9233,2.38305
2020-11-27,1.73417,1.19583e-14,1.10031e-19,1.35267e-14,2.17034,1.92268,2.38166
2020-11-28,1.82776,1.16912e-14,1.03191e-19,1.32155e-14,2.29646,2.02766,2.4623
2020-11-29,1.86969,1.09239e-14,9.48014e-20,1.24758e-14,2.36095,2.09384,2.52694
2020-11-30,1.99446,1.06835e-14,9.25308e-20,1.22956e-14,2.54127,2.25321,2.73689
2020-12-01,1.90455,1.02602e-14,7.66092e-20,1.17836e-14,2.37553,2.10778,2.60753
2020-12-02,1.9626,9.73792e-15,7.07115e-20,1.1187e-14,2.47472,2.19285,2.66855
2020-12-03,1.97595,8.82498e-15,6.05931e-20,1.01062e-14,2.49119,2.20871,2.69882
2020-12-04,1.84815,7.35433e-15,5.08504e-20,8.37237e-15,2.28562,2.02711,2.59163
2020-12-05,1.92191,7.2657e-15,4.90452e-20,8.12342e-15,2.4072,2.13376,2.66071
2020-12-06,1.9251,6.51464e-15,4.28833e-20,7.25296e-15,2.42012,2.14639,2.69013
2020-12-07,1.89669,5.73668e-15,3.58637e-20,6.4917e-15,2.3838,2.11382,2.66338
2020-12-08,1.78668,4.68041e-15,2.92643e-20,5.39047e-15,2.2177,1.96721,2.54627
2020-12-09,1.81865,4.34152e-15,2.46119e-20,4.87822e-15,2.2635,2.00843,2.57645
2020-12-10,1.77018,3.79555e-15,2.04522e-20,4.31988e-15,2.19455,1.94734,2.53662
2020-12-11,1.73379,3.38655e-15,1.7552e-20,3.84583e-15,2.14357,1.90214,2.50631
2020-12-12,1.77936,2.97545e-15,1.53949e-20,3.39996e-15,2.21583,1.96401,2.61361
2020-12-13,1.83854,2.80064e-15,1.36814e-20,3.21236e-15,2.30614,2.04365,2.66451
2020-12-14,1.83657,2.59032e-15,1.21451e-20,2.98023e-15,2.30746,2.04387,2.67815
2020-12-15,1.81562,2.25444e-15,9.89642e-21,2.55826e-15,2.28235,2.01976,2.69945
2020-12-16,1.98299,2.13881e-15,8.96883e-21,2.39912e-15,2.50096,2.21758,2.96473
2020-12-17,1.98126,2.10353e-15,7.55839e-21,2.34811e-15,2.52874,2.2389,3.16784
2020-12-18,2.01938,2.03196e-15,7.15215e-21,2.21986e-15,2.58923,2.2893,3.21094
2020-12-19,2.05034,1.8258e-15,6.06852e-21,2.01778e-15,2.6463,2.33274,3.31019
2020-12-20,2.02951,1.64363e-15,5.08063e-21,1.83154e-15,2.62434,2.31524,3.25932
2020-12-21,1.90607,1.4301e-15,4.16414e-21,1.59865e-15,2.4526,2.16489,3.15707
2020-12-22,1.93645,1.29007e-15,3.41554e-21,1.44614e-15,2.51478,2.20481,3.30868
2020-12-23,1.29463,7.82215e-16,2.1492e-21,8.66279e-16,2.17287,1.8648,3.22836
2020-12-24,1.51749,7.10621e-16,2.11689e-21,7.88145e-16,2.37279,2.06899,3.29735
2020-12-25,1.73315,7.68297e-16,2.00393e-21,8.46386e-16,2.45758,2.12636,3.43398
2020-12-26,1.695,7.44174e-16,1.90317e-21,7.9929e-16,2.46575,2.1149,3.68145
2020-12-27,1.71711,6.70428e-16,1.64255e-21,7.46179e-16,2.51051,2.15593,3.65203
2020-12-28,1.74629,5.67477e-16,1.48748e-21,6.24314e-16,2.61156,2.22135,3.76288
2020-12-29,1.71277,4.62651e-16,1.1906e-21,5.23113e-16,2.61261,2.20429,3.80535
2020-12-30,1.6077,3.84635e-16,9.85697e-22,4.46398e-16,2.61204,2.19019,4.01247
2020-12-31,1.5929,3.54884e-16,8.57639e-22,4.08011e-16,2.57601,2.17376,4.01915
2021-01-01,1.57731,3.17953e-16,7.29967e-22,3.70844e-16,2.58733,2.18401,4.07585
2021-01-02,1.63533,2.98792e-16,6.509e-22,3.38203e-16,2.67232,2.25787,4.47141
2021-01-03,1.82017,2.96737e-16,6.07715e-22,3.25492e-16,2.99782,2.52987,4.5856
2021-01-04,1.85506,2.50743e-16,5.01519e-22,2.78025e-16,3.05953,2.58486,4.44507
2021-01-05,1.95728,2.32121e-16,4.34637e-22,2.60855e-16,3.23871,2.72754,4.71754
2021-01-06,2.6414,2.89388e-16,4.8423e-22,3.25565e-16,3.85266,3.17713,5.10937
2021-01-07,2.60584,2.8742e-16,5.11416e-22,3.15373e-16,3.82981,3.20895,5.47941
2021-01-08,2.56368,2.58766e-16,4.19694e-22,2.90197e-16,3.774,3.16789,5.63928
2021-01-09,2.82367,2.48319e-16,3.83956e-22,2.61349e-16,4.05,3.40106,5.57055
2021-01-10,2.78159,2.29046e-16,3.46421e-22,2.3935e-16,3.87143,3.25986,5.30123
2021-01-11,2.49348,1.72175e-16,2.55117e-22,1.83191e-16,3.4421,2.89433,4.91971
2021-01-12,2.47095,1.61663e-16,2.2962e-22,1.76465e-16,3.41578,2.86394,4.73167
2021-01-13,2.76849,1.68905e-16,2.3284e-22,1.81983e-16,3.76311,3.17309,5.19303
2021-01-14,3.07589,1.66011e-16,2.31376e-22,1.77162e-16,3.99424,3.38583,5.43942
2021-01-15,3.05615,1.55129e-16,2.18386e-22,1.63606e-16,3.8514,3.26337,5.1056
2021-01-16,3.3943,1.72909e-16,2.05176e-22,1.86588e-16,4.08289,3.44673,5.00177
2021-01-17,3.41333,1.68387e-16,1.82475e-22,1.84482e-16,4.20724,3.53658,4.97865
2021-01-18,3.38974,1.52378e-16,1.6335e-22,1.68355e-16,4.21745,3.5654,5.09018
2021-01-19,3.37423,1.32552e-16,1.33901e-22,1.4587e-16,4.17612,3.53438,4.98739
2021-01-20,3.4105,1.27958e-16,1.24143e-22,1.3929e-16,4.24413,3.58234,4.92857
2021-01-21,2.93424,1.02901e-16,9.79634e-23,1.11102e-16,3.63526,3.08251,4.28685
2021-01-22,3.18694,1.03993e-16,9.28045e-23,1.17958e-16,3.94719,3.33117,4.57797
2021-01-23,3.28492,1.01098e-16,8.28587e-23,1.09531e-16,4.04951,3.39188,4.45747
2021-01-24,3.31348,9.46549e-17,7.44314e-23,1.0372e-16,4.12035,3.45495,4.48275
2021-01-25,3.21336,8.45008e-17,6.32634e-23,9.28889e-17,3.98363,3.35557,4.48196
2021-01-26,3.20717,7.8348e-17,5.59845e-23,8.67515e-17,3.98724,3.3563,4.51164
2021-01-27,2.96307,6.65259e-17,4.62277e-23,7.45963e-17,3.64499,3.07704,4.2196
2021-01-28,3.23327,6.77448e-17,4.4517e-23,7.5907e-17,4.01851,3.36995,4.63629
2021-01-29,3.18403,6.35836e-17,3.57604e-23,7.31028e-17,4.06978,3.43432,4.75959
2021-01-30,3.88157,6.63573e-17,3.44131e-23,7.56695e-17,4.38113,3.69898,4.76108
2021-01-31,3.81772,6.34807e-17,3.0051e-23,7.04789e-17,4.27695,3.61275,4.59851
2021-02-01,2.94626,4.21768e-17,1.88912e-23,4.60398e-17,4.39122,3.72569,4.65873
2021-02-02,2.96489,4.08811e-17,1.70989e-23,4.5511e-17,4.58405,3.89362,4.92829
2021-02-03,3.22456,4.21393e-17,1.57775e-23,4.71616e-17,4.91136,4.17228,5.22741
2021-02-04,3.26511,4.20383e-17,1.5336e-23,4.58764e-17,4.82197,4.11119,5.13262
2021-02-05,3.50978,3.95648e-17,1.39547e-23,4.39502e-17,5.28339,4.48226,5.32071
2021-02-06,3.50251,3.71184e-17,1.13051e-23,4.1848e-17,5.45155,4.59744,5.44531
2021-02-07,3.55119,3.31732e-17,9.67681e-24,3.6606e-17,5.35324,4.50482,5.39094
2021-02-08,3.86512,3.38651e-17,9.15865e-24,3.76082e-17,5.86241,4.94197,6.44412
2021-02-09,4.70059,3.49036e-17,8.14983e-24,3.79987e-17,6.31816,5.27896,6.45045
2021-02-10,5.48397,3.44095e-17,7.71421e-24,3.80522e-17,6.80667,5.54288,6.22634
2021-02-11,5.33366,3.06195e-17,6.63371e-24,3.55002e-17,6.9811,5.75186,6.66571
2021-02-12,5.58956,2.98243e-17,6.29961e-24,3.48535e-17,7.51791,6.22694,6.57095
2021-02-13,5.85847,2.82067e-17,6.14233e-24,3.41119e-17,7.77603,6.50255,6.55235
2021-02-14,5.86132,2.61638e-17,4.84204e-24,3.19333e-17,7.59063,6.34939,6.75023
2021-02-15,5.59385,2.54752e-17,4.29686e-24,3.07449e-17,7.46716,6.242,6.65759
2021-02-16,5.62486,2.41798e-17,3.94003e-24,2.94422e-17,7.49917,6.25496,6.82745
2021-02-17,6.14628,2.32916e-17,3.70808e-24,2.8864e-17,8.10802,6.65971,7.24241
2021-02-18,6.73276,2.20909e-17,3.41297e-24,2.656e-17,8.37516,6.75452,7.16361
2021-02-19,10.0618,2.05146e-17,3.80735e-24,2.72154e-17,10.001,7.46106,7.76855
2021-02-20,9.02281,1.60001e-17,2.92727e-24,2.1224e-17,9.39229,7.27361,7.75954
2021-02-21,9.31727,1.46106e-17,2.59647e-24,2.01417e-17,9.89526,7.51939,7.97734
2021-02-22,9.07725,1.27615e-17,1.90909e-24,1.70532e-17,9.26343,7.1003,7.51587
2021-02-23,8.16337,1.04536e-17,1.4772e-24,1.37164e-17,8.02484,6.12663,6.79376
2021-02-24,8.22484,9.7576e-18,1.396e-24,1.2932e-17,8.44076,6.35167,6.90287
2021-02-25,7.65172,7.67669e-18,1.13213e-24,1.04533e-17,7.98205,5.98179,6.54123
2021-02-26,7.88787,7.84533e-18,1.05162e-24,1.03542e-17,8.0285,5.99586,6.4305
2021-02-27,8.44053,6.92944e-18,9.00505e-25,9.28435e-18,8.28926,6.18111,6.40682
2021-02-28,8.19744,5.94529e-18,8.16821e-25,8.16825e-18,7.98905,5.95285,6.27192
2021-03-01,9.03239,5.55475e-18,7.33234e-25,7.81074e-18,8.62529,6.43416,6.89048
2021-03-02,8.80247,4.71138e-18,6.4097e-25,6.55984e-18,8.47781,6.32546,6.73118
2021-03-03,8.83813,4.53202e-18,5.97651e-25,6.15679e-18,8.72284,6.50563,6.99641
2021-03-04,8.7975,3.91644e-18,4.90909e-25,5.31801e-18,8.4587,6.30508,6.72193
2021-03-05,8.67288,3.87147e-18,4.18807e-25,5.02144e-18,8.36614,6.24327,6.7744
2021-03-06,8.70948,3.48399e-18,3.67196e-25,4.5699e-18,8.48454,6.3253,6.79254
2021-03-07,8.83881,3.18023e-18,3.19061e-25,4.12125e-18,8.75658,6.52479,7.08289
2021-03-08,9.17881,2.90218e-18,2.79962e-25,3.76133e-18,9.15533,6.80431,7.27791
2021-03-09,9.76834,2.68261e-18,2.56157e-25,3.52314e-18,9.58697,7.1394,7.6266
2021-03-10,9.30124,2.4418e-18,2.1406e-25,3.20194e-18,9.26416,6.8974,7.76099
2021-03-11,9.29178,2.30391e-18,1.94554e-25,2.97312e-18,9.32364,6.93319,8.028
2021-03-12,9.13038,2.03278e-18,1.56113e-25,2.62671e-18,9.0638,6.72732,7.95137
2021-03-13,9.49641,2.02798e-18,1.35679e-25,2.64753e-18,9.68343,7.19049,8.50257
2021-03-14,9.11941,1.83938e-18,1.14571e-25,2.37369e-18,9.21823,6.84785,8.19407
2021-03-15,8.75381,1.6405e-18,9.62294e-26,2.13261e-18,8.88256,6.60411,7.72674
2021-03-16,8.87258,1.5593e-18,8.59424e-26,2.04062e-18,9.23831,6.90598,7.90677
2021-03-17,9.10145,1.41645e-18,7.58268e-26,1.90622e-18,9.55533,7.1526,8.18638
2021-03-18,8.7192,1.19078e-18,5.74084e-26,1.62006e-18,9.28398,6.94689,8.01062
2021-03-19,8.81263,1.14091e-18,5.20976e-26,1.53001e-18,9.44444,7.07615,8.06368
2021-03-20,9.049,1.03523e-18,4.57675e-26,1.39057e-18,9.53227,7.13208,8.07372
2021-03-21,8.84868,9.47298e-19,3.88384e-26,1.24107e-18,9.36742,7.00934,7.96941
2021-03-22,8.55254,8.17068e-19,3.22126e-26,1.06509e-18,9.01252,6.73527,7.51525
2021-03-23,8.61578,7.67353e-19,2.96794e-26,1.00004e-18,8.972,6.70384,7.55105
2021-03-24,8.27599,6.68877e-19,2.31459e-26,8.86352e-19,8.37487,6.26321,7.26796
2021-03-25,8.2468,6.15308e-19,1.94613e-26,8.14861e-19,8.36132,6.25523,7.12764
2021-03-26,8.73929,6.18421e-19,1.8573e-26,7.89836e-19,9.10273,6.81438,7.6462
2021-03-27,8.67708,5.55645e-19,1.63185e-26,7.09647e-19,9.08182,6.79267,7.75619
2021-03-28,8.63328,5.10954e-19,1.44168e-26,6.48847e-19,9.04534,6.76571,7.7507
2021-03-29,8.82699,4.65901e-19,1.27339e-26,5.97953e-19,9.40803,7.0354,8.00886
2021-03-30,9.13094,4.29711e-19,1.08603e-26,5.40603e-19,9.58064,7.14976,8.16325
2021-03-31,8.98529,4.00172e-19,9.50837e-27,4.98285e-19,9.82575,7.33759,8.16241
2021-04-01,9.29486,3.15677e-19,6.95883e-27,4.06144e-19,9.93742,7.43357,8.15962
2021-04-02,9.34945,2.69567e-19,5.51872e-27,3.49302e-19,10.2098,7.63296,8.19152
2021-04-03,9.1842,2.42121e-19,4.56692e-27,3.09046e-19,9.77503,7.31187,7.92777
2021-04-04,9.25148,2.24822e-19,4.13974e-27,3.01578e-19,10.2699,7.68303,8.08758
2021-04-05,10.6731,2.08444e-19,3.44653e-27,2.82606e-19,10.9486,8.11586,8.21653
2021-04-06,11.846,1.74523e-19,2.95009e-27,2.57495e-19,11.2643,8.25045,8.05828
2021-04-07,11.5625,1.52081e-19,2.42373e-27,2.16669e-19,10.6547,7.92892,7.77513
2021-04-08,13.5675,1.56162e-19,2.47398e-27,2.24732e-19,11.4783,8.49077,8.07029
2021-04-09,12.706,1.44589e-19,2.42932e-27,2.22035e-19,11.6207,8.62414,8.07932
2021-04-10,14.8633,1.48137e-19,2.27297e-27,2.31233e-19,12.4534,9.06557,8.30535
2021-04-11,14.7728,1.3093e-19,2.02882e-27,1.94609e-19,12.6069,9.18636,8.33777
2021-04-12,17.4434,1.32257e-19,1.84562e-27,1.90479e-19,13.1091,9.46564,8.31798
2021-04-13,17.9352,1.19022e-19,1.62622e-27,1.7468e-19,13.8505,9.85683,8.8342
2021-04-14,17.548,1.08683e-19,1.47206e-27,1.59496e-19,13.9701,9.9271,8.74868
2021-04-15,17.7828,1.04352e-19,1.35207e-27,1.57736e-19,14.1127,10.1403,8.77653
2021-04-16,21.8277,1.00072e-19,1.38085e-27,1.53767e-19,14.0277,10.287,8.52292
2021-04-17,17.2436,7.95635e-20,1.12206e-27,1.22633e-19,13.5775,9.95434,8.33836
2021-04-18,16.0563,6.55474e-20,8.98657e-28,1.04478e-19,12.4316,9.11068,7.80245
2021-04-19,15.0285,5.99752e-20,7.35801e-28,9.67826e-20,11.88,8.70289,7.73063
2021-04-20,15.451,6.27696e-20,7.71778e-28,1.01566e-19,12.526,9.10768,7.84066
2021-04-21,14.6026,5.80386e-20,6.54335e-28,9.10351e-20,12.0347,8.79932,7.47418
2021-04-22,13.8746,5.05306e-20,5.85927e-28,8.01994e-20,11.3381,8.33846,7.18284
2021-04-23,13.2303,4.76572e-20,5.04352e-28,7.3715e-20,11.2525,8.24121,7.10422
2021-04-24,12.1846,4.36469e-20,4.37653e-28,6.87933e-20,10.4359,7.66333,6.95452
2021-04-25,11.9187,3.78582e-20,3.99637e-28,6.04236e-20,10.5032,7.71722,6.81819
2021-04-26,13.9319,3.79171e-20,4.06518e-28,6.00202e-20,12.1226,8.85566,7.50389
2021-04-27,14.1341,3.63692e-20,3.81399e-28,5.66832e-20,12.6747,9.2577,7.64432
2021-04-28,13.8211,3.63438e-20,3.33026e-28,5.61688e-20,12.6943,9.31163,7.62129
2021-04-29,13.342,3.2944e-20,3.00933e-28,5.11219e-20,12.8903,9.41061,7.44187
2021-04-30,13.6438,2.97772e-20,2.85026e-28,4.7065e-20,13.6578,9.90966,8.01705
2021-05-01,14.6801,2.81019e-20,2.71344e-28,4.51456e-20,13.8941,10.0794,8.03179
2021-05-02,13.9531,2.46652e-20,2.22601e-28,4.03248e-20,13.5491,9.83104,7.86196
2021-05-03,15.0496,2.29641e-20,2.04633e-28,3.77189e-20,14.2218,10.2666,7.94411
2021-05-04,17.9625,2.01228e-20,1.6758e-28,3.38444e-20,13.5698,9.68415,7.39254
2021-05-05,20.9702,2.01403e-20,1.64787e-28,3.07042e-20,15.3963,10.9593,7.98118
2021-05-06,21.0873,2.06794e-20,1.48117e-28,3.04271e-20,15.3953,11.0635,7.83632
2021-05-07,22.1973,2.02098e-20,1.4333e-28,2.96572e-20,15.7351,11.2191,7.96432
2021-05-08,23.1052,1.75509e-20,1.28394e-28,2.50576e-20,15.6218,11.1844,8.17933
2021-05-09,20.4966,1.6814e-20,1.09229e-28,2.34187e-20,15.4165,11.1214,8.093
2021-05-10,19.6044,1.44823e-20,9.65293e-29,2.1042e-20,13.9365,10.0724,7.75607
2021-05-11,20.0254,1.62689e-20,9.76798e-29,2.35082e-20,14.8254,10.7063,7.87473
2021-05-12,17.7615,1.24968e-20,7.59294e-29,1.80593e-20,12.7495,9.18453,6.89665
2021-05-13,20.2527,1.211e-20,7.0576e-29,1.75535e-20,13.6385,9.75156,6.90216
2021-05-14,22.4738,1.20897e-20,6.79508e-29,1.75498e-20,14.3874,10.2065,6.92584
2021-05-15,20.5391,9.77546e-21,5.57669e-29,1.41167e-20,13.8535,9.8214,6.49807
2021-05-16,19.9469,8.44629e-21,4.68335e-29,1.2138e-20,14.0223,9.95359,6.452
2021-05-17,19.5354,7.46729e-21,3.85328e-29,1.03299e-20,13.0617,9.30285,6.04994
2021-05-18,18.9716,6.69178e-21,3.53036e-29,9.32152e-21,13.1427,9.37257,5.9543
2021-05-19,16.019,4.06779e-21,2.5768e-29,6.60611e-21,9.18843,6.53787,5.09836
2021-05-20,17.9385,4.0881e-21,2.59082e-29,6.82376e-21,10.7019,7.58649,5.63148
2021-05-21,15.6431,3.83161e-21,2.38318e-29,6.37318e-21,9.40642,6.66556,5.17644
2021-05-22,15.1315,3.39995e-21,2.21005e-29,5.54384e-21,8.89997,6.30453,5.20392
2021-05-23,12.169,2.77816e-21,1.78522e-29,4.44679e-21,7.84635,5.51104,4.81561
2021-05-24,14.9982,3.12361e-21,2.00516e-29,4.97903e-21,9.53575,6.73817,5.39104
2021-05-25,14.4912,2.85085e-21,1.70616e-29,4.54011e-21,9.48458,6.7205,5.32551
2021-05-26,16.7967,3.06155e-21,1.66811e-29,4.77319e-21,10.4057,7.44236,5.45296
2021-05-27,15.2453,2.86702e-21,1.62373e-29,4.41605e-21,9.80846,7.00182,5.35404
2021-05-28,13.6493,2.25255e-21,1.35038e-29,3.55087e-21,8.92861,6.37117,4.95571
2021-05-29,12.7823,1.94344e-21,1.2108e-29,3.10232e-21,8.45286,6.03433,4.80865
2021-05-30,13.2567,1.74627e-21,1.06854e-29,2.888e-21,8.87782,6.31322,4.95263
2021-05-31,14.283,1.5906e-21,9.59068e-30,2.63558e-21,9.65799,6.83368,5.1767
2021-06-01,13.9733,1.48563e-21,8.27136e-30,2.33512e-21,9.6083,6.79482,5.09879
2021-06-02,15.1977,1.42437e-21,7.40803e-30,2.22998e-21,10.0766,7.10594,5.22046
2021-06-03,15.4068,1.31154e-21,6.72949e-30,2.08216e-21,10.3513,7.30999,5.45364
2021-06-04,14.9187,1.17014e-21,5.5111e-30,1.85381e-21,9.57633,6.76046,5.11767
2021-06-05,14.592,9.97442e-22,4.79327e-30,1.60707e-21,9.27216,6.5381,4.93483
2021-06-06,14.5673,9.52306e-22,4.3442e-30,1.55091e-21,9.42291,6.64828,4.97417
2021-06-07,14.0793,8.0033e-22,3.50822e-30,1.26927e-21,8.63286,6.09283,4.66242
2021-06-08,14.1478,7.42329e-22,3.19137e-30,1.20973e-21,8.54274,6.03089,4.63852
2021-06-09,14.8083,6.80706e-22,2.91335e-30,1.08699e-21,9.05792,6.392,5.19536
2021-06-10,14.3955,6.04188e-22,2.38984e-30,9.74699e-22,8.58689,6.05276,5.09637
2021-06-11,14.0855,5.24275e-22,2.08155e-30,8.56592e-22,8.28197,5.82953,5.18757
2021-06-12,13.9956,5.02756e-22,1.94072e-30,8.1915e-22,8.22733,5.80279,4.93941
2021-06-13,14.748,4.76565e-22,1.74777e-30,7.87948e-22,8.76166,6.18098,5.42221
2021-06-14,15.2139,4.55146e-22,1.50419e-30,7.53908e-22,9.10398,6.41524,5.63005
2021-06-15,14.39,4.06007e-22,1.31857e-30,6.78929e-22,8.94366,6.30969,5.57832
2021-06-16,14.1322,3.49175e-22,1.06775e-30,5.89768e-22,8.47465,5.97472,5.32889
2021-06-17,13.9409,3.25154e-22,9.65274e-31,5.48133e-22,8.48362,5.98418,5.29331
2021-06-18,13.6486,2.85752e-22,8.00007e-31,4.81723e-22,8.02078,5.65419,4.97744
2021-06-19,13.4867,2.60647e-22,6.92249e-31,4.39594e-22,7.80201,5.49766,4.93073
2021-06-20,13.3236,2.34717e-22,6.03356e-31,4.03229e-22,7.91487,5.57941,4.94691
2021-06-21,13.3856,1.79177e-22,4.66797e-31,3.23634e-22,6.23995,4.38475,4.3923
2021-06-22,14.1493,1.49165e-22,3.73236e-31,2.76099e-22,6.09623,4.27598,4.51745
2021-06-23,15.2717,1.46408e-22,3.60344e-31,2.72174e-22,6.71506,4.7264,4.67983
2021-06-24,15.5926,1.50462e-22,3.34049e-31,2.73376e-22,7.06137,4.97261,4.8167
2021-06-25,14.5732,1.22243e-22,2.64392e-31,2.16738e-22,6.37788,4.48832,4.3889
2021-06-26,14.4588,1.18294e-22,2.48239e-31,2.13411e-22,6.47548,4.55836,4.48606
2021-06-27,14.543,1.03748e-22,2.19956e-31,1.89674e-22,6.84947,4.81507,4.82188
2021-06-28,14.5633,9.34438e-23,1.92764e-31,1.70471e-22,6.90764,4.86287,4.79333
2021-06-29,16.6261,8.93664e-23,1.80001e-31,1.64105e-22,7.37724,5.20853,4.99021
2021-06-30,16.7598,7.88453e-23,1.66504e-31,1.45236e-22,7.39425,5.22367,4.86977
2021-07-01,15.6739,6.88022e-23,1.35257e-31,1.24416e-22,6.94225,4.90428,4.65573
2021-07-02,15.7492,6.28267e-23,1.21259e-31,1.11531e-22,7.03834,4.97142,4.6949
2021-07-03,15.8118,5.69061e-23,1.07692e-31,1.00401e-22,7.19115,5.07932,4.81754
2021-07-04,15.8993,5.15766e-23,9.65715e-32,9.12725e-23,7.35316,5.19247,4.90333
2021-07-05,15.5763,4.71668e-23,8.46183e-32,8.31031e-23,7.02006,4.95624,4.6815
2021-07-06,15.73,4.28205e-23,7.5719e-32,7.80522e-23,7.26398,5.12757,4.75513
2021-07-07,15.8836,3.84459e-23,6.61277e-32,7.12746e-23,7.28949,5.14152,4.7054
2021-07-08,15.5036,3.24316e-23,5.52554e-32,5.91034e-23,6.79748,4.79467,4.56833
2021-07-09,15.5201,2.9467e-23,4.69336e-32,5.36706e-23,6.92684,4.8876,4.69897
2021-07-10,15.3271,2.74472e-23,3.97864e-32,5.05319e-23,6.78255,4.78339,4.65548
2021-07-11,15.4057,2.48017e-23,3.49875e-32,4.63638e-23,6.89203,4.85994,4.76055
2021-07-12,15.1393,2.1371e-23,2.94815e-32,3.98693e-23,6.65261,4.68907,4.59764
2021-07-13,14.9376,1.85449e-23,2.4045e-32,3.43171e-23,6.40802,4.51314,4.54805
2021-07-14,14.8937,1.79128e-23,2.13051e-32,3.31327e-23,6.45085,4.54332,4.56059
2021-07-15,14.6045,1.63561e-23,1.7938e-32,3.00087e-23,6.19473,4.35416,4.42997
2021-07-16,14.181,1.35935e-23,1.46871e-32,2.51621e-23,5.89884,4.13858,4.36103
2021-07-17,14.2158,1.25872e-23,1.33363e-32,2.36232e-23,5.97357,4.19809,4.37995
2021-07-18,14.074,1.17544e-23,1.15151e-32,2.21655e-23,5.9673,4.19059,4.41587
2021-07-19,13.8304,1.004e-23,9.55005e-33,1.87978e-23,5.61158,3.93685,4.2854
2021-07-20,13.4071,8.95577e-24,7.43517e-33,1.67894e-23,5.36711,3.76681,4.13959
2021-07-21,14.921,8.4273e-24,7.4564e-33,1.68024e-23,6.03062,4.24574,4.46672
2021-07-22,14.9247,8.4305e-24,6.91401e-33,1.68065e-23,6.11985,4.31036,4.48664
2021-07-23,14.8794,7.56441e-24,6.09472e-33,1.50646e-23,6.30802,4.44188,4.67371
2021-07-24,14.9498,7.12462e-24,5.37574e-33,1.39316e-23,6.3792,4.4896,4.76043
2021-07-25,14.8127,6.64579e-24,4.73371e-33,1.30263e-23,6.38478,4.48982,4.91646
2021-07-26,14.933,6.14356e-24,4.34189e-33,1.21157e-23,6.53745,4.59487,5.17445
2021-07-27,14.8558,5.72647e-24,4.08708e-33,1.11554e-23,6.70895,4.7074,5.48297
2021-07-28,14.5386,5.48979e-24,3.56312e-33,1.06301e-23,6.79558,4.7604,5.56102
2021-07-29,14.8056,5.08642e-24,3.15035e-33,9.8902e-24,6.96068,4.88149,5.56059
2021-07-30,14.8191,4.68427e-24,2.85706e-33,9.2798e-24,7.1448,5.00582,5.86489
2021-07-31,15.2519,4.15331e-24,2.57541e-33,8.27225e-24,7.31294,5.12269,5.76143
2021-08-01,14.5532,3.54156e-24,2.22116e-33,7.08666e-24,7.16097,5.01334,5.53682
2021-08-02,14.0941,3.17095e-24,1.8672e-33,6.35351e-24,7.23186,5.06697,5.43988
2021-08-03,13.8446,2.90194e-24,1.66273e-33,5.78271e-24,7.10153,4.97329,5.30916
2021-08-04,14.1475,2.61602e-24,1.45824e-33,5.2038e-24,7.44999,5.21795,5.51984
2021-08-05,14.0341,2.45294e-24,1.26205e-33,4.84399e-24,7.49342,5.24816,5.67815
2021-08-06,14.0562,2.17464e-24,1.11034e-33,4.31764e-24,7.65412,5.35792,5.95251
2021-08-07,16.3305,2.14313e-24,1.09825e-33,4.33045e-24,8.1819,5.72278,6.19369
2021-08-08,15.6876,1.93693e-24,9.3726e-34,3.80608e-24,7.80429,5.46873,6.08556
2021-08-09,16.0085,1.81244e-24,8.85878e-34,3.60985e-24,8.16814,5.72319,6.42726
2021-08-10,20.4266,1.7097e-24,8.41761e-34,3.27366e-24,8.72944,6.107,6.33438
2021-08-11,21.3686,1.57126e-24,6.68666e-34,2.98427e-24,9.27501,6.5012,6.3241
2021-08-12,19.6273,1.43036e-24,5.70407e-34,2.56445e-24,9.09426,6.37185,6.16958
2021-08-13,21.4824,1.46082e-24,5.45714e-34,2.55978e-24,10.0354,7.02762,6.64217
2021-08-14,23.6535,1.41967e-24,5.03348e-34,2.44963e-24,10.1289,7.07452,6.54053
2021-08-15,24.8824,1.3011e-24,4.28756e-34,2.20815e-24,10.3634,7.23687,6.52737
2021-08-16,24.1041,1.13101e-24,3.52316e-34,1.91946e-24,10.0795,7.05588,6.37833
2021-08-17,21.8133,9.73531e-25,3.00274e-34,1.66927e-24,9.70451,6.79033,6.21084
2021-08-18,21.1079,9.20576e-25,2.71572e-34,1.60549e-24,9.78157,6.83666,6.21214
2021-08-19,22.2399,9.42652e-25,2.56848e-34,1.6568e-24,10.5798,7.38323,6.49774
2021-08-20,22.983,8.67028e-25,2.24397e-34,1.57384e-24,10.9767,7.67612,6.85373
2021-08-21,22.274,7.71353e-25,1.88051e-34,1.39276e-24,10.8798,7.60367,6.78417
2021-08-22,22.4532,7.21532e-25,1.67565e-34,1.28627e-24,11.0719,7.71692,6.84216
2021-08-23,22.8935,6.69175e-25,1.48117e-34,1.18161e-24,11.3876,7.9277,6.87685
2021-08-24,21.6097,5.8187e-25,1.2297e-34,1.00163e-24,10.4934,7.31227,6.62467
2021-08-25,21.5298,5.73244e-25,1.14998e-34,9.70599e-25,10.8122,7.53925,6.80521
2021-08-26,20.3996,4.87712e-25,9.59615e-35,8.04231e-25,10.0668,7.01998,6.50931
2021-08-27,21.9459,4.89432e-25,9.01209e-35,8.16817e-25,10.9657,7.61669,6.81863
2021-08-28,20.8998,4.28793e-25,7.59181e-35,7.04654e-25,10.7522,7.4733,6.79438
2021-08-29,20.8054,3.86836e-25,6.5912e-35,6.29841e-25,10.7326,7.44778,6.77666
2021-08-30,19.6357,3.2457e-25,5.5261e-35,5.33298e-25,10.3544,7.1932,6.52863
2021-08-31,22.3785,3.02271e-25,4.86544e-35,5.03907e-25,10.8246,7.51319,6.54502
2021-09-01,22.2606,2.89919e-25,4.14833e-35,4.79861e-25,11.3875,7.9046,6.78259
2021-09-02,22.3241,2.59576e-25,3.79449e-35,4.31873e-25,11.5095,7.98943,6.84319
2021-09-03,24.0795,2.39042e-25,3.25574e-35,3.94454e-25,11.8947,8.2463,6.94776
2021-09-04,22.1043,2.09666e-25,2.81528e-35,3.45651e-25,12.0654,8.36649,6.93615
2021-09-05,21.9645,1.88525e-25,2.3929e-35,3.11753e-25,12.3319,8.56441,7.19201
2021-09-06,22.8336,1.7043e-25,2.09682e-35,2.84647e-25,12.486,8.64727,7.31805
2021-09-07,23.2291,1.36175e-25,1.58595e-35,2.36119e-25,10.8681,7.47169,6.51207
2021-09-08,21.8382,1.42049e-25,1.40558e-35,2.42399e-25,11.0192,7.53884,6.39876
2021-09-09,22.567,1.28593e-25,1.25483e-35,2.22146e-25,11.0917,7.60981,6.44696
2021-09-10,22.3261,1.11751e-25,1.04481e-35,1.91518e-25,10.6011,7.27779,6.23237
2021-09-11,21.9104,1.0441e-25,9.33157e-36,1.80993e-25,10.8994,7.50181,6.27723
2021-09-12,22.4022,9.3065e-26,8.14353e-36,1.606e-25,11.1582,7.70082,6.39555
2021-09-13,21.172,8.95072e-26,7.22042e-36,1.49949e-25,10.6639,7.35071,6.24485
2021-09-14,20.8118,8.25521e-26,6.31109e-36,1.42003e-25,10.9062,7.54916,6.5465
2021-09-15,20.3867,7.4428e-26,5.48814e-36,1.26925e-25,11.1953,7.76667,6.68683
2021-09-16,19.5759,6.63547e-26,4.64137e-36,1.14492e-25,10.9278,7.58587,6.63353
2021-09-17,18.6269,5.83809e-26,3.88298e-36,9.97635e-26,10.6481,7.39643,6.57268
2021-09-18,19.133,5.3391e-26,3.53298e-36,8.81944e-26,10.9454,7.56069,6.71064
2021-09-19,18.3102,4.50854e-26,2.94898e-36,7.47423e-26,10.5184,7.29009,6.56459
2021-09-20,17.6098,3.65972e-26,2.3788e-36,6.14039e-26,9.25682,6.42451,5.97734
2021-09-21,16.6005,3.10113e-26,1.89204e-36,5.26928e-26,8.69511,6.03826,5.66035
2021-09-22,18.2184,3.3221e-26,2.0493e-36,5.77367e-26,9.97655,6.92038,6.05071
2021-09-23,18.2962,3.21234e-26,1.84305e-36,5.49599e-26,10.2308,7.09624,6.23437
2021-09-24,16.9262,2.92037e-26,1.43818e-36,4.89217e-26,9.65287,6.70011,5.94885
2021-09-25,16.6111,2.66063e-26,1.28484e-36,4.48089e-26,9.52486,6.6186,5.9294
2021-09-26,16.2742,2.41726e-26,1.0585e-36,4.08824e-26,9.46155,6.57239,5.99753
2021-09-27,15.7895,2.11045e-26,9.06421e-37,3.5881e-26,9.24439,6.41259,5.85669
2021-09-28,15.4722,1.93537e-26,7.90777e-37,3.34145e-26,9.0633,6.28288,5.70094
2021-09-29,15.4276,1.77237e-26,7.05843e-37,3.11988e-26,9.32681,6.47423,5.77011
2021-09-30,14.8023,1.6701e-26,6.22618e-37,2.94789e-26,9.74731,6.75847,6.08969
2021-10-01,16.3007,1.61651e-26,5.76732e-37,2.854e-26,10.7836,7.4718,6.68963
2021-10-02,15.8789,1.42313e-26,5.036e-37,2.48552e-26,10.8782,7.53759,6.61922
2021-10-03,15.7757,1.33888e-26,4.51148e-37,2.24513e-26,10.9537,7.58858,6.69775
2021-10-04,15.4531,1.27361e-26,3.82311e-37,2.10381e-26,10.7485,7.44467,6.84018
2021-10-05,15.4974,1.14877e-26,3.33946e-37,1.90906e-26,10.9539,7.58423,7.15242
2021-10-06,15.8464,1.02402e-26,2.88149e-37,1.71712e-26,11.0775,7.647,7.68644
2021-10-07,18.6199,9.97631e-27,2.71851e-37,1.72342e-26,11.4895,7.89858,7.47386
2021-10-08,21.0267,9.79952e-27,2.58582e-37,1.67422e-26,11.7598,8.03191,7.49696
2021-10-09,20.9717,8.626e-27,2.26595e-37,1.45502e-26,11.8416,8.12118,7.63568
2021-10-10,19.3675,7.16928e-27,1.88914e-37,1.2162e-26,11.2648,7.72738,7.59529
2021-10-11,20.1199,7.09568e-27,1.71267e-37,1.1902e-26,11.6438,7.92091,7.98609
2021-10-12,19.1406,6.42147e-27,1.42699e-37,1.06943e-26,11.4316,7.82701,7.78121
2021-10-13,20.409,6.39328e-27,1.4269e-37,1.07521e-26,11.7377,8.04516,7.97159
2021-10-14,19.8695,5.89066e-27,1.29074e-37,9.59247e-27,11.8444,8.12681,7.96894
2021-10-15,19.6456,5.48663e-27,1.13666e-37,8.93048e-27,12.0521,8.27727,8.56986
2021-10-16,19.2398,4.80074e-27,9.742e-38,7.86367e-27,12.0564,8.25849,8.45913
2021-10-17,19.9777,4.2949e-27,8.69081e-38,6.97849e-27,12.1341,8.26932,8.54984
2021-10-18,19.4215,3.88498e-27,7.35693e-38,6.24161e-27,11.984,8.17722,8.61675
2021-10-19,19.6008,3.64903e-27,6.83014e-38,5.82538e-27,12.2026,8.29891,8.93229
2021-10-20,20.441,3.35682e-27,5.83534e-38,5.34828e-27,12.8738,8.77056,9.17141
2021-10-21,20.3527,2.9394e-27,5.23007e-38,4.73759e-27,12.444,8.51636,8.64222
2021-10-22,21.6833,2.75846e-27,4.61264e-38,4.3757e-27,12.8884,8.77051,8.4331
2021-10-23,21.0166,2.5972e-27,3.96326e-38,4.13527e-27,12.943,8.817,8.51628
2021-10-24,21.0639,2.28324e-27,3.30173e-38,3.62265e-27,12.8917,8.74055,8.45589
2021-10-25,21.4894,2.29909e-27,2.93097e-38,3.654e-27,13.5317,9.11534,8.76529
2021-10-26,21.2613,2.00105e-27,2.55244e-38,3.19224e-27,13.4231,9.0154,8.38316
2021-10-27,20.1789,1.91309e-27,2.21926e-38,2.87376e-27,12.5064,8.32969,8.11701
2021-10-28,21.4565,1.87063e-27,2.02897e-38,2.76241e-27,12.9465,8.70963,8.41749
2021-10-29,21.7888,1.79704e-27,1.87126e-38,2.64385e-27,13.2818,8.95626,8.65064
2021-10-30,21.3092,1.60145e-27,1.65454e-38,2.38538e-27,12.9427,8.77,8.59582
2021-10-31,20.8218,1.44185e-27,1.41916e-38,2.16207e-27,13.2291,8.94488,8.51809
2021-11-01,21.5699,1.45836e-27,1.40172e-38,2.21488e-27,13.4867,9.10153,8.46407
2021-11-02,21.3946,1.37972e-27,1.22739e-38,2.06585e-27,13.8296,9.33571,8.78491
2021-11-03,21.508,1.11523e-27,1.04791e-38,1.65564e-27,13.8865,9.34553,8.73996
2021-11-04,21.1096,9.29264e-28,8.34185e-39,1.41013e-27,13.6749,9.18753,8.53132
2021-11-05,24.2915,9.29977e-28,7.38497e-39,1.37908e-27,13.7864,9.3179,8.46769
2021-11-06,23.2699,8.21015e-28,5.83547e-39,1.25579e-27,14.0255,9.46168,8.54182
2021-11-07,23.191,7.4777e-28,5.28869e-39,1.13411e-27,14.1985,9.58258,8.79236
2021-11-08,23.4231,6.79458e-28,4.36827e-39,1.05649e-27,14.7064,9.93336,9.38324
2021-11-09,23.1934,6.06143e-28,3.50249e-39,9.1991e-28,14.3715,9.71091,9.3029
2021-11-10,21.4887,5.33374e-28,2.80042e-39,8.26936e-28,13.5973,9.17733,9.01592
2021-11-11,21.2186,4.90838e-28,2.43789e-39,7.79321e-28,13.8322,9.35759,9.00089
2021-11-12,19.6258,4.3013e-28,2.00903e-39,6.67505e-28,13.5903,9.18633,8.91028
2021-11-13,19.8271,3.86948e-28,1.75361e-39,6.0976e-28,13.7608,9.28606,8.9461
2021-11-14,18.9691,3.3682e-28,1.46443e-39,5.39353e-28,13.7583,9.2916,9.10439
2021-11-15,18.3539,2.88295e-28,1.2067e-39,4.6689e-28,13.4894,9.11004,8.83866
2021-11-16,17.1436,2.47418e-28,9.46389e-40,4.05634e-28,12.4265,8.38341,8.34565
2021-11-17,17.0792,2.28503e-28,8.58897e-40,3.79687e-28,12.4747,8.41149,8.38539
2021-11-18,15.8057,1.85613e-28,6.74476e-40,3.01714e-28,11.4682,7.71307,7.90554
2021-11-19,17.3886,1.91992e-28,6.79476e-40,3.10513e-28,12.3865,8.36806,8.06682
2021-11-20,16.9851,1.79232e-28,5.83534e-40,2.86233e-28,12.5528,8.46056,8.29683
2021-11-21,16.8503,1.57131e-28,5.05566e-40,2.47273e-28,12.2473,8.22983,8.14599
2021-11-22,15.3802,1.40801e-28,4.48361e-40,2.23617e-28,11.7399,7.89518,7.81599
2021-11-23,17.0683,1.43333e-28,4.54781e-40,2.28483e-28,12.1993,8.20759,7.99581
2021-11-24,17.5119,1.28873e-28,3.92811e-40,2.05447e-28,11.8879,7.98696,7.93982
2021-11-25,16.2818,1.24395e-28,3.4528e-40,2.09212e-28,12.2751,8.26305,8.19301
2021-11-26,14.7658,9.68173e-29,2.63365e-40,1.65807e-28,11.0615,7.44184,7.46573
2021-11-27,14.5825,9.05411e-29,2.40327e-40,1.54272e-28,11.1765,7.51507,7.60392
2021-11-28,14.7157,7.96415e-29,2.1158e-40,1.41168e-28,11.4783,7.70596,7.9588
2021-11-29,15.4074,7.47362e-29,1.87097e-40,1.32764e-28,11.8409,7.98028,8.02847
2021-11-30,15.7677,6.52536e-29,1.63088e-40,1.12715e-28,11.9427,8.0515,7.91373
2021-12-01,15.7515,5.56511e-29,1.32854e-40,9.60333e-29,11.8407,7.97716,7.94618
2021-12-02,15.0432,4.88093e-29,1.09697e-40,8.25747e-29,11.5811,7.79552,7.84839
2021-12-03,13.6935,4.21024e-29,9.62421e-41,7.15101e-29,10.8573,7.31452,7.44829
2021-12-04,13.3236,3.1522e-29,8.07398e-41,5.71563e-29,10.2145,6.89208,6.83013
2021-12-05,12.3532,2.80664e-29,6.79224e-41,4.98251e-29,9.81407,6.61684,6.86401
2021-12-06,12.4412,2.71189e-29,6.18674e-41,5.01418e-29,10.0484,6.77958,7.00931
2021-12-07,12.4332,2.36421e-29,5.17206e-41,4.32104e-29,9.99959,6.75052,7.02974
2021-12-08,12.2313,2.17419e-29,4.78001e-41,3.94015e-29,10.1952,6.87852,7.01338
2021-12-09,11.1775,1.83144e-29,3.80757e-41,3.27462e-29,9.56228,6.45165,6.60684
2021-12-10,10.4163,1.67108e-29,3.09931e-41,2.92319e-29,9.10675,6.14405,6.55055
2021-12-11,10.7567,1.5481e-29,2.86069e-41,2.80372e-29,9.52778,6.43341,6.86313
2021-12-12,10.9292,1.44417e-29,2.40793e-41,2.63732e-29,9.79675,6.62509,6.95539
2021-12-13,9.66628,1.1464e-29,1.8278e-41,2.1274e-29,8.84736,5.97611,6.48972
2021-12-14,9.91361,1.04933e-29,1.62035e-41,1.96714e-29,9.0917,6.14239,6.71769
2021-12-15,10.5446,9.52198e-30,1.42473e-41,1.73147e-29,9.55914,6.46242,6.79018
2021-12-16,10.1908,8.30161e-30,1.16602e-41,1.44792e-29,9.2791,6.2681,6.6189
2021-12-17,10.498,7.47646e-30,1.00557e-41,1.31264e-29,9.22124,6.21412,6.4103
2021-12-18,10.6492,7.08413e-30,9.31926e-42,1.23474e-29,9.56999,6.45313,6.50802
2021-12-19,10.297,6.21454e-30,7.74282e-42,1.0701e-29,9.35412,6.30715,6.48673
2021-12-20,10.1778,5.50621e-30,6.81148e-42,9.47997e-30,9.39536,6.32665,6.5191
2021-12-21,10.5893,5.17353e-30,6.05192e-42,8.73921e-30,9.79992,6.59333,6.79364
2021-12-22,10.5464,4.6163e-30,5.20659e-42,7.91152e-30,9.84768,6.64666,6.75171
2021-12-23,11.519,4.32796e-30,4.88283e-42,7.60333e-30,10.5874,7.16369,7.06446
2021-12-24,10.843,3.64306e-30,3.89499e-42,6.33269e-30,10.1738,6.88516,7.06184
2021-12-25,11.147,3.32874e-30,3.71412e-42,5.82619e-30,10.4928,7.10352,7.00344
2021-12-26,11.2281,3.05613e-30,3.16326e-42,5.30726e-30,10.6357,7.20811,7.05566
2021-12-27,11.0725,2.67024e-30,2.70979e-42,4.68167e-30,10.5728,7.16802,7.04537
2021-12-28,9.93683,2.15505e-30,2.21282e-42,3.80655e-30,9.71874,6.58321,6.60658
2021-12-29,9.46611,1.86563e-30,1.93299e-42,3.32717e-30,9.40302,6.36844,6.45664
2021-12-30,9.47965,1.67043e-30,1.72488e-42,3.00348e-30,9.5189,6.44715,6.54782
2021-12-31,9.45278,1.52005e-30,1.51484e-42,2.72353e-30,9.47491,6.41211,6.42221
2022-01-01,9.73357,1.42243e-30,1.35486e-42,2.55158e-30,9.77623,6.61497,6.63144
2022-01-02,9.66027,1.26045e-30,1.16162e-42,2.27198e-30,9.72775,6.58182,6.57079
2022-01-03,9.36753,1.09649e-30,9.7183e-43,1.96283e-30,9.44775,6.39109,6.45406
2022-01-04,9.14141,1.00687e-30,8.42685e-43,1.80066e-30,9.24722,6.25387,6.36872
2022-01-05,8.43294,8.81264e-31,6.89741e-43,1.54878e-30,8.57441,5.79732,6.03788
2022-01-06,8.29635,7.56663e-31,5.99148e-43,1.33803e-30,8.59813,5.81719,5.98663
2022-01-07,7.65611,6.34648e-31,4.93151e-43,1.09335e-30,8.00024,5.40625,5.77599
2022-01-08,7.29583,5.28928e-31,3.98783e-43,9.39944e-31,7.76645,5.24364,5.79173
2022-01-09,7.51146,5.07852e-31,3.63636e-43,8.83823e-31,7.99673,5.40352,5.81742
2022-01-10,7.12783,4.50351e-31,3.00262e-43,7.91748e-31,7.70653,5.2018,5.81157
2022-01-11,7.55099,4.06384e-31,2.63562e-43,7.33158e-31,8.14877,5.49895,5.93758
2022-01-12,7.98574,3.90556e-31,2.49668e-43,6.99794e-31,8.71069,5.89005,6.10062
2022-01-13,7.55524,3.3364e-31,2.07018e-43,6.08093e-31,8.30793,5.61278,5.91407
2022-01-14,7.64003,3.12497e-31,1.87148e-43,5.64581e-31,8.46395,5.71389,5.98352
2022-01-15,7.72582,2.81372e-31,1.64706e-43,5.08311e-31,8.57464,5.7872,5.9869
2022-01-16,7.67679,2.51471e-31,1.39945e-43,4.60495e-31,8.56992,5.78228,5.98515
2022-01-17,7.20447,2.05304e-31,1.1128e-43,3.77013e-31,8.1068,5.46735,5.86425
2022-01-18,7.1165,1.82341e-31,1.02426e-43,3.37033e-31,8.03584,5.41623,5.88516
2022-01-19,6.85106,1.65198e-31,8.75212e-44,2.99947e-31,7.79792,5.2441,5.78899
2022-01-20,6.52735,1.38314e-31,7.12706e-44,2.52611e-31,7.48199,5.02569,5.65293
2022-01-21,5.50132,1.07404e-31,5.52068e-44,1.93876e-31,6.45027,4.32543,5.06436
2022-01-22,4.67595,8.71166e-32,4.35792e-44,1.6281e-31,5.93182,3.95727,4.87345
2022-01-23,4.95285,9.11729e-32,3.90625e-44,1.70323e-31,6.31365,4.21272,5.03646
2022-01-24,4.61996,8.25897e-32,3.26221e-44,1.5158e-31,6.048,4.02725,5.09424
2022-01-25,4.62777,7.65014e-32,2.94443e-44,1.39725e-31,6.09788,4.06569,5.13565
2022-01-26,4.58345,7.09464e-32,2.36634e-44,1.29593e-31,6.08817,4.08018,5.11494
2022-01-27,4.47416,5.94629e-32,2.0069e-44,1.11843e-31,6.0438,4.04011,5.16369
2022-01-28,4.41702,5.61757e-32,1.71007e-44,1.06161e-31,6.09902,4.07771,5.24101
2022-01-29,4.53189,5.45346e-32,1.55301e-44,1.03336e-31,6.26153,4.1907,5.30358
2022-01-30,4.31151,4.61842e-32,1.21909e-44,8.79555e-32,6.08584,4.06885,5.26396
2022-01-31,4.40442,4.32466e-32,1.10032e-44,8.4935e-32,6.31159,4.23186,5.34527
2022-02-01,4.51382,4.19384e-32,9.73369e-45,8.01459e-32,6.45254,4.32839,5.37691
2022-02-02,4.20749,3.42111e-32,7.22657e-45,6.5579e-32,6.04764,4.05648,5.12703
2022-02-03,4.35936,3.24633e-32,6.48416e-45,6.24711e-32,6.2412,4.18686,5.18474
2022-02-04,4.68793,3.13711e-32,6.17031e-45,6.09748e-32,6.75262,4.52987,5.77706
2022-02-05,4.70534,2.91608e-32,5.2956e-45,5.561e-32,6.8118,4.56981,5.75043
2022-02-06,4.78097,2.64155e-32,4.68983e-45,5.09696e-32,6.94172,4.65715,5.88915
2022-02-07,4.93753,2.44301e-32,4.24014e-45,4.72336e-32,7.19668,4.82945,6.09191
2022-02-08,4.775,2.06761e-32,3.54652e-45,4.14908e-32,6.98262,4.68471,6.12012
2022-02-09,4.84159,1.89421e-32,3.12887e-45,3.8056e-32,7.10861,4.76868,6.16593
2022-02-10,4.56839,1.56883e-32,2.54488e-45,3.1592e-32,6.72138,4.50664,6.04403
2022-02-11,4.276,1.31066e-32,2.09738e-45,2.66008e-32,6.31646,4.2317,5.88816
2022-02-12,4.26328,1.17337e-32,1.8435e-45,2.39046e-32,6.32375,4.23675,5.8665
2022-02-13,4.17712,1.06611e-32,1.55252e-45,2.16105e-32,6.21098,4.15912,5.84368
2022-02-14,4.24775,9.54049e-33,1.34736e-45,1.97839e-32,6.336,4.24342,5.9107
2022-02-15,4.54986,9.01508e-33,1.21996e-45,1.88036e-32,6.79775,4.5544,6.18985
2022-02-16,4.45799,7.89649e-33,1.05733e-45,1.65729e-32,6.6782,4.47372,6.09657
2022-02-17,4.13095,6.5383e-33,8.72781e-46,1.39595e-32,6.19734,4.15128,5.62997
2022-02-18,4.03174,5.83566e-33,7.62004e-46,1.25127e-32,6.05957,4.05797,5.55475
2022-02-19,4.04201,5.31797e-33,6.72373e-46,1.12537e-32,6.07855,4.07149,5.5693
2022-02-20,3.85683,4.46633e-33,5.53313e-46,9.5416e-33,5.80648,3.88792,5.33415
2022-02-21,3.64202,3.89652e-33,4.42332e-46,8.32443e-33,5.47532,3.65886,5.14257
2022-02-22,3.77748,3.86119e-33,4.36544e-46,8.17164e-33,5.71426,3.81614,5.3124
2022-02-23,3.74366,3.46618e-33,3.88776e-46,7.24703e-33,5.65681,3.76765,5.17617
2022-02-24,3.70505,3.09276e-33,3.42583e-46,6.09642e-33,5.73087,3.80277,5.32586
2022-02-25,3.97118,3.05835e-33,3.24042e-46,6.12567e-33,6.15586,4.08425,5.4498
2022-02-26,4.0698,2.91855e-33,2.81363e-46,5.77805e-33,6.30507,4.17264,5.43557
2022-02-27,3.79694,2.45815e-33,2.2529e-46,4.90578e-33,5.92209,3.92056,5.23857
2022-02-28,4.34101,2.34525e-33,2.10497e-46,4.64662e-33,6.78745,4.46392,5.99741
2022-03-01,4.35234,2.19848e-33,1.74277e-46,4.38574e-33,6.88629,4.53441,6.17267
2022-03-02,4.28836,1.95632e-33,1.46693e-46,3.97353e-33,6.80306,4.47982,6.09927
2022-03-03,4.1254,1.71912e-33,1.25601e-46,3.47981e-33,6.56336,4.32075,5.89931
2022-03-04,3.83998,1.40436e-33,9.81197e-47,2.85675e-33,6.11647,4.02697,5.44001
2022-03-05,3.94246,1.30512e-33,8.68301e-47,2.64396e-33,6.30005,4.14695,5.47465
2022-03-06,3.72977,1.14423e-33,7.20533e-47,2.29329e-33,5.98283,3.93677,5.33886
2022-03-07,3.66697,1.01842e-33,6.20094e-47,2.0465e-33,5.89277,3.87642,5.27872
2022-03-08,3.75077,9.43346e-34,5.66311e-47,1.89347e-33,6.0242,3.96278,5.38192
2022-03-09,4.0154,8.97054e-34,5.33275e-47,1.79708e-33,6.43648,4.23045,5.82812
2022-03-10,3.83612,7.92727e-34,4.55698e-47,1.57245e-33,6.15633,4.04001,5.47799
2022-03-11,3.72689,6.87918e-34,3.75808e-47,1.38159e-33,6.01926,3.95281,5.38177
2022-03-12,3.70397,5.9377e-34,3.19475e-47,1.20456e-33,6.00299,3.94507,5.39258
2022-03-13,3.61583,5.1032e-34,2.67636e-47,1.03213e-33,5.87864,3.86293,5.24945
2022-03-14,3.72709,4.61338e-34,2.26677e-47,9.30411e-34,6.06957,3.98408,5.51264
2022-03-15,3.68295,4.17757e-34,1.96173e-47,8.28377e-34,6.00167,3.94363,5.45831
2022-03-16,3.93099,3.96411e-34,1.7188e-47,7.77206e-34,6.38596,4.20107,5.71311
2022-03-17,3.91091,3.40768e-34,1.44961e-47,6.54261e-34,6.37317,4.19231,5.68586
2022-03-18,3.998,3.01476e-34,1.26125e-47,5.80928e-34,6.51601,4.28594,5.80253
2022-03-19,4.12333,2.81594e-34,1.14091e-47,5.53246e-34,6.72418,4.4279,5.86417
2022-03-20,3.96118,2.5121e-34,9.74155e-48,4.89581e-34,6.49312,4.27381,5.73369
2022-03-21,4.005,2.19823e-34,8.30547e-48,4.38176e-34,6.57891,4.32634,5.69758
2022-03-22,4.03699,1.91996e-34,7.50859e-48,3.93509e-34,6.64371,4.37195,5.88682
2022-03-23,4.14035,1.76225e-34,6.58612e-48,3.60513e-34,6.81932,4.48998,5.95889
2022-03-24,4.22973,1.60706e-34,5.78455e-48,3.32712e-34,6.97649,4.59402,6.11295
2022-03-25,4.11798,1.4178e-34,4.9337e-48,2.93765e-34,6.81649,4.48752,6.15766
2022-03-26,4.18034,1.29619e-34,4.39464e-48,2.73904e-34,6.92425,4.5591,6.18518
2022-03-27,4.35953,1.2038e-34,3.96258e-48,2.50647e-34,7.22873,4.75953,6.50708
2022-03-28,4.35656,1.07547e-34,3.27425e-48,2.22038e-34,7.25919,4.78223,6.54799
2022-03-29,4.49574,1.01542e-34,2.93913e-48,2.10227e-34,7.48758,4.93133,6.59143
2022-03-30,4.5279,9.33094e-35,2.58935e-48,1.86724e-34,7.56698,4.98417,6.54046
2022-03-31,4.37743,8.19607e-35,2.25127e-48,1.64572e-34,7.345,4.83252,6.32401
2022-04-01,4.56786,7.45938e-35,1.9747e-48,1.48843e-34,7.63709,5.02355,6.43144
2022-04-02,4.53684,6.98002e-35,1.70237e-48,1.36263e-34,7.59732,4.99676,6.36579
2022-04-03,4.65599,6.49143e-35,1.54137e-48,1.27543e-34,7.7974,5.12859,6.44866
2022-04-04,4.57983,5.56202e-35,1.28047e-48,1.09364e-34,7.68303,5.05274,6.47272
2022-04-05,4.4557,4.91472e-35,1.08013e-48,9.72345e-35,7.48892,4.92367,6.32224
2022-04-06,4.07737,4.09685e-35,8.82534e-49,7.99823e-35,6.87865,4.51992,5.99887
2022-04-07,4.17844,3.79346e-35,8.16338e-49,7.42607e-35,7.04022,4.62983,6.0369
2022-04-08,3.96323,3.20568e-35,6.57235e-49,6.26303e-35,6.69527,4.40103,5.87124
2022-04-09,4.06447,3.05207e-35,5.93298e-49,5.9336e-35,6.86298,4.51253,5.94099
2022-04-10,3.95083,2.67523e-35,4.99775e-49,5.2951e-35,6.68343,4.39211,5.8583
2022-04-11,3.60583,2.16502e-35,4.06627e-49,4.35091e-35,6.11398,4.01452,5.49306
2022-04-12,3.79836,2.08038e-35,3.50169e-49,4.13553e-35,6.41913,4.21041,5.56872
2022-04-13,3.86629,2.03813e-35,3.16686e-49,4.05983e-35,6.57406,4.31524,5.7178
2022-04-14,3.72194,1.76152e-35,2.58067e-49,3.51112e-35,6.34481,4.16238,5.5503
2022-04-15,3.7757,1.65707e-35,2.30443e-49,3.36365e-35,6.4431,4.22504,5.63499
2022-04-16,3.76887,1.4659e-35,2.0549e-49,3.03287e-35,6.43326,4.21932,5.61093
2022-04-17,3.64588,1.26188e-35,1.71567e-49,2.60534e-35,6.22803,4.08282,5.51358
2022-04-18,3.79035,1.175e-35,1.53079e-49,2.41214e-35,6.46242,4.23942,5.66963
2022-04-19,3.89031,1.07183e-35,1.38861e-49,2.23107e-35,6.62747,4.35076,5.76579
2022-04-20,3.82127,9.92977e-36,1.19575e-49,2.01023e-35,6.52172,4.28075,5.74704
2022-04-21,3.69097,8.31846e-36,9.90223e-50,1.71156e-35,6.3065,4.13749,5.62501
2022-04-22,3.68196,7.45648e-36,8.64832e-50,1.55328e-35,6.28934,4.12589,5.51789
2022-04-23,3.62097,6.45077e-36,7.39945e-50,1.33735e-35,6.19054,4.06043,5.48071
2022-04-24,3.59506,5.78947e-36,6.5405e-50,1.18147e-35,6.14983,4.03181,5.4819
2022-04-25,3.65014,4.98464e-36,5.55663e-50,1.02143e-35,6.25503,4.09595,5.61751
2022-04-26,3.39523,4.0042e-36,4.35762e-50,8.32669e-36,5.82918,3.81253,5.29604
2022-04-27,3.47095,3.76872e-36,3.9725e-50,7.88224e-36,5.95926,3.89945,5.4521
2022-04-28,3.45192,3.34255e-36,3.36499e-50,7.0117e-36,5.94366,3.88189,5.52246
2022-04-29,3.25361,2.74036e-36,2.65827e-50,5.7924e-36,5.6319,3.66505,5.36322
2022-04-30,2.954,2.21686e-36,1.97754e-50,4.66436e-36,5.18754,3.35036,5.22909
2022-05-01,2.93356,2.03313e-36,1.75052e-50,4.40063e-36,5.30424,3.41664,5.34547
2022-05-02,2.84213,1.92162e-36,1.52058e-50,4.10436e-36,5.22943,3.36468,5.35336
2022-05-03,2.73903,1.7572e-36,1.33651e-50,3.64205e-36,5.13798,3.30212,5.24272
2022-05-04,3.05552,1.70675e-36,1.28318e-50,3.98357e-36,5.60569,3.6018,5.51523
2022-05-05,2.62378,1.33899e-36,9.62314e-51,3.07238e-36,5.04268,3.24263,5.07931
2022-05-06,2.53431,1.16567e-36,8.18357e-51,2.83585e-36,4.92881,3.16329,5.00439
2022-05-07,2.38323,1.01878e-36,6.73517e-51,2.41181e-36,4.73854,3.04343,4.92916
2022-05-08,2.31718,8.84022e-37,5.39636e-51,2.08613e-36,4.65917,2.98439,4.7299
2022-05-09,1.29795,3.99462e-37,2.36287e-51,9.41883e-37,3.64668,2.28256,4.17933
2022-05-10,0.782305,2.83707e-37,1.04416e-51,6.35308e-37,3.7693,2.30061,4.31006
2022-05-11,0.0482512,2.46294e-38,1.63826e-52,5.54943e-38,2.90246,1.58155,4.04421
2022-05-12,1.43378e-05,1.06788e-41,2.30337e-55,2.46873e-41,2.78739,1.03992,4.0339
2022-05-13,2.24028e-06,1.42026e-42,6.6458e-56,3.3463e-42,2.98815,0.999177,4.06966
2022-05-14,2.24028e-06,1.31041e-42,5.78641e-56,2.98766e-42,3.07953,1.02785,4.18078
2022-05-15,2.24028e-06,1.17759e-42,4.85739e-56,2.74038e-42,3.26393,1.08485,4.35339
2022-05-16,2.24028e-06,1.04574e-42,4.02938e-56,2.4353e-42,3.01686,1.00631,4.15122
2022-05-17,2.24028e-06,1.01689e-42,3.84546e-56,2.28662e-42,3.15056,1.05159,4.23055
2022-05-18,2.24028e-06,8.24194e-43,3.12281e-56,1.88287e-42,2.86713,0.962763,3.99021
2022-05-19,2.24028e-06,7.79433e-43,2.87243e-56,1.72391e-42,3.01034,1.00531,4.21309
2022-05-20,2.24028e-06,6.46478e-43,2.30687e-56,1.42721e-42,2.90001,0.968266,4.0577
2022-05-21,2.24028e-06,5.78219e-43,1.98047e-56,1.28284e-42,2.96449,0.988274,4.09161
2022-05-22,2.24028e-06,5.06054e-43,1.75458e-56,1.14774e-42,3.0774,1.02048,4.20957
2022-05-23,2.24028e-06,4.32805e-43,1.45219e-56,9.69263e-43,2.94358,0.980572,4.04493
2022-05-24,2.24028e-06,3.94077e-43,1.21658e-56,8.64555e-43,2.9729,0.987734,4.12073
2022-05-25,2.24028e-06,3.48043e-43,1.04319e-56,7.68057e-43,2.91951,0.970636,4.1051
2022-05-26,2.24028e-06,2.24273e-43,6.43146e-57,4.98882e-43,2.65831,0.875264,4.05775
2022-05-27,2.24028e-06,2.09351e-43,5.84591e-57,4.62179e-43,2.62338,0.870773,3.97833
2022-05-28,2.24028e-06,1.96939e-43,5.22316e-57,4.33456e-43,2.6872,0.890142,4.03412
2022-05-29,2.24028e-06,1.59343e-43,4.75923e-57,3.52766e-43,2.72401,0.903914,4.09482
2022-05-30,2.24028e-06,1.49739e-43,4.24531e-57,3.47613e-43,2.97689,0.985277,4.40971
2022-05-31,2.24028e-06,1.37193e-43,3.6248e-57,3.05335e-43,2.93468,0.968881,4.419
2022-06-01,2.04151e-06,1.13167e-43,2.71975e-57,2.49192e-43,2.67972,0.884256,4.14175
2022-06-02,2.09604e-06,1.07e-43,2.56712e-57,2.33498e-43,2.75622,0.909942,4.23162
2022-06-03,1.99945e-06,9.28807e-44,2.10151e-57,2.04287e-43,2.64119,0.871657,4.12707
2022-06-04,2.0252e-06,8.58273e-44,1.8357e-57,1.88262e-43,2.67281,0.88223,4.14984
2022-06-05,2.00298e-06,7.77852e-44,1.5446e-57,1.69946e-43,2.65096,0.874354,4.1575
2022-06-06,2.0911e-06,7.29916e-44,1.41046e-57,1.58929e-43,2.76801,0.913755,4.35953
2022-06-07,2.02807e-06,6.13668e-44,1.15947e-57,1.35441e-43,2.69865,0.890067,4.3251
2022-06-08,2.00096e-06,5.78715e-44,1.03008e-57,1.27512e-43,2.67294,0.881529,4.19718
2022-06-09,2.00339e-06,5.27728e-44,9.1305e-58,1.15576e-43,2.68311,0.885406,4.184
2022-06-10,1.87206e-06,4.62026e-44,7.64456e-58,1.01131e-43,2.51624,0.829593,4.04254
2022-06-11,1.7333e-06,3.74564e-44,6.15396e-58,8.39255e-44,2.35123,0.773382,3.94983
2022-06-12,1.549e-06,2.92154e-44,4.6109e-58,6.57049e-44,2.14416,0.700948,3.69273
2022-06-13,1.39168e-06,2.5406e-44,3.39246e-58,5.71873e-44,1.90607,0.624847,3.1248
2022-06-14,1.41141e-06,2.27155e-44,2.80545e-58,5.14998e-44,1.91588,0.630112,3.07602
2022-06-15,1.54066e-06,2.17084e-44,2.68134e-58,5.07543e-44,2.08738,0.687081,3.13818
2022-06-16,1.33796e-06,1.83219e-44,2.27246e-58,4.2679e-44,1.84579,0.605636,2.83492
2022-06-17,1.37613e-06,1.75406e-44,2.01651e-58,3.95758e-44,1.89444,0.622722,2.8443
2022-06-18,1.31565e-06,1.41746e-44,1.61746e-58,3.1578e-44,1.81546,0.596041,2.63614
2022-06-19,1.45003e-06,1.32522e-44,1.53663e-58,2.86493e-44,1.98267,0.654511,2.85892
2022-06-20,1.47374e-06,1.28995e-44,1.42246e-58,2.77581e-44,2.01904,0.667298,2.8589
2022-06-21,1.48024e-06,1.19469e-44,1.3121e-58,2.55944e-44,2.0397,0.673565,2.87969
2022-06-22,1.399e-06,1.01526e-44,1.08124e-58,2.17803e-44,1.94415,0.641354,2.77749
2022-06-23,1.51069e-06,1.01719e-44,1.04185e-58,2.20372e-44,2.09206,0.691378,2.93342
2022-06-24,1.58371e-06,9.292e-45,9.31051e-59,2.0719e-44,2.20974,0.729286,2.95114
2022-06-25,1.6378e-06,8.9568e-45,8.2358e-59,1.91911e-44,2.26365,0.747355,2.98637
2022-06-26,1.57786e-06,7.6287e-45,6.62656e-59,1.59279e-44,2.19686,0.726608,2.9234
2022-06-27,1.59184e-06,6.87952e-45,6.17648e-59,1.43258e-44,2.21516,0.732686,2.88234
2022-06-28,1.4979e-06,5.56612e-45,5.15244e-59,1.17815e-44,2.10382,0.69671,2.81824
2022-06-29,1.45879e-06,4.93668e-45,4.48165e-59,1.04044e-44,2.05963,0.681853,2.79625
2022-06-30,1.42972e-06,4.35904e-45,3.7435e-59,9.12397e-45,2.02896,0.671325,2.77112
2022-07-01,1.39374e-06,3.81937e-45,3.23658e-59,8.08449e-45,1.98326,0.656378,2.67908
2022-07-02,1.39705e-06,3.35813e-45,2.89517e-59,7.0793e-45,1.9907,0.658787,2.67533
2022-07-03,1.40747e-06,3.0999e-45,2.51611e-59,6.57062e-45,2.00811,0.664481,2.68408
2022-07-04,1.48519e-06,2.9822e-45,2.36427e-59,6.23986e-45,2.1172,0.700616,2.81205
2022-07-05,1.46524e-06,2.57314e-45,2.08094e-59,5.28033e-45,2.09704,0.693965,2.80359
2022-07-06,1.51586e-06,2.4027e-45,1.85474e-59,4.96432e-45,2.16538,0.71619,2.8576
2022-07-07,1.56835e-06,2.22508e-45,1.69224e-59,4.64695e-45,2.24307,0.741697,3.00496
2022-07-08,1.54674e-06,2.0956e-45,1.46944e-59,4.31907e-45,2.21815,0.733504,3.00076
2022-07-09,1.55595e-06,1.94833e-45,1.31444e-59,4.02528e-45,2.23411,0.738895,3.00035
2022-07-10,1.49545e-06,1.68362e-45,1.11254e-59,3.53014e-45,2.1484,0.710542,2.899
2022-07-11,1.39264e-06,1.34909e-45,8.9486e-60,2.92132e-45,2.00306,0.662622,2.7741
2022-07-12,1.36035e-06,1.18355e-45,7.58861e-60,2.52773e-45,1.95716,0.647356,2.68588
2022-07-13,1.43551e-06,1.17507e-45,7.49335e-60,2.52059e-45,2.06529,0.682796,2.81179
2022-07-14,1.48583e-06,1.08476e-45,6.85393e-60,2.31033e-45,2.14019,0.706927,2.86098
2022-07-15,1.48523e-06,9.87711e-46,6.20314e-60,2.08913e-45,2.14357,0.708123,2.89449
2022-07-16,1.55595e-06,9.04745e-46,5.565e-60,1.93037e-45,2.24792,0.741382,2.94529
2022-07-17,1.52034e-06,8.28142e-46,4.79612e-60,1.75787e-45,2.19982,0.725405,2.89006
2022-07-18,1.69966e-06,7.83699e-46,4.47416e-60,1.66364e-45,2.45148,0.80555,3.11718
2022-07-19,1.71142e-06,7.26186e-46,4.08364e-60,1.55817e-45,2.47869,0.815551,3.25114
2022-07-20,1.65064e-06,6.39835e-46,3.24194e-60,1.3795e-45,2.39734,0.789548,3.22705
2022-07-21,1.68186e-06,5.97494e-46,2.85843e-60,1.28755e-45,2.44705,0.804546,3.21717
2022-07-22,1.62215e-06,5.20363e-46,2.44974e-60,1.12882e-45,2.36483,0.777911,3.15223
2022-07-23,1.62945e-06,4.63732e-46,2.16841e-60,1.00499e-45,2.37585,0.781852,3.11975
2022-07-24,1.64226e-06,4.51594e-46,1.90685e-60,9.47123e-46,2.39787,0.788335,3.13762
2022-07-25,1.51378e-06,3.73553e-46,1.51382e-60,7.80556e-46,2.21007,0.727969,2.96131
2022-07-26,1.51161e-06,3.32776e-46,1.31569e-60,6.92143e-46,2.21077,0.728247,2.9535
2022-07-27,1.64725e-06,3.35846e-46,1.27284e-60,6.81846e-46,2.41321,0.793231,3.18942
2022-07-28,1.70244e-06,3.16948e-46,1.13384e-60,6.41571e-46,2.49935,0.82076,3.31316
2022-07-29,1.69778e-06,2.78301e-46,1.00109e-60,5.70939e-46,2.50103,0.820711,3.30354
2022-07-30,1.70431e-06,2.43704e-46,8.47856e-61,4.8503e-46,2.5146,0.826326,3.28545
2022-07-31,1.66875e-06,2.13772e-46,7.15671e-61,4.30115e-46,2.46793,0.810904,3.23678
2022-08-01,1.66458e-06,1.86977e-46,6.15728e-61,3.70575e-46,2.43672,0.800771,3.23327
2022-08-02,1.64842e-06,1.72607e-46,5.30115e-61,3.50485e-46,2.3887,0.784886,3.19433
2022-08-03,1.65791e-06,1.56148e-46,4.62335e-61,3.16496e-46,2.41347,0.792435,3.17078
2022-08-04,1.66562e-06,1.44062e-46,4.09311e-61,2.95338e-46,2.43944,0.800377,3.14363
2022-08-05,1.69205e-06,1.32494e-46,3.53081e-61,2.72855e-46,2.53023,0.83046,3.23944
2022-08-06,1.68616e-06,1.1909e-46,3.05414e-61,2.4422e-46,2.50734,0.822616,3.18966
2022-08-07,1.69511e-06,1.09773e-46,2.70009e-61,2.28124e-46,2.54171,0.833414,3.22026
2022-08-08,1.707e-06,9.77959e-47,2.37248e-61,2.04564e-46,2.5903,0.849713,3.30858
2022-08-09,1.68575e-06,8.44755e-47,2.01134e-61,1.74648e-46,2.51998,0.826401,3.21686
2022-08-10,1.71638e-06,8.0924e-47,1.8557e-61,1.65184e-46,2.6303,0.862623,3.3286
2022-08-11,1.70989e-06,7.09541e-47,1.59568e-61,1.45998e-46,2.60521,0.854489,3.32586
2022-08-12,1.72583e-06,6.59848e-47,1.4372e-61,1.34868e-46,2.66541,0.873891,3.39107
2022-08-13,1.73201e-06,5.95426e-47,1.25268e-61,1.20663e-46,2.68771,0.881124,3.39631
2022-08-14,1.71892e-06,5.25586e-47,1.06071e-61,1.05362e-46,2.64095,0.865958,3.37739
2022-08-15,1.71077e-06,4.73111e-47,9.13656e-62,9.26723e-47,2.61497,0.857458,3.34815
2022-08-16,1.70698e-06,4.22817e-47,7.79899e-62,8.14672e-47,2.59874,0.852255,3.31479
2022-08-17,1.67873e-06,3.60704e-47,6.43798e-62,7.07314e-47,2.49784,0.819486,3.24364
2022-08-18,1.6567e-06,3.04291e-47,5.32306e-62,6.00822e-47,2.41863,0.793029,3.22259
2022-08-19,1.58424e-06,2.40215e-47,4.01394e-62,4.76979e-47,2.16586,0.709656,2.89509
2022-08-20,1.5867e-06,2.20424e-47,3.60699e-62,4.62625e-47,2.17313,0.711981,2.93757
2022-08-21,1.60768e-06,2.09878e-47,3.28735e-62,4.42285e-47,2.24045,0.73361,2.98975
2022-08-22,1.60137e-06,1.82824e-47,2.77086e-62,3.81805e-47,2.21898,0.726367,2.97367
2022-08-23,1.61071e-06,1.67466e-47,2.44735e-62,3.52629e-47,2.25089,0.736666,2.99163
2022-08-24,1.60275e-06,1.46929e-47,2.05372e-62,3.14384e-47,2.2272,0.729088,2.96925
2022-08-25,1.60919e-06,1.32564e-47,1.81435e-62,2.81986e-47,2.25105,0.736711,2.99579
2022-08-26,1.5519e-06,1.04696e-47,1.38701e-62,2.27959e-47,2.06595,0.675483,2.81264
2022-08-27,1.55006e-06,9.58777e-48,1.21208e-62,2.06209e-47,2.06253,0.674093,2.78437
2022-08-28,1.52599e-06,8.47213e-48,9.87873e-63,1.81374e-47,1.98711,0.648937,2.7174
2022-08-29,1.56011e-06,7.74071e-48,8.91139e-63,1.66139e-47,2.08893,0.682579,2.81885
2022-08-30,1.54877e-06,6.97266e-48,7.59588e-63,1.49679e-47,2.05518,0.670979,2.75298
2022-08-31,1.55088e-06,6.13552e-48,6.69556e-63,1.34322e-47,2.06142,0.673003,2.7861
2022-09-01,1.56447e-06,5.51333e-48,5.89459e-63,1.24968e-47,2.09546,0.684097,2.79741
2022-09-02,1.55576e-06,4.93202e-48,5.11395e-63,1.12768e-47,2.07618,0.677761,2.77246
2022-09-03,1.56191e-06,4.39239e-48,4.44038e-63,9.95291e-48,2.09198,0.68268,2.75579
2022-09-04,1.57711e-06,4.02551e-48,3.75409e-63,9.21843e-48,2.12997,0.694962,2.77919
2022-09-05,1.59894e-06,3.59848e-48,3.26451e-63,8.10166e-48,2.16728,0.706385,2.75092
2022-09-06,1.54016e-06,2.82474e-48,2.52869e-63,6.69315e-48,2.03269,0.663429,2.61109
2022-09-07,1.58065e-06,2.81086e-48,2.32374e-63,6.56407e-48,2.12397,0.692963,2.68088
2022-09-08,1.58357e-06,2.55545e-48,2.00777e-63,6.03528e-48,2.13333,0.695991,2.68462
2022-09-09,1.63122e-06,2.30331e-48,1.81697e-63,5.70878e-48,2.24888,0.734123,2.96814
2022-09-10,1.64417e-06,2.06949e-48,1.60385e-63,5.14118e-48,2.28229,0.745051,3.0082
2022-09-11,1.63595e-06,1.85123e-48,1.37364e-63,4.61717e-48,2.26402,0.739062,3.033
2022-09-12,1.64449e-06,1.65787e-48,1.15477e-63,4.13074e-48,2.28438,0.745657,3.11205
2022-09-13,1.56726e-06,1.41029e-48,9.14999e-64,3.53584e-48,2.09864,0.685344,2.80326
2022-09-14,1.59733e-06,1.35346e-48,8.51731e-64,3.4057e-48,2.16626,0.706659,2.81065
2022-09-15,1.54889e-06,1.16692e-48,6.78883e-64,2.87592e-48,2.06029,0.672657,2.73772
2022-09-16,1.54917e-06,1.03741e-48,5.83049e-64,2.54358e-48,2.06511,0.674182,2.75181
2022-09-17,1.57221e-06,9.61636e-49,5.0481e-64,2.37073e-48,2.12336,0.692992,2.79493
2022-09-18,1.50201e-06,7.61454e-49,3.81932e-64,1.8804e-48,1.95472,0.637537,2.69802
2022-09-19,1.52931e-06,7.19869e-49,3.57425e-64,1.76762e-48,2.01316,0.656152,2.71481
2022-09-20,1.51166e-06,6.44404e-49,3.08608e-64,1.62787e-48,1.97653,0.642364,2.62282
2022-09-21,1.48138e-06,5.81346e-49,2.76906e-64,1.47452e-48,1.91762,0.623308,2.56534
2022-09-22,1.54871e-06,5.67405e-49,2.56459e-64,1.40553e-48,2.05961,0.665484,2.696
2022-09-23,1.56643e-06,5.30447e-49,2.31051e-64,1.29834e-48,2.10681,0.680013,2.68047
2022-09-24,1.55148e-06,4.61625e-49,1.98871e-64,1.14404e-48,2.0757,0.671095,2.62914
2022-09-25,1.53979e-06,4.28053e-49,1.70076e-64,1.0388e-48,2.04946,0.661929,2.61342
2022-09-26,1.54583e-06,3.87643e-49,1.5747e-64,9.74477e-49,2.06244,0.66806,2.67185
2022-09-27,1.53096e-06,3.39071e-49,1.35015e-64,8.53485e-49,2.02345,0.656547,2.65118
2022-09-28,1.53582e-06,3.04426e-49,1.19273e-64,7.54733e-49,2.03698,0.660654,2.69755
2022-09-29,1.55027e-06,2.79377e-49,1.0668e-64,6.8328e-49,2.07706,0.671455,2.72238
2022-09-30,1.54841e-06,2.44853e-49,9.15977e-65,6.0315e-49,2.07321,0.670907,2.69891
2022-10-01,1.53131e-06,2.16419e-49,7.81966e-65,5.33921e-49,2.04977,0.663668,2.6834
2022-10-02,1.48461e-06,1.79558e-49,6.48614e-65,4.47459e-49,1.9839,0.64216,2.64808
2022-10-03,1.52262e-06,1.64943e-49,5.85269e-65,4.17252e-49,2.03999,0.660339,2.7276
2022-10-04,1.55563e-06,1.51663e-49,5.17742e-65,3.83993e-49,2.09131,0.67671,2.82609
2022-10-05,1.54902e-06,1.35857e-49,4.29007e-65,3.40974e-49,2.08169,0.673581,2.80114
2022-10-06,1.538e-06,1.18982e-49,3.70231e-65,2.92658e-49,2.06521,0.66818,2.77368
2022-10-07,1.53758e-06,1.08232e-49,3.22964e-65,2.658e-49,2.06262,0.667314,2.71385
2022-10-08,1.52281e-06,9.53066e-50,2.74921e-65,2.3319e-49,2.04126,0.660188,2.69827
2022-10-09,1.53105e-06,8.57729e-50,2.39439e-65,2.11398e-49,2.05465,0.664257,2.70119
2022-10-10,1.45036e-06,7.09812e-50,1.94352e-65,1.75228e-49,1.93814,0.625932,2.65851
2022-10-11,1.43719e-06,6.23934e-50,1.6878e-65,1.60006e-49,1.91769,0.619587,2.64853
2022-10-12,1.42871e-06,5.60547e-50,1.48589e-65,1.43074e-49,1.90712,0.615804,2.6618
2022-10-13,1.4146e-06,4.7854e-50,1.26483e-65,1.22734e-49,1.88486,0.608257,2.69232
2022-10-14,1.41011e-06,4.16864e-50,1.09899e-65,1.07185e-49,1.8775,0.605539,2.66478
2022-10-15,1.39943e-06,3.62482e-50,9.52356e-66,9.34633e-50,1.86165,0.600482,2.64983
2022-10-16,1.4132e-06,3.39211e-50,8.34642e-66,8.59443e-50,1.88342,0.607552,2.67673
2022-10-17,1.44244e-06,3.10861e-50,7.30287e-66,7.95356e-50,1.92627,0.621523,2.7166
2022-10-18,1.41898e-06,2.74099e-50,6.17699e-66,6.97844e-50,1.8915,0.610087,2.68569
2022-10-19,1.3725e-06,2.37061e-50,5.19972e-66,6.03475e-50,1.8267,0.588435,2.65741
2022-10-20,1.35373e-06,2.06757e-50,4.44346e-66,5.22475e-50,1.79984,0.579452,2.64601
2022-10-21,1.38543e-06,1.91212e-50,3.95424e-66,4.83455e-50,1.8407,0.593362,2.66303
2022-10-22,1.39438e-06,1.66845e-50,3.38281e-66,4.27472e-50,1.85385,0.597758,2.66858
2022-10-23,1.42137e-06,1.50363e-50,2.99748e-66,3.83118e-50,1.89611,0.611228,2.71945
2022-10-24,1.39929e-06,1.31764e-50,2.6221e-66,3.27368e-50,1.86236,0.600586,2.686
2022-10-25,1.46717e-06,1.19145e-50,2.3691e-66,3.00267e-50,1.96596,0.63427,2.79027
2022-10-26,1.50641e-06,1.11005e-50,2.08952e-66,2.75242e-50,2.02604,0.653049,2.88636
2022-10-27,1.47534e-06,9.81633e-51,1.71312e-66,2.45681e-50,1.98398,0.639279,2.82015
2022-10-28,1.53385e-06,9.11561e-51,1.52719e-66,2.27702e-50,2.06974,0.667343,2.86139
2022-10-29,1.5647e-06,8.27768e-51,1.37739e-66,2.0299e-50,2.12052,0.683341,2.89165
2022-10-30,1.55919e-06,7.13025e-51,1.1417e-66,1.70261e-50,2.11404,0.682749,2.86634
2022-10-31,1.56538e-06,6.39437e-51,1.01001e-66,1.52213e-50,2.12782,0.686794,2.84734
2022-11-01,1.56335e-06,6.75998e-51,8.95945e-67,1.5659e-50,2.12723,0.686572,2.84635
2022-11-02,1.50137e-06,6.54653e-51,7.66526e-67,1.56516e-50,2.04073,0.659423,2.80025
2022-11-03,1.5205e-06,5.96111e-51,6.6628e-67,1.43197e-50,2.06833,0.668296,2.80803
2022-11-04,1.66332e-06,5.59941e-51,6.06693e-67,1.32914e-50,2.27464,0.734328,2.93874
2022-11-05,1.66368e-06,5.36811e-51,4.92418e-67,1.25398e-50,2.27544,0.734994,2.9597
2022-11-06,1.57728e-06,4.49767e-51,3.99296e-67,1.06232e-50,2.15471,0.695823,2.90498
2022-11-07,1.57202e-06,3.95002e-51,3.28379e-67,9.5027e-51,2.15464,0.693197,2.86129
2022-11-08,1.60334e-06,3.56184e-51,2.25141e-67,9.09003e-51,1.86184,0.60001,2.57727
2022-11-09,1.4409e-06,1.99827e-51,1.35812e-67,5.16711e-51,1.52931,0.491567,2.21259
2022-11-10,1.73768e-06,1.99818e-51,1.37526e-67,4.87092e-51,1.80694,0.58106,2.44581
2022-11-11,1.67072e-06,1.7281e-51,1.15256e-67,4.16044e-51,1.7395,0.559375,2.37204
2022-11-12,1.59947e-06,1.46559e-51,9.98889e-68,3.57482e-51,1.66219,0.535365,2.33616
2022-11-13,1.5247e-06,1.30196e-51,8.13451e-68,3.19851e-51,1.58639,0.509605,2.26915
2022-11-14,1.56682e-06,1.20623e-51,7.10752e-68,2.89005e-51,1.6295,0.524496,2.30939
2022-11-15,1.59805e-06,1.05944e-51,6.03879e-68,2.5506e-51,1.66219,0.535277,2.34846
2022-11-16,1.56343e-06,9.16164e-52,5.16742e-68,2.21443e-51,1.6225,0.523349,2.31541
2022-11-17,1.5402e-06,8.23257e-52,4.29526e-68,1.98062e-51,1.59944,0.515254,2.31955
2022-11-18,1.5467e-06,7.42855e-52,3.74092e-68,1.79852e-51,1.60952,0.517631,2.32065
2022-11-19,1.53986e-06,6.55525e-52,3.19985e-68,1.58619e-51,1.60502,0.515343,2.32068
2022-11-20,1.45589e-06,5.46128e-52,2.56018e-68,1.31175e-51,1.51426,0.486196,2.26225
2022-11-21,1.41591e-06,4.86056e-52,2.23659e-68,1.14728e-51,1.47325,0.472409,2.19292
2022-11-22,1.47715e-06,4.49293e-52,1.96964e-68,1.06882e-51,1.53884,0.493632,2.25485
2022-11-23,1.54313e-06,4.11934e-52,1.71874e-68,9.80297e-52,1.60321,0.516733,2.30712
2022-11-24,1.54881e-06,3.7607e-52,1.52161e-68,9.01433e-52,1.60973,0.518867,2.30654
2022-11-25,1.55636e-06,3.35624e-52,1.30291e-68,8.02309e-52,1.61895,0.521407,2.29587
2022-11-26,1.55551e-06,3.09299e-52,1.11693e-68,7.39317e-52,1.6181,0.521083,2.28704
2022-11-27,1.57323e-06,2.83354e-52,9.7585e-69,6.7221e-52,1.63598,0.527396,2.2829
2022-11-28,1.53014e-06,2.58121e-52,8.52765e-69,6.02205e-52,1.59158,0.512564,2.2529
2022-11-29,1.55797e-06,2.3346e-52,7.37078e-69,5.51703e-52,1.62312,0.522227,2.28481
2022-11-30,1.62698e-06,2.21867e-52,6.72849e-69,5.24565e-52,1.69933,0.546449,2.38501
2022-12-01,1.587e-06,1.91635e-52,5.49707e-69,4.52426e-52,1.65577,0.53239,2.35913
2022-12-02,1.60753e-06,1.78956e-52,4.91612e-69,4.22979e-52,1.67887,0.539763,2.37516
2022-12-03,1.56325e-06,1.51217e-52,4.11973e-69,3.61843e-52,1.63027,0.524117,2.34632
2022-12-04,1.59197e-06,1.41831e-52,3.59296e-69,3.37446e-52,1.66198,0.534343,2.37696
2022-12-05,1.58045e-06,1.24191e-52,2.97829e-69,3.01279e-52,1.64964,0.530387,2.3576
2022-12-06,1.58427e-06,1.11109e-52,2.57733e-69,2.7004e-52,1.65437,0.531767,2.37463
2022-12-07,1.53304e-06,9.80765e-53,2.20653e-69,2.36757e-52,1.59817,0.513631,2.33957
2022-12-08,1.56671e-06,8.97557e-53,1.90813e-69,2.15029e-52,1.63569,0.525612,2.39341
2022-12-09,1.54312e-06,7.75045e-53,1.61463e-69,1.87312e-52,1.61007,0.517294,2.38013
2022-12-10,1.5418e-06,6.69588e-53,1.38815e-69,1.60317e-52,1.60892,0.516855,2.37999
2022-12-11,1.51812e-06,5.95117e-53,1.1882e-69,1.4314e-52,1.58371,0.50847,2.37409
2022-12-12,1.51053e-06,5.28298e-53,1.00844e-69,1.26642e-52,1.57666,0.505847,2.39143
2022-12-13,1.54007e-06,4.66856e-53,8.54327e-70,1.10724e-52,1.61,0.516366,2.46992
2022-12-14,1.51393e-06,3.94543e-53,7.14259e-70,9.33443e-53,1.58253,0.507137,2.47387
2022-12-15,1.4832e-06,3.43792e-53,6.04537e-70,8.28533e-53,1.54828,0.496262,2.41179
2022-12-16,1.34897e-06,2.81279e-53,4.70583e-70,6.83267e-53,1.4026,0.448944,2.31115
2022-12-17,1.37138e-06,2.47248e-53,4.08205e-70,6.0303e-53,1.42562,0.456474,2.33122
2022-12-18,1.366e-06,2.20403e-53,3.4681e-70,5.46783e-53,1.41973,0.454509,2.32589
2022-12-19,1.31124e-06,1.85157e-53,2.87017e-70,4.6546e-53,1.36319,0.435319,2.2843
2022-12-20,1.35867e-06,1.66867e-53,2.55427e-70,4.23574e-53,1.41459,0.452048,2.34776
2022-12-21,1.34659e-06,1.48177e-53,2.19601e-70,3.75463e-53,1.40194,0.447815,2.33791
2022-12-22,1.35298e-06,1.33392e-53,1.9189e-70,3.36022e-53,1.40807,0.450056,2.33746
2022-12-23,1.35343e-06,1.20677e-53,1.68368e-70,2.98661e-53,1.40875,0.450238,2.33149
2022-12-24,1.34753e-06,1.03262e-53,1.45399e-70,2.70262e-53,1.4025,0.4482,2.3395
2022-12-25,1.34769e-06,8.88664e-54,1.2771e-70,2.3314e-53,1.40344,0.448268,2.33894
2022-12-26,1.36315e-06,7.88981e-54,1.10217e-70,2.07377e-53,1.42165,0.453707,2.35107
2022-12-27,1.34377e-06,6.79405e-54,9.42813e-71,1.7954e-53,1.40123,0.446881,2.32147
2022-12-28,1.29405e-06,5.66194e-54,7.59508e-71,1.50076e-53,1.34986,0.429583,2.29937
2022-12-29,1.28945e-06,4.53176e-54,5.99742e-71,1.21504e-53,1.34441,0.427903,2.31134
2022-12-30,1.28498e-06,4.0301e-54,5.08493e-71,1.08762e-53,1.33944,0.425907,2.30773
2022-12-31,1.29182e-06,3.60753e-54,4.43373e-71,9.70237e-54,1.34627,0.42835,2.29869
2023-01-01,1.29571e-06,3.22844e-54,3.85654e-71,8.72521e-54,1.35105,0.429883,2.30902
2023-01-02,1.33014e-06,2.92e-54,3.34376e-71,7.75486e-54,1.39147,0.442647,2.31681
2023-01-03,1.34756e-06,2.65921e-54,3.03739e-71,6.95533e-54,1.41573,0.449033,2.31713
2023-01-04,1.38035e-06,2.45879e-54,2.7139e-71,6.38745e-54,1.45345,0.461338,2.34148
2023-01-05,1.36531e-06,2.14629e-54,2.31774e-71,5.59353e-54,1.43644,0.45571,2.3389
2023-01-06,1.38337e-06,1.99989e-54,2.10354e-71,5.14078e-54,1.45772,0.462479,2.35541
2023-01-07,1.38286e-06,1.7697e-54,1.79711e-71,4.54992e-54,1.4561,0.462295,2.35443
2023-01-08,1.42911e-06,1.63787e-54,1.65104e-71,4.18941e-54,1.51423,0.479655,2.38003
2023-01-09,1.46761e-06,1.52332e-54,1.49461e-71,3.8816e-54,1.56544,0.494053,2.38704
2023-01-10,1.48276e-06,1.38504e-54,1.31274e-71,3.56215e-54,1.58259,0.499757,2.4235
2023-01-11,1.51869e-06,1.29766e-54,1.16224e-71,3.33625e-54,1.62384,0.513398,2.49334
2023-01-12,1.54723e-06,1.16362e-54,1.03921e-71,2.99226e-54,1.65771,0.524262,2.61887
2023-01-13,1.60056e-06,1.0729e-54,9.15707e-72,2.80516e-54,1.72627,0.544521,2.76941
2023-01-14,1.69482e-06,1.028e-54,9.23181e-72,2.69511e-54,1.86585,0.580904,2.91183
2023-01-15,1.67079e-06,9.02079e-55,8.12851e-72,2.39608e-54,1.83069,0.571657,2.90024
2023-01-16,1.67692e-06,7.98452e-55,6.93112e-72,2.10127e-54,1.84218,0.573958,2.9439
2023-01-17,1.66906e-06,7.37312e-55,5.87972e-72,1.90705e-54,1.82817,0.570961,2.93683
2023-01-18,1.59784e-06,6.47847e-55,4.89383e-72,1.63653e-54,1.73451,0.543651,2.87328
2023-01-19,1.63454e-06,6.15417e-55,4.45241e-72,1.54075e-54,1.7797,0.557642,2.92805
2023-01-20,1.74617e-06,5.72184e-55,4.18481e-72,1.45021e-54,1.93252,0.600532,3.14977
2023-01-21,1.71858e-06,5.29648e-55,3.58699e-72,1.3616e-54,1.89608,0.589873,3.16594
2023-01-22,1.72951e-06,4.87174e-55,3.13675e-72,1.25844e-54,1.90606,0.593995,3.15542
2023-01-23,1.74585e-06,4.31483e-55,2.71508e-72,1.11414e-54,1.92442,0.600337,3.1844
2023-01-24,1.6858e-06,3.73425e-55,2.25243e-72,9.56225e-55,1.84632,0.577088,3.145
2023-01-25,1.73886e-06,3.55689e-55,2.04269e-72,9.04644e-55,1.91744,0.597464,3.20448
2023-01-26,1.75556e-06,3.21505e-55,1.92453e-72,8.11852e-55,1.93715,0.603887,3.19735
2023-01-27,1.77733e-06,2.99442e-55,1.68742e-72,7.57565e-55,1.96319,0.612201,3.20632
2023-01-28,1.76198e-06,2.66825e-55,1.43889e-72,6.78012e-55,1.94247,0.606293,3.19915
2023-01-29,1.82317e-06,2.51024e-55,1.28707e-72,6.42866e-55,2.02545,0.629942,3.29916
2023-01-30,1.74051e-06,2.10162e-55,1.07556e-72,5.34546e-55,1.91664,0.598048,3.17186
2023-01-31,1.78061e-06,1.95792e-55,9.73211e-73,4.89433e-55,1.96281,0.613529,3.2134
2023-02-01,1.84586e-06,1.79303e-55,8.80352e-73,4.49644e-55,2.04145,0.638343,3.29782
2023-02-02,1.8135e-06,1.60747e-55,7.67143e-73,4.00628e-55,2.00212,0.626117,3.26395
2023-02-03,1.84119e-06,1.44607e-55,6.63269e-73,3.6671e-55,2.03624,0.636657,3.25603
2023-02-04,1.83392e-06,1.25301e-55,5.59509e-73,3.23394e-55,2.02769,0.633972,3.24143
2023-02-05,1.78302e-06,1.05895e-55,4.64832e-73,2.73672e-55,1.9661,0.61462,3.18669
2023-02-06,1.75169e-06,9.45595e-56,4.0467e-73,2.45513e-55,1.92883,0.602765,3.16301
2023-02-07,1.82424e-06,9.07851e-56,3.88386e-73,2.39106e-55,2.01707,0.630375,3.22943
2023-02-08,1.78825e-06,8.07736e-56,3.21858e-73,2.11222e-55,1.97553,0.616681,3.19087
2023-02-09,1.65213e-06,6.35213e-56,2.39021e-73,1.67943e-55,1.81429,0.565341,3.02876
2023-02-10,1.64881e-06,5.76779e-56,2.16206e-73,1.53714e-55,1.81004,0.564115,3.00497
2023-02-11,1.67392e-06,5.23668e-56,1.95747e-73,1.42388e-55,1.83982,0.573603,3.03796
2023-02-12,1.65388e-06,4.56111e-56,1.64115e-73,1.23496e-55,1.81676,0.56601,3.02698
2023-02-13,1.63041e-06,3.92069e-56,1.39875e-73,1.08591e-55,1.78593,0.557113,3.02565
2023-02-14,1.68898e-06,3.85809e-56,1.25205e-73,1.06697e-55,1.85681,0.57925,3.08482
2023-02-15,1.80822e-06,3.51945e-56,1.11421e-73,9.9323e-56,2.00035,0.62462,3.38
2023-02-16,1.73967e-06,2.99836e-56,9.08652e-74,8.43432e-56,1.92096,0.598399,3.26796
2023-02-17,1.80022e-06,2.76969e-56,8.12582e-74,7.6356e-56,1.99904,0.621273,3.41417
2023-02-18,1.79674e-06,2.48762e-56,6.99562e-74,6.88642e-56,1.99358,0.619952,3.42279
2023-02-19,1.78315e-06,2.25778e-56,5.88193e-74,6.23827e-56,1.97793,0.614783,3.37274
2023-02-20,1.81038e-06,2.05218e-56,5.20173e-74,5.57462e-56,2.01008,0.625051,3.452
2023-02-21,1.75589e-06,1.8186e-56,4.34954e-74,4.95043e-56,1.9429,0.604331,3.3978
2023-02-22,1.75473e-06,1.60632e-56,3.73623e-74,4.4369e-56,1.94068,0.603855,3.36029
2023-02-23,1.72972e-06,1.42427e-56,3.21984e-74,3.94763e-56,1.91083,0.594403,3.32666
2023-02-24,1.66922e-06,1.18654e-56,2.64447e-74,3.39182e-56,1.83742,0.571434,3.22176
2023-02-25,1.65285e-06,1.02698e-56,2.22551e-74,2.91692e-56,1.81912,0.565177,3.21784
2023-02-26,1.68655e-06,9.4777e-57,1.97188e-74,2.70899e-56,1.86043,0.577913,3.27311
2023-02-27,1.66571e-06,8.25459e-57,1.67569e-74,2.36903e-56,1.83467,0.570025,3.26439
2023-02-28,1.63649e-06,7.57711e-57,1.44461e-74,2.16336e-56,1.80024,0.559,3.21568
2023-03-01,1.69776e-06,6.87139e-57,1.32564e-74,1.96077e-56,1.87324,0.581532,3.28341
2023-03-02,1.66426e-06,6.04428e-57,1.12053e-74,1.69187e-56,1.83302,0.569207,3.26067
2023-03-03,1.59582e-06,4.97091e-57,9.05989e-75,1.38106e-56,1.75156,0.543941,3.10629
2023-03-04,1.55597e-06,4.09119e-57,7.2807e-75,1.14122e-56,1.7049,0.529264,3.10521
2023-03-05,1.55612e-06,3.75824e-57,6.33932e-75,1.04079e-56,1.70478,0.529322,3.11684
2023-03-06,1.56681e-06,3.37234e-57,5.55353e-75,9.38584e-57,1.71703,0.533152,3.11403
2023-03-07,1.55311e-06,2.97344e-57,4.75708e-75,8.38848e-57,1.70135,0.528043,3.08456
2023-03-08,1.48504e-06,2.59362e-57,3.88762e-75,7.22654e-57,1.62336,0.502923,3.01613
2023-03-09,1.43093e-06,2.29923e-57,3.43039e-75,6.34898e-57,1.55914,0.483056,2.82948
2023-03-10,1.43309e-06,2.1103e-57,2.94882e-75,5.73888e-57,1.56091,0.483916,2.80008
2023-03-11,1.41255e-06,1.80689e-57,2.46916e-75,5.0448e-57,1.54055,0.476843,2.84247
2023-03-12,1.54943e-06,1.72823e-57,2.29854e-75,4.77262e-57,1.69416,0.526022,3.05666
2023-03-13,1.62062e-06,1.50936e-57,1.95732e-75,4.32855e-57,1.77926,0.552587,3.35074
2023-03-14,1.66713e-06,1.42555e-57,1.79805e-75,4.14882e-57,1.83432,0.569601,3.42813
2023-03-15,1.56852e-06,1.19263e-57,1.47372e-75,3.55699e-57,1.71635,0.532555,3.37467
2023-03-16,1.61486e-06,1.23847e-57,1.33135e-75,3.39389e-57,1.772,0.549896,3.47376
2023-03-17,1.7455e-06,1.19095e-57,1.22828e-75,3.20325e-57,1.92648,0.597618,3.80675
2023-03-18,1.69355e-06,1.0652e-57,1.1189e-75,2.83751e-57,1.86491,0.578606,3.73899
2023-03-19,1.72652e-06,9.9587e-58,1.01045e-75,2.63004e-57,1.90463,0.590888,3.88703
2023-03-20,1.66391e-06,8.38548e-58,8.39292e-76,2.22566e-57,1.83139,0.567722,3.85147
2023-03-21,1.75476e-06,8.00291e-58,7.51205e-76,2.12929e-57,1.93743,0.600653,3.90545
2023-03-22,1.69908e-06,6.94601e-58,6.03331e-76,1.82006e-57,1.86959,0.580103,3.78672
2023-03-23,1.74916e-06,6.49587e-58,5.42194e-76,1.68999e-57,1.93126,0.59875,3.93185
2023-03-24,1.66598e-06,5.54561e-58,4.37488e-76,1.43326e-57,1.83371,0.568018,3.81499
2023-03-25,1.64424e-06,5.03337e-58,3.75836e-76,1.28205e-57,1.81025,0.559871,3.81617
2023-03-26,1.67635e-06,4.84626e-58,3.40578e-76,1.22956e-57,1.84759,0.571665,3.88635
2023-03-27,1.61357e-06,4.1698e-58,2.82632e-76,1.05729e-57,1.77879,0.548282,3.76919
2023-03-28,1.65881e-06,3.79021e-58,2.47288e-76,9.75547e-58,1.83296,0.564717,3.78812
2023-03-29,1.70964e-06,3.58133e-58,2.33261e-76,9.28258e-58,1.89508,0.583218,3.93923
2023-03-30,1.69051e-06,3.20262e-58,1.97713e-76,8.35814e-58,1.87142,0.576215,3.89476
2023-03-31,1.72227e-06,2.86006e-58,1.72196e-76,7.4911e-58,1.90909,0.587894,3.95546
2023-04-01,1.7014e-06,2.48788e-58,1.48645e-76,6.58037e-58,1.88804,0.581499,3.9537
2023-04-02,1.68848e-06,2.12986e-58,1.2497e-76,5.59668e-58,1.87439,0.576902,3.91467
2023-04-03,1.66169e-06,1.85891e-58,1.03758e-76,4.88091e-58,1.84715,0.568702,3.863
2023-04-04,1.68458e-06,1.69935e-58,9.49067e-77,4.5858e-58,1.87385,0.576861,3.91379
2023-04-05,1.7056e-06,1.4984e-58,8.11601e-77,4.00165e-58,1.89725,0.584281,3.91442
2023-04-06,1.67734e-06,1.3651e-58,6.93497e-77,3.56456e-58,1.867,0.574885,3.89549
2023-04-07,1.67107e-06,1.24312e-58,6.14499e-77,3.22764e-58,1.85991,0.572742,3.87778
2023-04-08,1.65516e-06,1.10649e-58,5.25741e-77,2.8619e-58,1.84264,0.56734,3.88223
2023-04-09,1.66761e-06,1.00998e-58,4.61162e-77,2.64855e-58,1.85672,0.571692,3.93578
2023-04-10,1.74111e-06,9.32228e-59,4.10965e-77,2.43524e-58,1.93637,0.596347,4.11831
2023-04-11,1.75627e-06,8.43562e-59,3.53564e-77,2.2508e-58,1.95592,0.602311,4.19656
2023-04-12,1.74002e-06,7.68008e-59,3.07645e-77,2.02248e-58,1.93932,0.59675,4.15315
2023-04-13,1.79079e-06,7.01407e-59,2.74128e-77,1.88794e-58,1.99701,0.614327,4.22065
2023-04-14,1.81373e-06,6.34454e-59,2.36931e-77,1.74029e-58,2.02527,0.622713,4.23359
2023-04-15,1.80595e-06,5.55956e-59,2.06485e-77,1.56388e-58,2.017,0.620229,4.20971
2023-04-16,1.8411e-06,4.95836e-59,1.80373e-77,1.40429e-58,2.05852,0.632647,4.21104
2023-04-17,1.79505e-06,4.13537e-59,1.4951e-77,1.20306e-58,2.0086,0.617001,4.08954
2023-04-18,1.83629e-06,3.75195e-59,1.30545e-77,1.10108e-58,2.05545,0.631507,4.22151
2023-04-19,1.67215e-06,3.01004e-59,1.02042e-77,9.11198e-59,1.87238,0.57497,4.00156
2023-04-20,1.64886e-06,2.68837e-59,9.00267e-78,8.08475e-59,1.84534,0.566832,3.92465
2023-04-21,1.55767e-06,2.3837e-59,7.61269e-78,7.21364e-59,1.7475,0.535654,3.78836
2023-04-22,1.59652e-06,2.24994e-59,6.88918e-78,6.83401e-59,1.79102,0.549078,3.86534
2023-04-23,1.57395e-06,1.92978e-59,5.61166e-78,5.9253e-59,1.76788,0.541536,3.8339
2023-04-24,1.57197e-06,1.75124e-59,5.00502e-78,5.30547e-59,1.76458,0.540819,3.82283
2023-04-25,1.61439e-06,1.60747e-59,4.40792e-78,4.89505e-59,1.81076,0.55549,3.93259
2023-04-26,1.58715e-06,1.41738e-59,3.73625e-78,4.24703e-59,1.77928,0.546069,3.9485
2023-04-27,1.62539e-06,1.29266e-59,3.28398e-78,3.90327e-59,1.82254,0.559346,4.09545
2023-04-28,1.62749e-06,1.14626e-59,2.86881e-78,3.44333e-59,1.82522,0.560101,4.07306
2023-04-29,1.6364e-06,1.03236e-59,2.50059e-78,3.1271e-59,1.83626,0.563443,4.06177
2023-04-30,1.6124e-06,9.22601e-60,2.14054e-78,2.75444e-59,1.81116,0.55526,4.06216
2023-05-01,1.56956e-06,7.97322e-60,1.87473e-78,2.39381e-59,1.76437,0.540954,3.90028
2023-05-02,1.58473e-06,7.08401e-60,1.68156e-78,2.14866e-59,1.78159,0.546177,3.98387
2023-05-03,1.60738e-06,6.3272e-60,1.47225e-78,1.91233e-59,1.80715,0.553944,4.03338
2023-05-04,1.58766e-06,5.55238e-60,1.27138e-78,1.68606e-59,1.78502,0.547116,4.00726
2023-05-05,1.62032e-06,5.17168e-60,1.14138e-78,1.57394e-59,1.82218,0.558425,4.10001
2023-05-06,1.55465e-06,4.43175e-60,9.4148e-79,1.33177e-59,1.74926,0.535983,4.00865
2023-05-07,1.54014e-06,3.93721e-60,8.20819e-79,1.18426e-59,1.73344,0.531154,3.95056
2023-05-08,1.45923e-06,3.40309e-60,6.90576e-79,1.01565e-59,1.64605,0.503721,3.84477
2023-05-09,1.46299e-06,3.08391e-60,6.17551e-79,9.19279e-60,1.65,0.505115,3.83914
2023-05-10,1.47801e-06,2.76696e-60,5.4855e-79,8.2799e-60,1.66588,0.510249,3.83504
2023-05-11,1.43494e-06,2.42832e-60,4.62206e-79,7.28922e-60,1.62116,0.496306,3.74747
2023-05-12,1.44707e-06,2.17016e-60,3.94896e-79,6.44302e-60,1.63728,0.501085,3.72335
2023-05-13,1.43913e-06,1.93832e-60,3.39866e-79,5.76126e-60,1.62814,0.498346,3.72061
2023-05-14,1.47101e-06,1.78724e-60,3.14727e-79,5.30582e-60,1.65944,0.508351,3.74039
2023-05-15,1.48302e-06,1.62238e-60,2.73614e-79,4.76198e-60,1.67299,0.512413,3.77437
2023-05-16,1.50768e-06,1.49657e-60,2.43832e-79,4.44456e-60,1.69725,0.519679,3.75654
2023-05-17,1.52872e-06,1.36443e-60,2.1103e-79,4.05446e-60,1.7227,0.527511,3.8082
2023-05-18,1.50182e-06,1.20211e-60,1.79371e-79,3.53009e-60,1.69404,0.518737,3.727
2023-05-19,1.50844e-06,1.0854e-60,1.58403e-79,3.19404e-60,1.70324,0.521424,3.7352
2023-05-20,1.51186e-06,9.61957e-61,1.39363e-79,2.84071e-60,1.70763,0.522705,3.76607
2023-05-21,1.48625e-06,8.45747e-61,1.17901e-79,2.48989e-60,1.67992,0.514053,3.71679
2023-05-22,1.50896e-06,7.82627e-61,1.07376e-79,2.28939e-60,1.70414,0.521463,3.73089
2023-05-23,1.52253e-06,6.76845e-61,9.05584e-80,1.98628e-60,1.71998,0.526464,3.78235
2023-05-24,1.47638e-06,5.7771e-61,7.39248e-80,1.6898e-60,1.66806,0.510639,3.6586
2023-05-25,1.47747e-06,5.21e-61,6.46863e-80,1.52765e-60,1.67032,0.511305,3.67871
2023-05-26,1.49e-06,4.57857e-61,5.51395e-80,1.33687e-60,1.68649,0.516202,3.71097
2023-05-27,1.51657e-06,4.11526e-61,4.9071e-80,1.19892e-60,1.71612,0.525366,3.73158
2023-05-28,1.56078e-06,3.86697e-61,4.41181e-80,1.11105e-60,1.76718,0.540876,3.89982
2023-05-29,1.54121e-06,3.34049e-61,3.76701e-80,9.80745e-61,1.74602,0.534254,3.85416
2023-05-30,1.55794e-06,3.07836e-61,3.29387e-80,9.17776e-61,1.76489,0.53965,3.84833
2023-05-31,1.52008e-06,2.57219e-61,2.6419e-80,7.70065e-61,1.72539,0.527472,3.78106
2023-06-01,1.51123e-06,2.27473e-61,2.27353e-80,6.82153e-61,1.71379,0.523983,3.72654
2023-06-02,1.54586e-06,2.10923e-61,2.03068e-80,6.36611e-61,1.75718,0.537146,3.78554
2023-06-03,1.53219e-06,1.81579e-61,1.69224e-80,5.49235e-61,1.74054,0.531895,3.76145
2023-06-04,1.53411e-06,1.62507e-61,1.4702e-80,4.95268e-61,1.7431,0.532595,3.76785
2023-06-05,1.42974e-06,1.33247e-61,1.20542e-80,4.07251e-61,1.61417,0.492635,3.57511
2023-06-06,1.47716e-06,1.21131e-61,1.03498e-80,3.62475e-61,1.67286,0.510573,3.78381
2023-06-07,1.4121e-06,1.02394e-61,8.63173e-81,3.10804e-61,1.59317,0.485806,3.66003
2023-06-08,1.42189e-06,9.55602e-62,7.72563e-81,2.86378e-61,1.60546,0.489569,3.68217
2023-06-09,1.40605e-06,8.19185e-62,6.3957e-81,2.43945e-61,1.58817,0.483305,3.67927
2023-06-10,1.30956e-06,6.87503e-62,5.22001e-81,2.01083e-61,1.426,0.4327,3.59081
2023-06-11,1.31708e-06,6.19957e-62,4.47e-81,1.81164e-61,1.4353,0.435555,3.60253
2023-06-12,1.31311e-06,5.51572e-62,3.91127e-81,1.60624e-61,1.4309,0.434201,3.5997
2023-06-13,1.32056e-06,5.03178e-62,3.31499e-81,1.47383e-61,1.43918,0.437053,3.60374
2023-06-14,1.26723e-06,4.30813e-62,2.747e-81,1.26471e-61,1.37487,0.417738,3.49179
2023-06-15,1.27354e-06,3.87465e-62,2.39976e-81,1.14517e-61,1.38346,0.420003,3.55708
2023-06-16,1.2966e-06,3.42272e-62,2.11445e-81,1.01528e-61,1.41025,0.42833,3.66082
2023-06-17,1.31245e-06,3.06114e-62,1.8731e-81,9.09516e-62,1.42815,0.434064,3.68472
2023-06-18,1.30386e-06,2.67229e-62,1.6116e-81,7.71898e-62,1.42014,0.430915,3.66012
2023-06-19,1.32124e-06,2.37984e-62,1.43195e-81,6.98478e-62,1.44038,0.43726,3.73021
2023-06-20,1.37931e-06,2.16406e-62,1.266e-81,6.36892e-62,1.50407,0.457764,3.93359
2023-06-21,1.44117e-06,2.08496e-62,1.18048e-81,6.45433e-62,1.578,0.480571,4.16786
2023-06-22,1.42665e-06,1.84695e-62,1.02787e-81,5.75419e-62,1.56112,0.475246,4.15272
2023-06-23,1.46082e-06,1.70423e-62,9.33378e-82,5.27786e-62,1.60277,0.487858,4.26438
2023-06-24,1.42345e-06,1.44291e-62,7.81252e-82,4.39766e-62,1.55999,0.47426,4.242
2023-06-25,1.42922e-06,1.30589e-62,6.90986e-82,4.00973e-62,1.56709,0.4765,4.233
2023-06-26,1.40471e-06,1.16001e-62,5.81141e-82,3.50978e-62,1.53946,0.467508,4.20594
2023-06-27,1.43116e-06,1.07951e-62,5.17203e-82,3.25125e-62,1.5715,0.477185,4.26492
2023-06-28,1.36166e-06,9.08649e-63,4.1807e-82,2.70798e-62,1.49038,0.451612,4.17946
2023-06-29,1.39273e-06,8.5759e-63,3.7955e-82,2.50821e-62,1.52605,0.462773,4.23086
2023-06-30,1.46032e-06,7.44666e-63,3.21947e-82,2.40604e-62,1.60859,0.48647,4.23429
2023-07-01,1.46691e-06,6.7106e-63,2.78505e-82,2.19029e-62,1.61609,0.489122,4.25012
2023-07-02,1.48381e-06,6.18914e-63,2.43556e-82,2.06001e-62,1.63663,0.495333,4.25444
2023-07-03,1.49082e-06,5.70684e-63,2.07919e-82,1.8836e-62,1.64523,0.497901,4.32936
2023-07-04,1.47225e-06,4.85289e-63,1.68466e-82,1.58658e-62,1.62294,0.491147,4.27521
2023-07-05,1.44412e-06,4.18671e-63,1.42897e-82,1.36603e-62,1.58896,0.480838,4.23885
2023-07-06,1.40978e-06,3.58524e-63,1.18214e-82,1.19595e-62,1.54811,0.468212,4.15417
2023-07-07,1.4467e-06,3.36697e-63,1.09123e-82,1.11332e-62,1.59435,0.481889,4.2166
2023-07-08,1.44695e-06,2.98892e-63,9.438e-83,9.85738e-63,1.59518,0.481955,4.20826
2023-07-09,1.43979e-06,2.68138e-63,8.07636e-83,8.87903e-63,1.58653,0.479324,4.19104
2023-07-10,1.46074e-06,2.46949e-63,7.1023e-83,8.23266e-63,1.61238,0.486981,4.22589
2023-07-11,1.46933e-06,2.22009e-63,6.24328e-83,7.31391e-63,1.62377,0.490107,4.25515
2023-07-12,1.45773e-06,1.93588e-63,5.40077e-83,6.35983e-63,1.60941,0.485884,4.22151
2023-07-13,1.61963e-06,1.8915e-63,5.25486e-83,6.40323e-63,1.86281,0.555921,4.37078
2023-07-14,1.56515e-06,1.54446e-63,4.00678e-83,4.9809e-63,1.78786,0.535568,4.21206
2023-07-15,1.58095e-06,1.38067e-63,3.42439e-83,4.48333e-63,1.80909,0.54204,4.20893
2023-07-16,1.56524e-06,1.2329e-63,2.87605e-83,4.02167e-63,1.79404,0.536102,4.20094
2023-07-17,1.57472e-06,1.10077e-63,2.39621e-83,3.55529e-63,1.8032,0.539714,4.18788
2023-07-18,1.55717e-06,1.0112e-63,2.04808e-83,3.26251e-63,1.78343,0.532951,4.14913
2023-07-19,1.57071e-06,9.24563e-64,1.83452e-83,2.97396e-63,1.8064,0.538051,4.15609
2023-07-20,1.56333e-06,8.06373e-64,1.58041e-83,2.56686e-63,1.79281,0.53525,4.14091
2023-07-21,1.56465e-06,7.0092e-64,1.34783e-83,2.23933e-63,1.79114,0.535708,4.15505
2023-07-22,1.53661e-06,6.09514e-64,1.13923e-83,1.95087e-63,1.7515,0.525117,4.14008
2023-07-23,1.54876e-06,5.45112e-64,1.0216e-83,1.75057e-63,1.76711,0.529699,4.18034
2023-07-24,1.50169e-06,4.59131e-64,8.60312e-84,1.48635e-63,1.70634,0.511985,4.05427
2023-07-25,1.51091e-06,4.12179e-64,7.70527e-84,1.32605e-63,1.71954,0.515349,4.06155
2023-07-26,1.52651e-06,3.71512e-64,6.5669e-84,1.19341e-63,1.74018,0.521097,4.07865
2023-07-27,1.5195e-06,3.2124e-64,5.55703e-84,1.05228e-63,1.73186,0.51855,4.0607
2023-07-28,1.5184e-06,2.88523e-64,4.90992e-84,9.51688e-64,1.72937,0.518143,4.0734
2023-07-29,1.53583e-06,2.62195e-64,4.40311e-84,8.66013e-64,1.75066,0.524664,4.07878
2023-07-30,1.51227e-06,2.23167e-64,3.74002e-84,7.39355e-64,1.71996,0.515785,4.0688
2023-07-31,1.50544e-06,1.93079e-64,3.19717e-84,6.53352e-64,1.71035,0.513216,4.06202
2023-08-01,1.52103e-06,1.75257e-64,2.81899e-84,5.94498e-64,1.7291,0.51904,4.12785
2023-08-02,1.46803e-06,1.46493e-64,2.32253e-84,4.96055e-64,1.66485,0.499616,4.05559
2023-08-03,1.44596e-06,1.32476e-64,2.02373e-84,4.43701e-64,1.63868,0.491571,4.05665
2023-08-04,1.44407e-06,1.18103e-64,1.77384e-84,3.95179e-64,1.63663,0.490867,4.04558
2023-08-05,1.44598e-06,1.06704e-64,1.55563e-84,3.56979e-64,1.63899,0.491542,4.03977
2023-08-06,1.44221e-06,9.42194e-65,1.35132e-84,3.18967e-64,1.63473,0.490153,4.04203
2023-08-07,1.44804e-06,8.56485e-65,1.19132e-84,2.88362e-64,1.64151,0.492243,4.05907
2023-08-08,1.47665e-06,7.82156e-65,1.06955e-84,2.65584e-64,1.67648,0.502704,4.1368
2023-08-09,1.48018e-06,7.16064e-65,9.45019e-85,2.39948e-64,1.68092,0.50403,4.11061
2023-08-10,1.46965e-06,6.36088e-65,8.1238e-85,2.15983e-64,1.66856,0.500175,4.09307
2023-08-11,1.46556e-06,5.67025e-65,7.14229e-85,1.95998e-64,1.66374,0.4987,4.08894
2023-08-12,1.46875e-06,5.02899e-65,6.27197e-85,1.7638e-64,1.66798,0.499856,4.08952
2023-08-13,1.45331e-06,4.35227e-65,5.38696e-85,1.54628e-64,1.6491,0.494209,4.07196
2023-08-14,1.46316e-06,3.90084e-65,4.75128e-85,1.39652e-64,1.66145,0.497786,4.08962
2023-08-15,1.42455e-06,3.30493e-65,3.95835e-85,1.18159e-64,1.61463,0.483655,4.05753
2023-08-16,1.36799e-06,2.75713e-65,3.16842e-85,9.818e-65,1.54658,0.462879,3.99229
2023-08-17,1.25553e-06,2.1885e-65,2.48048e-85,7.93489e-65,1.41345,0.422312,3.6995
2023-08-18,1.25721e-06,1.93906e-65,2.15245e-85,7.10022e-65,1.41501,0.422975,3.62037
2023-08-19,1.26704e-06,1.79124e-65,1.91826e-85,6.49098e-65,1.42708,0.426537,3.62677
2023-08-20,1.27655e-06,1.61837e-65,1.68856e-85,5.91288e-65,1.43775,0.429955,3.63927
2023-08-21,1.25524e-06,1.46725e-65,1.44729e-85,5.31346e-65,1.4112,0.422224,3.63051
2023-08-22,1.24119e-06,1.26422e-65,1.27175e-85,4.5999e-65,1.39467,0.417192,3.62065
2023-08-23,1.27163e-06,1.13353e-65,1.12529e-85,4.06077e-65,1.43182,0.428147,3.673
2023-08-24,1.25625e-06,9.77951e-66,9.62394e-86,3.4959e-65,1.41341,0.422584,3.63789
2023-08-25,1.24801e-06,8.61328e-66,8.56363e-86,3.06216e-65,1.40297,0.419606,3.62121
2023-08-26,1.24358e-06,7.65376e-66,7.4588e-86,2.76259e-65,1.39776,0.418039,3.61529
2023-08-27,1.25713e-06,6.88085e-66,6.60482e-86,2.47504e-65,1.41408,0.422897,3.62702
2023-08-28,1.25227e-06,6.08851e-66,5.65286e-86,2.19451e-65,1.40846,0.421156,3.62955
2023-08-29,1.32149e-06,5.36318e-66,5.02054e-86,1.93273e-65,1.491,0.445849,3.85137
2023-08-30,1.29173e-06,4.6786e-66,4.30563e-86,1.65736e-65,1.45569,0.435261,3.79352
2023-08-31,1.24335e-06,4.08965e-66,3.57407e-86,1.43715e-65,1.39766,0.417836,3.60465
2023-09-01,1.22458e-06,3.54515e-66,3.01535e-86,1.23448e-65,1.37377,0.410658,3.58578
2023-09-02,1.22806e-06,3.14163e-66,2.63479e-86,1.08885e-65,1.37836,0.411982,3.59474
2023-09-03,1.22795e-06,2.75199e-66,2.29641e-86,9.40233e-66,1.37823,0.411921,3.60887
2023-09-04,1.22778e-06,2.46683e-66,2.02144e-86,8.3891e-66,1.3782,0.411831,3.5887
2023-09-05,1.23458e-06,2.19135e-66,1.76761e-86,7.42815e-66,1.38673,0.414359,3.58399
2023-09-06,1.22912e-06,1.91507e-66,1.51178e-86,6.51023e-66,1.37981,0.412283,3.57952
2023-09-07,1.23671e-06,1.71541e-66,1.35358e-86,5.83708e-66,1.3895,0.415143,3.64831
2023-09-08,1.22258e-06,1.49443e-66,1.15277e-86,5.13626e-66,1.37175,0.409772,3.60044
2023-09-09,1.21952e-06,1.2956e-66,9.99843e-87,4.49252e-66,1.36795,0.408607,3.5992
2023-09-10,1.19393e-06,1.11896e-66,8.30733e-87,3.8393e-66,1.33569,0.398892,3.59086
2023-09-11,1.16341e-06,9.8132e-67,6.87981e-87,3.37752e-66,1.29707,0.387362,3.4965
2023-09-12,1.1826e-06,9.3411e-67,6.17101e-87,3.15632e-66,1.32137,0.39454,3.59066
2023-09-13,1.19731e-06,8.55123e-67,5.51465e-87,2.87092e-66,1.33993,0.400076,3.64372
2023-09-14,1.21027e-06,7.90346e-67,4.99622e-87,2.6599e-66,1.35622,0.404952,3.68551
2023-09-15,1.22913e-06,7.14893e-67,4.45204e-87,2.39149e-66,1.38016,0.412038,3.69625
2023-09-16,1.22508e-06,6.34469e-67,3.86626e-87,2.08824e-66,1.37518,0.41052,3.69065
2023-09-17,1.21055e-06,5.54568e-67,3.35152e-87,1.81442e-66,1.35706,0.405018,3.68618
2023-09-18,1.22616e-06,5.13992e-67,3.0301e-87,1.64883e-66,1.3768,0.410858,3.71883
2023-09-19,1.24409e-06,4.66287e-67,2.708e-87,1.47334e-66,1.39951,0.417614,3.78105
2023-09-20,1.23991e-06,4.1197e-67,2.3391e-87,1.2984e-66,1.39398,0.415982,3.7692
2023-09-21,1.20865e-06,3.56995e-67,1.98224e-87,1.12129e-66,1.35458,0.404123,3.69181
2023-09-22,1.21099e-06,3.24374e-67,1.77735e-87,1.02881e-66,1.35759,0.405008,3.69349
2023-09-23,1.21463e-06,2.87996e-67,1.54636e-87,9.26752e-67,1.36202,0.406362,3.69291
2023-09-24,1.19807e-06,2.49908e-67,1.3373e-87,8.0305e-67,1.34131,0.400108,3.64739
2023-09-25,1.20195e-06,2.23052e-67,1.19137e-87,7.22505e-67,1.34642,0.401549,3.65523
2023-09-26,1.20011e-06,2.00422e-67,1.05045e-87,6.48898e-67,1.34388,0.400827,3.64368
2023-09-27,1.19692e-06,1.78002e-67,9.26975e-88,5.70516e-67,1.3401,0.399614,3.66471
2023-09-28,1.22471e-06,1.62794e-67,8.38255e-88,5.21604e-67,1.3753,0.410062,3.75481
2023-09-29,1.2335e-06,1.46443e-67,7.22743e-88,4.69214e-67,1.38658,0.413448,3.7389
2023-09-30,1.24124e-06,1.31696e-67,6.3599e-88,4.21075e-67,1.39663,0.416342,3.74663
2023-10-01,1.2862e-06,1.18681e-67,5.66582e-88,3.79174e-67,1.45133,0.432461,3.88976
2023-10-02,1.23564e-06,9.96164e-68,4.50792e-88,3.16096e-67,1.3937,0.415104,3.82055
2023-10-03,1.22623e-06,8.55675e-68,3.86239e-88,2.75126e-67,1.38325,0.411716,3.81109
2023-10-04,1.21894e-06,7.81482e-68,3.36287e-88,2.46175e-67,1.37585,0.409689,3.86002
2023-10-05,1.19769e-06,6.74844e-68,2.76093e-88,2.1454e-67,1.35198,0.402502,3.80886
2023-10-06,1.22868e-06,6.30519e-68,2.45335e-88,1.9954e-67,1.38872,0.413555,3.88122
2023-10-07,1.22106e-06,5.67772e-68,2.10957e-88,1.79425e-67,1.38111,0.411236,3.88477
2023-10-08,1.21219e-06,5.21095e-68,1.86214e-88,1.64802e-67,1.37178,0.408422,3.87927
2023-10-09,1.17255e-06,4.53937e-68,1.56968e-88,1.43261e-67,1.32554,0.394584,3.83384
2023-10-10,1.16775e-06,4.03835e-68,1.35529e-88,1.26988e-67,1.32118,0.393192,3.80604
2023-10-11,1.16383e-06,3.55531e-68,1.15502e-88,1.11127e-67,1.31577,0.391624,3.73454
2023-10-12,1.1413e-06,2.96012e-68,9.46988e-89,9.26261e-68,1.28826,0.383467,3.71843
2023-10-13,1.14872e-06,2.66709e-68,8.38132e-89,8.25913e-68,1.29854,0.386438,3.73266
2023-10-14,1.15005e-06,2.35368e-68,7.23093e-89,7.23897e-68,1.30094,0.387093,3.73134
2023-10-15,1.15444e-06,2.10064e-68,6.31107e-89,6.51424e-68,1.30683,0.388777,3.77326
2023-10-16,1.19227e-06,1.98709e-68,5.76964e-89,6.12339e-68,1.35386,0.402376,3.96038
2023-10-17,1.16714e-06,1.70764e-68,4.81381e-89,5.27343e-68,1.32543,0.39324,3.94581
2023-10-18,1.14994e-06,1.41027e-68,3.84756e-89,4.42951e-68,1.30354,0.386813,3.93526
2023-10-19,1.16348e-06,1.29878e-68,3.35988e-89,4.12015e-68,1.32226,0.391471,3.98997
2023-10-20,1.19391e-06,1.18564e-68,2.95364e-89,3.82369e-68,1.3644,0.403541,4.12272
2023-10-21,1.2479e-06,1.07461e-68,2.60623e-89,3.49292e-68,1.42655,0.421437,4.15617
2023-10-22,1.2756e-06,9.97596e-69,2.34378e-89,3.26099e-68,1.4583,0.430516,4.16766
2023-10-23,1.33825e-06,9.64861e-69,2.12226e-89,3.0802e-68,1.54336,0.454963,4.5953
2023-10-24,1.34192e-06,8.54622e-69,1.9164e-89,2.73527e-68,1.5465,0.457445,4.7138
2023-10-25,1.41914e-06,9.00637e-69,1.65004e-89,2.97137e-68,1.62674,0.481846,4.79346
2023-10-26,1.41781e-06,8.37926e-69,1.48205e-89,2.75957e-68,1.63347,0.484262,4.74561
2023-10-27,1.39574e-06,7.27917e-69,1.22899e-89,2.35848e-68,1.61164,0.477841,4.70953
2023-10-28,1.39224e-06,6.56962e-69,1.04231e-89,2.11702e-68,1.61026,0.477725,4.73579
2023-10-29,1.40797e-06,5.90911e-69,9.29365e-90,1.90697e-68,1.63224,0.483857,4.79761
2023-10-30,1.43619e-06,5.40258e-69,8.17371e-90,1.73196e-68,1.67445,0.495744,4.7905
2023-10-31,1.47206e-06,5.1214e-69,7.14361e-90,1.66308e-68,1.73353,0.51115,4.81344
2023-11-01,1.50148e-06,4.39049e-69,5.79008e-90,1.35731e-68,1.77486,0.523765,4.92205
2023-11-02,1.46726e-06,3.79624e-69,4.7806e-90,1.1736e-68,1.74356,0.514672,4.85538
2023-11-03,1.48372e-06,3.31313e-69,4.1265e-90,1.02596e-68,1.76347,0.520394,4.82414
2023-11-04,1.50859e-06,3.10613e-69,3.72739e-90,9.63719e-69,1.799,0.530592,4.87212
2023-11-05,1.53106e-06,2.78653e-69,3.22016e-90,8.63169e-69,1.82889,0.539396,4.86514
2023-11-06,1.58928e-06,2.68874e-69,2.91545e-90,8.23345e-69,1.90218,0.560445,4.8699
2023-11-07,1.56546e-06,2.34932e-69,2.46616e-90,7.23649e-69,1.87549,0.55277,4.91895
2023-11-08,1.61681e-06,2.14908e-69,2.09801e-90,6.60129e-69,1.93547,0.569723,4.9503
2023-11-09,1.65894e-06,1.89752e-69,1.78572e-90,5.86895e-69,2.00291,0.589593,5.09987
2023-11-10,1.72766e-06,1.79964e-69,1.60795e-90,5.57222e-69,2.09183,0.615356,5.18332
2023-11-11,1.69969e-06,1.6012e-69,1.39415e-90,4.59902e-69,2.09232,0.616063,5.15947
2023-11-12,1.69617e-06,1.45132e-69,1.22039e-90,4.20592e-69,2.09392,0.615946,5.15032
2023-11-13,1.62915e-06,1.36273e-69,1.0363e-90,3.96993e-69,2.01245,0.59372,5.06677
2023-11-14,1.60818e-06,1.15426e-69,8.76913e-91,3.36053e-69,2.00272,0.588729,4.94008
2023-11-15,1.70039e-06,1.1108e-69,8.04773e-91,3.28176e-69,2.12457,0.623195,5.26066
2023-11-16,1.61355e-06,9.72773e-70,6.54043e-91,2.76656e-69,2.00217,0.589651,5.02517
2023-11-17,1.62244e-06,8.82401e-70,5.78457e-91,2.50988e-69,2.01492,0.593273,5.08775
2023-11-18,1.60387e-06,7.6208e-70,4.93599e-91,2.17155e-69,1.99315,0.586778,5.08139
2023-11-19,1.64254e-06,7.11866e-70,4.50696e-91,2.00788e-69,2.04758,0.601983,5.19141
2023-11-20,1.61874e-06,6.50235e-70,4.10114e-91,1.77144e-69,2.00821,0.59248,5.20376
2023-11-21,1.49419e-06,5.15035e-70,3.13756e-91,1.39943e-69,1.84636,0.544947,4.96655
2023-11-22,1.58636e-06,5.12116e-70,2.92008e-91,1.36263e-69,1.97137,0.580994,5.19814
2023-11-23,1.58402e-06,4.63432e-70,2.58185e-91,1.24394e-69,1.96964,0.580707,5.1823
2023-11-24,1.59391e-06,4.22402e-70,2.25796e-91,1.14434e-69,1.98419,0.585021,5.24056
2023-11-25,1.61205e-06,3.7892e-70,1.96363e-91,1.01747e-69,2.01236,0.592694,5.24988
2023-11-26,1.58743e-06,3.2281e-70,1.69563e-91,8.76736e-70,1.98266,0.583845,5.20358
2023-11-27,1.55333e-06,2.75171e-70,1.45743e-91,7.43103e-70,1.93792,0.571158,5.17513
2023-11-28,1.57797e-06,2.53654e-70,1.31379e-91,6.89466e-70,1.97366,0.580706,5.25519
2023-11-29,1.57614e-06,2.25708e-70,1.13021e-91,6.11473e-70,1.97444,0.580372,5.26016
2023-11-30,1.58502e-06,2.01242e-70,9.75234e-92,5.42084e-70,1.98759,0.584393,5.24201
2023-12-01,1.61204e-06,1.81599e-70,8.50377e-92,4.88995e-70,2.02259,0.594743,5.3752
2023-12-02,1.65874e-06,1.6856e-70,7.57499e-92,4.44344e-70,2.08442,0.612726,5.4819
2023-12-03,1.64953e-06,1.48335e-70,6.37464e-92,3.88705e-70,2.07605,0.610272,5.55442
2023-12-04,1.6758e-06,1.35579e-70,5.56325e-92,3.577e-70,2.11001,0.620125,5.83496
2023-12-05,1.69468e-06,1.22574e-70,4.98608e-92,3.22446e-70,2.1397,0.628287,6.12429
2023-12-06,1.68238e-06,1.07937e-70,4.28356e-92,2.82418e-70,2.14643,0.63001,6.08113
2023-12-07,1.71619e-06,9.88145e-71,3.69944e-92,2.58899e-70,2.19814,0.645495,6.0131
2023-12-08,1.82298e-06,9.32615e-71,3.31541e-92,2.44437e-70,2.33234,0.683299,6.13786
2023-12-09,1.80981e-06,8.07172e-71,2.90101e-92,2.13596e-70,2.30273,0.673943,6.07431
2023-12-10,1.86762e-06,7.33789e-71,2.63939e-92,1.96983e-70,2.38801,0.695117,6.08486
2023-12-11,1.76645e-06,6.25095e-71,2.205e-92,1.67977e-70,2.26742,0.657377,5.73245
2023-12-12,1.76221e-06,5.86976e-71,1.93498e-92,1.61628e-70,2.26779,0.657984,5.76565
2023-12-13,1.78486e-06,5.18018e-71,1.64077e-92,1.42068e-70,2.31376,0.670497,5.95695
2023-12-14,1.81346e-06,4.89171e-71,1.46011e-92,1.32724e-70,2.35372,0.681975,5.97824
2023-12-15,1.74452e-06,4.18759e-71,1.19158e-92,1.14251e-70,2.27524,0.657454,5.82789
2023-12-16,1.77246e-06,4.01759e-71,1.05364e-92,1.10474e-70,2.32541,0.669921,5.87482
2023-12-17,1.72111e-06,3.343e-71,8.71394e-93,9.36702e-71,2.2582,0.65136,5.74929
2023-12-18,1.73575e-06,3.08876e-71,7.71696e-93,8.62938e-71,2.28238,0.657288,5.9276
2023-12-19,1.70677e-06,2.6999e-71,6.59795e-93,7.56945e-71,2.24272,0.646676,5.87454
2023-12-20,1.77046e-06,2.4403e-71,6.18925e-93,6.86157e-71,2.33941,0.670218,6.0681
2023-12-21,1.85065e-06,2.27934e-71,5.47537e-93,6.3838e-71,2.45833,0.701859,6.0949
2023-12-22,1.87234e-06,2.072e-71,4.82104e-93,5.90561e-71,2.49408,0.713159,6.1098
2023-12-23,1.89128e-06,1.89001e-71,4.24199e-93,5.34462e-71,2.54064,0.72035,6.07271
2023-12-24,1.87376e-06,1.60565e-71,3.64334e-93,4.61963e-71,2.51846,0.711341,5.97396
2023-12-25,1.926e-06,1.47029e-71,3.24871e-93,4.18611e-71,2.60575,0.736065,6.0552
2023-12-26,1.92903e-06,1.28133e-71,2.78023e-93,3.64266e-71,2.55897,0.727799,5.90691
2023-12-27,1.98881e-06,1.18795e-71,2.36387e-93,3.32788e-71,2.60207,0.746431,6.03474
2023-12-28,1.939e-06,1.08713e-71,1.96197e-93,3.01883e-71,2.52393,0.726425,5.91453
2023-12-29,1.91637e-06,9.88704e-72,1.63617e-93,2.7312e-71,2.5052,0.71857,5.84549
2023-12-30,1.89059e-06,8.90209e-72,1.42441e-93,2.38927e-71,2.46943,0.709412,5.85568
2023-12-31,1.87776e-06,7.85833e-72,1.22601e-93,2.12041e-71,2.45873,0.707175,5.8756
2024-01-01,1.94111e-06,7.52904e-72,1.0948e-93,2.00825e-71,2.54398,0.73117,6.13905
2024-01-02,1.91713e-06,6.65875e-72,9.14927e-94,1.80441e-71,2.52444,0.726004,6.24568
2024-01-03,1.77082e-06,5.6166e-72,7.22315e-94,1.57977e-71,2.3411,0.673191,5.95364
2024-01-04,1.81556e-06,5.32603e-72,6.35856e-94,1.52231e-71,2.40785,0.692275,6.1351
2024-01-05,1.7599e-06,4.61089e-72,5.45254e-94,1.27541e-71,2.34031,0.672614,6.13427
2024-01-06,1.69984e-06,4.03046e-72,4.46934e-94,1.13622e-71,2.26315,0.649993,6.10971
2024-01-07,1.65443e-06,3.4881e-72,3.81886e-94,9.94342e-72,2.20897,0.63406,6.10424
2024-01-08,1.75315e-06,3.16273e-72,3.53905e-94,8.88816e-72,2.34509,0.673719,6.52417
2024-01-09,1.70564e-06,2.83183e-72,3.04414e-94,7.73823e-72,2.2881,0.656767,6.4073
2024-01-10,1.81775e-06,2.63691e-72,2.729e-94,7.18124e-72,2.43465,0.699701,6.4829
2024-01-11,1.82773e-06,2.32698e-72,2.349e-94,6.40494e-72,2.45373,0.705401,6.43915
2024-01-12,1.71379e-06,2.05283e-72,1.99842e-94,5.64158e-72,2.30508,0.662501,5.94496
2024-01-13,1.75317e-06,1.87044e-72,1.77626e-94,5.05796e-72,2.36093,0.678912,5.95403
2024-01-14,1.69771e-06,1.58815e-72,1.46186e-94,4.32307e-72,2.28962,0.658384,5.799
2024-01-15,1.72523e-06,1.45775e-72,1.30727e-94,3.99624e-72,2.33149,0.67024,5.90721
2024-01-16,1.73802e-06,1.32802e-72,1.12763e-94,3.62319e-72,2.35401,0.676417,5.99432
2024-01-17,1.72065e-06,1.14313e-72,9.83518e-95,3.10814e-72,2.3314,0.669686,5.94404
2024-01-18,1.65906e-06,9.79536e-73,8.00355e-95,2.63142e-72,2.24796,0.645381,5.74274
2024-01-19,1.64436e-06,8.28609e-73,6.74569e-95,2.23438e-72,2.23353,0.640612,5.78881
2024-01-20,1.67293e-06,7.67328e-73,5.9665e-95,2.04452e-72,2.26919,0.651107,5.79395
2024-01-21,1.6441e-06,6.75867e-73,5.28149e-95,1.81393e-72,2.24461,0.643898,5.77787
2024-01-22,1.55216e-06,5.79812e-73,4.24778e-95,1.54435e-72,2.11914,0.607615,5.49825
2024-01-23,1.5204e-06,5.07297e-73,3.50518e-95,1.34639e-72,2.07676,0.594964,5.54405
2024-01-24,1.52819e-06,4.53666e-73,3.03757e-95,1.20232e-72,2.09144,0.599374,5.57007
2024-01-25,1.49962e-06,4.08843e-73,2.5981e-95,1.07609e-72,2.0576,0.588749,5.55287
2024-01-26,1.57085e-06,3.82421e-73,2.33061e-95,1.00389e-72,2.15212,0.61699,5.81166
2024-01-27,1.58444e-06,3.33005e-73,2.04946e-95,8.81533e-73,2.17343,0.623021,5.85295
2024-01-28,1.58404e-06,3.16276e-73,1.81839e-95,8.02788e-73,2.17264,0.622152,5.8405
2024-01-29,1.65131e-06,2.90646e-73,1.66862e-95,7.53637e-73,2.26548,0.650029,6.01721
2024-01-30,1.62834e-06,2.4537e-73,1.38872e-95,6.45057e-73,2.23628,0.641364,5.96696
2024-01-31,1.58287e-06,2.11479e-73,1.14881e-95,5.56585e-73,2.17841,0.624788,5.91678
2024-02-01,1.58503e-06,1.84898e-73,9.34621e-96,4.79553e-73,2.1828,0.626174,5.98667
2024-02-02,1.58803e-06,1.72572e-73,8.13322e-96,4.35435e-73,2.18953,0.627803,6.00294
2024-02-03,1.5664e-06,1.49021e-73,6.86116e-96,3.77558e-73,2.16232,0.619672,5.97669
2024-02-04,1.54319e-06,1.29127e-73,5.60543e-96,3.25453e-73,2.13078,0.610461,5.91718
2024-02-05,1.56796e-06,1.1898e-73,4.77881e-96,2.97197e-73,2.1659,0.620769,5.93467
2024-02-06,1.57279e-06,1.06914e-73,4.17094e-96,2.68232e-73,2.17301,0.622694,5.9889
2024-02-07,1.63058e-06,9.80579e-74,3.71781e-96,2.44928e-73,2.25385,0.645839,6.16268
2024-02-08,1.65402e-06,8.92992e-74,3.24393e-96,2.28306e-73,2.28804,0.65514,6.29317
2024-02-09,1.73134e-06,8.53373e-74,2.88567e-96,2.17972e-73,2.39813,0.687508,6.54942
2024-02-10,1.72393e-06,7.50288e-74,2.53069e-96,1.90999e-73,2.3934,0.686045,6.63534
2024-02-11,1.71136e-06,6.86196e-74,2.1545e-96,1.7466e-73,2.37643,0.681332,6.71162
2024-02-12,1.80412e-06,6.62859e-74,2.05564e-96,1.66567e-73,2.50486,0.718533,6.93635
2024-02-13,1.78908e-06,6.04174e-74,1.72739e-96,1.49972e-73,2.49095,0.714454,6.9061
2024-02-14,1.87042e-06,5.70228e-74,1.57354e-96,1.39232e-73,2.60377,0.746279,7.19729
2024-02-15,1.87576e-06,5.03656e-74,1.36397e-96,1.24411e-73,2.61197,0.748558,7.20908
2024-02-16,1.86951e-06,4.73163e-74,1.20239e-96,1.16654e-73,2.60459,0.746509,7.243
2024-02-17,1.83443e-06,4.20711e-74,9.91459e-97,1.04062e-73,2.55707,0.732953,7.1761
2024-02-18,1.87134e-06,3.82058e-74,8.48004e-97,9.3596e-74,2.61594,0.749291,7.24489
2024-02-19,1.86697e-06,3.37877e-74,7.35259e-97,8.35083e-74,2.61047,0.748182,7.19446
2024-02-20,1.84657e-06,3.07749e-74,6.33065e-97,7.56062e-74,2.58466,0.740077,7.26173
2024-02-21,1.80838e-06,2.67948e-74,5.35944e-97,6.65752e-74,2.53048,0.72444,7.20483
2024-02-22,1.77959e-06,2.34143e-74,4.64533e-97,5.85831e-74,2.49143,0.712976,7.12688
2024-02-23,1.72153e-06,2.03218e-74,3.93844e-97,5.10363e-74,2.41054,0.689526,7.05125
2024-02-24,1.78631e-06,1.95215e-74,3.66761e-97,4.74398e-74,2.50084,0.715526,7.16576
2024-02-25,1.79569e-06,1.78119e-74,3.15044e-97,4.2811e-74,2.51659,0.719922,7.18808
2024-02-26,1.85548e-06,1.6671e-74,2.92151e-97,4.00474e-74,2.60561,0.744913,7.56988
2024-02-27,1.86047e-06,1.49503e-74,2.51484e-97,3.62826e-74,2.61482,0.746836,7.92574
2024-02-28,1.90762e-06,1.32092e-74,2.11005e-97,3.18971e-74,2.69791,0.769232,8.67537
2024-02-29,1.90758e-06,1.19344e-74,1.79802e-97,2.88403e-74,2.68946,0.768957,8.49457
2024-03-01,1.98682e-06,1.11362e-74,1.59199e-97,2.71913e-74,2.80141,0.80021,8.66923
2024-03-02,2.03367e-06,1.01362e-74,1.47016e-97,2.48389e-74,2.86647,0.818449,8.61356
2024-03-03,2.04284e-06,9.17378e-75,1.30983e-97,2.22463e-74,2.8826,0.822249,8.77012
2024-03-04,2.12743e-06,9.37533e-75,1.17454e-97,2.27844e-74,2.99917,0.850888,9.48321
2024-03-05,1.97971e-06,7.69525e-75,8.9457e-98,1.88874e-74,2.76632,0.789848,8.85489
2024-03-06,2.06083e-06,7.27247e-75,7.99547e-98,1.73605e-74,2.89439,0.827199,9.18145
2024-03-07,2.14282e-06,7.16326e-75,7.46782e-98,1.70952e-74,3.00467,0.860192,9.28555
2024-03-08,2.14711e-06,6.41767e-75,6.32629e-98,1.54906e-74,3.0172,0.862502,9.46633
2024-03-09,2.16827e-06,5.7018e-75,5.52855e-98,1.38783e-74,3.05638,0.872044,9.49261
2024-03-10,2.17883e-06,5.00517e-75,4.68784e-98,1.22107e-74,3.07087,0.87661,9.5819
2024-03-11,2.25154e-06,4.72578e-75,4.10803e-98,1.1212e-74,3.18777,0.909713,10.0158
2024-03-12,2.21765e-06,4.15678e-75,3.49586e-98,9.51652e-75,3.15795,0.903649,9.92875
2024-03-13,2.28588e-06,3.78612e-75,2.97523e-98,8.72802e-75,3.26652,0.931872,10.1539
2024-03-14,2.25515e-06,3.4562e-75,2.67892e-98,7.91192e-75,3.23571,0.921488,9.91998
2024-03-15,2.17731e-06,3.08143e-75,2.30209e-98,6.89295e-75,3.1324,0.887989,9.65748
2024-03-16,2.05725e-06,2.65169e-75,2.00433e-98,6.33196e-75,2.94941,0.838561,9.07397
2024-03-17,2.1221e-06,2.44791e-75,1.73916e-98,5.87372e-75,3.05454,0.865696,9.50375
2024-03-18,2.05257e-06,2.05014e-75,1.42982e-98,4.75501e-75,2.95865,0.838278,9.39487
2024-03-19,1.91212e-06,1.78034e-75,1.25169e-98,4.17558e-75,2.73514,0.7795,8.60663
2024-03-20,2.10026e-06,1.7176e-75,1.17775e-98,4.07297e-75,3.01343,0.857043,9.4269
2024-03-21,2.09613e-06,1.55004e-75,1.01324e-98,3.65869e-75,3.0008,0.854965,9.10185
2024-03-22,2.03145e-06,1.29617e-75,8.59622e-99,3.06943e-75,2.91617,0.829573,8.86498
2024-03-23,2.02716e-06,1.17464e-75,7.49042e-99,2.75552e-75,2.91358,0.827614,8.89185
2024-03-24,2.11119e-06,1.10404e-75,6.8502e-99,2.59118e-75,3.04157,0.862048,9.33929
2024-03-25,2.16871e-06,1.00483e-75,5.90232e-99,2.3626e-75,3.12318,0.886487,9.71031
2024-03-26,2.19661e-06,9.1087e-76,5.15191e-99,2.1541e-75,3.16421,0.897411,9.72531
2024-03-27,2.18913e-06,8.60903e-76,4.78523e-99,2.08859e-75,3.15292,0.890977,9.65333
2024-03-28,2.24646e-06,7.95553e-76,4.46667e-99,1.96636e-75,3.24772,0.912524,9.83545
2024-03-29,2.22689e-06,7.01706e-76,3.75009e-99,1.70522e-75,3.22674,0.906392,9.70621
2024-03-30,2.22118e-06,5.97126e-76,3.08697e-99,1.44263e-75,3.2029,0.904095,9.66892
2024-03-31,2.28732e-06,5.46543e-76,2.84709e-99,1.33142e-75,3.30724,0.929386,9.90484
2024-04-01,2.17052e-06,4.99366e-76,2.40548e-99,1.2278e-75,3.14102,0.883612,9.67832
2024-04-02,2.01024e-06,4.45601e-76,1.94897e-99,1.04503e-75,2.91306,0.819133,9.09667
2024-04-03,1.98094e-06,4.09436e-76,1.60878e-99,9.53333e-76,2.87415,0.807275,9.16605
2024-04-04,2.02335e-06,3.73926e-76,1.43973e-99,8.87086e-76,2.94176,0.826042,9.51685
2024-04-05,1.96632e-06,3.30492e-76,1.26795e-99,7.93439e-76,2.8629,0.803055,9.42415
2024-04-06,2.01987e-06,3.09916e-76,1.14265e-99,7.45731e-76,2.93994,0.825162,9.57358
2024-04-07,2.08507e-06,2.9909e-76,1.01532e-99,7.16561e-76,3.02731,0.850905,9.63811
2024-04-08,2.14027e-06,2.71712e-76,8.93668e-100,6.46426e-76,3.11393,0.87519,9.95209
2024-04-09,2.03377e-06,2.26794e-76,7.3043e-100,5.36847e-76,2.96346,0.831868,9.60831
2024-04-10,2.07116e-06,2.07109e-76,6.33883e-100,4.89319e-76,3.02259,0.848091,9.81467
2024-04-11,2.03971e-06,1.77932e-76,5.22748e-100,4.22044e-76,2.98283,0.836939,9.72785
2024-04-12,1.88724e-06,1.32962e-76,4.10014e-100,3.17365e-76,2.67775,0.748119,9.32631
2024-04-13,1.71142e-06,1.06388e-76,3.23173e-100,2.54855e-76,2.38713,0.664354,8.88275
2024-04-14,1.80638e-06,1.08166e-76,2.86841e-100,2.68072e-76,2.5402,0.709992,9.12417
2024-04-15,1.72323e-06,9.03703e-77,2.33934e-100,2.26285e-76,2.44745,0.682795,8.81265
2024-04-16,1.7193e-06,8.5658e-77,2.07771e-100,2.15285e-76,2.44323,0.682595,8.86454
2024-04-17,1.64789e-06,7.10453e-77,1.71205e-100,1.792e-76,2.35606,0.656602,8.51492
2024-04-18,1.70484e-06,6.83595e-77,1.50082e-100,1.74262e-76,2.43968,0.680325,8.81961
2024-04-19,1.70565e-06,6.24883e-77,1.3052e-100,1.58633e-76,2.45115,0.683652,8.86796
2024-04-20,1.83999e-06,5.9487e-77,1.19646e-100,1.49837e-76,2.63191,0.738084,9.02395
2024-04-21,1.84083e-06,5.26243e-77,1.09182e-100,1.32222e-76,2.62885,0.737216,9.02403
2024-04-22,1.93272e-06,4.93368e-77,1.00585e-100,1.25781e-76,2.7526,0.772937,9.28502
2024-04-23,1.95186e-06,4.35344e-77,8.64329e-101,1.12138e-76,2.78905,0.783617,9.22869
2024-04-24,1.88661e-06,3.67291e-77,7.14967e-101,9.44895e-77,2.68828,0.754351,8.93349
2024-04-25,1.89077e-06,3.28206e-77,6.38232e-101,8.53794e-77,2.70423,0.757965,8.9625
2024-04-26,1.8331e-06,2.89685e-77,5.37746e-101,7.66292e-77,2.64402,0.740829,8.86129
2024-04-27,1.82139e-06,2.60615e-77,4.72785e-101,6.93619e-77,2.62801,0.736068,8.81849
2024-04-28,1.80301e-06,2.35413e-77,4.19216e-101,6.25742e-77,2.60616,0.72921,8.77078
2024-04-29,1.80607e-06,2.1094e-77,3.69718e-101,5.59021e-77,2.60931,0.730433,8.87463
2024-04-30,1.68679e-06,1.75986e-77,3.02659e-101,4.69548e-77,2.44903,0.684201,8.4308
2024-05-01,1.69591e-06,1.49613e-77,2.65171e-101,3.99322e-77,2.48032,0.692652,8.11022
2024-05-02,1.7121e-06,1.42112e-77,2.53918e-101,3.86838e-77,2.53304,0.706879,8.20689
2024-05-03,1.82623e-06,1.42847e-77,2.39276e-101,3.86056e-77,2.70878,0.755303,8.7379
2024-05-04,1.90151e-06,1.36771e-77,2.23386e-101,3.64236e-77,2.83377,0.787965,8.87825
2024-05-05,1.87825e-06,1.2117e-77,1.94426e-101,3.20977e-77,2.79853,0.779459,8.89492
2024-05-06,1.87039e-06,1.1416e-77,1.68001e-101,2.93142e-77,2.81979,0.784394,8.77724
2024-05-07,1.78795e-06,9.51259e-78,1.31714e-101,2.43209e-77,2.68656,0.749292,8.65869
2024-05-08,1.75428e-06,8.22007e-78,1.11072e-101,2.12148e-77,2.63051,0.734076,8.50319
2024-05-09,1.83041e-06,7.86591e-78,9.96548e-102,2.03965e-77,2.77089,0.771691,8.76457
2024-05-10,1.76878e-06,6.83327e-78,8.06349e-102,1.74551e-77,2.66361,0.741808,8.44858
2024-05-11,1.77168e-06,6.19882e-78,6.96553e-102,1.58034e-77,2.68399,0.747041,8.45219
2024-05-12,1.76373e-06,5.53297e-78,5.99242e-102,1.40542e-77,2.67689,0.744873,8.54362
2024-05-13,1.76997e-06,4.91694e-78,5.25129e-102,1.24458e-77,2.77267,0.769777,8.74596
2024-05-14,1.72123e-06,4.16864e-78,4.49014e-102,1.0918e-77,2.70323,0.748844,8.55662
2024-05-15,1.80812e-06,3.80391e-78,4.14266e-102,9.95132e-78,2.88339,0.800249,9.19985
2024-05-16,1.70349e-06,3.30489e-78,3.23458e-102,8.64427e-78,2.806,0.779723,9.06488
2024-05-17,1.74612e-06,3.38333e-78,2.87402e-102,8.42678e-78,2.89677,0.80437,9.31344
2024-05-18,1.71295e-06,2.8798e-78,2.29415e-102,7.20007e-78,2.83155,0.78755,9.29832
2024-05-19,1.67035e-06,2.4823e-78,1.95304e-102,6.22682e-78,2.76367,0.769341,9.20922
2024-05-20,1.85124e-06,2.55281e-78,1.88389e-102,6.36562e-78,3.09634,0.858131,9.92799
2024-05-21,1.99358e-06,2.25014e-78,1.56779e-102,5.52349e-78,3.19823,0.878782,9.74758
2024-05-22,1.9664e-06,2.09791e-78,1.34581e-102,5.10909e-78,3.18821,0.877794,9.61117
2024-05-23,1.92442e-06,1.9065e-78,1.14041e-102,4.74033e-78,3.19113,0.871786,9.44484
2024-05-24,1.88152e-06,1.64757e-78,9.55485e-103,4.03931e-78,3.14553,0.8632,9.52548
2024-05-25,1.91532e-06,1.46335e-78,8.31068e-103,3.56935e-78,3.23831,0.88663,9.62839
2024-05-26,1.88625e-06,1.25826e-78,7.03853e-103,3.08739e-78,3.22108,0.876035,9.51961
2024-05-27,1.98205e-06,1.18227e-78,6.36138e-103,2.89548e-78,3.37831,0.916665,9.64866
2024-05-28,1.98798e-06,1.1456e-78,5.91166e-103,2.74402e-78,3.39504,0.923476,9.50442
2024-05-29,1.94181e-06,9.98892e-79,4.71923e-103,2.42235e-78,3.3064,0.905452,9.40076
2024-05-30,1.88422e-06,9.31489e-79,4.10393e-103,2.21071e-78,3.20765,0.880503,9.498
2024-05-31,1.88421e-06,8.64779e-79,3.43851e-103,2.0469e-78,3.22949,0.881819,9.38514
2024-06-01,1.8745e-06,7.70185e-79,2.96424e-103,1.80829e-78,3.21461,0.878521,9.41666
2024-06-02,1.83784e-06,6.68645e-79,2.45205e-103,1.58576e-78,3.15641,0.862467,9.41649
2024-06-03,1.83666e-06,5.81083e-79,2.11071e-103,1.38127e-78,3.18386,0.869874,9.5616
2024-06-04,1.88447e-06,5.74892e-79,1.91334e-103,1.33692e-78,3.27692,0.89456,9.80171
2024-06-05,1.9061e-06,5.25306e-79,1.66529e-103,1.22155e-78,3.32789,0.908743,9.88094
2024-06-06,1.86987e-06,4.55249e-79,1.35436e-103,1.04717e-78,3.26713,0.891333,9.83801
2024-06-07,1.74666e-06,3.70986e-79,1.05004e-103,8.5126e-79,3.03028,0.825025,9.63744
2024-06-08,1.70037e-06,3.22588e-79,9.13018e-104,7.33359e-79,2.9602,0.804491,9.63116
2024-06-09,1.72125e-06,3.0324e-79,8.212e-104,6.97047e-79,3.00374,0.817542,9.67808
2024-06-10,1.66508e-06,2.49857e-79,6.58165e-104,5.85337e-79,2.90547,0.79042,9.66305
2024-06-11,1.60396e-06,2.07154e-79,5.4228e-104,4.84791e-79,2.80083,0.762569,9.35377
2024-06-12,1.64613e-06,1.96553e-79,4.78316e-104,4.6005e-79,2.9021,0.790844,9.48574
2024-06-13,1.58068e-06,1.63678e-79,4.06313e-104,3.96802e-79,2.75714,0.750028,9.27855
2024-06-14,1.54223e-06,1.48153e-79,3.32546e-104,3.48377e-79,2.69428,0.731921,9.17725
2024-06-15,1.55801e-06,1.39354e-79,2.87023e-104,3.27501e-79,2.74274,0.745562,9.20286
2024-06-16,1.58879e-06,1.27384e-79,2.56475e-104,3.00836e-79,2.80226,0.762662,9.26519
2024-06-17,1.50011e-06,1.03223e-79,1.97848e-104,2.39849e-79,2.62878,0.711856,9.24122
2024-06-18,1.43725e-06,9.15071e-80,1.75871e-104,2.12541e-79,2.50763,0.67644,9.05655
2024-06-19,1.43623e-06,8.0724e-80,1.55187e-104,1.87432e-79,2.52229,0.67986,9.02862
2024-06-20,1.42583e-06,6.90067e-80,1.32311e-104,1.62218e-79,2.50736,0.676366,9.01412
2024-06-21,1.41086e-06,6.19167e-80,1.07922e-104,1.42588e-79,2.48471,0.668121,8.91318
2024-06-22,1.4068e-06,5.552e-80,9.35298e-105,1.2607e-79,2.48561,0.668271,8.92964
2024-06-23,1.36338e-06,4.66441e-80,7.5096e-105,1.0795e-79,2.40367,0.644071,8.78345
2024-06-24,1.40097e-06,4.64615e-80,6.44282e-105,1.08828e-79,2.43424,0.65808,8.37816
2024-06-25,1.48109e-06,4.2916e-80,6.03787e-105,1.01507e-79,2.56583,0.696201,8.58836
2024-06-26,1.44621e-06,3.9028e-80,5.23115e-105,9.15313e-80,2.50988,0.679949,8.4576
2024-06-27,1.52495e-06,3.6583e-80,4.63926e-105,8.32021e-80,2.64288,0.718383,8.57452
2024-06-28,1.43891e-06,3.19405e-80,3.84977e-105,7.43339e-80,2.50866,0.680607,8.39685
2024-06-29,1.43668e-06,2.8157e-80,3.33238e-105,6.61272e-80,2.5054,0.679882,8.4745
2024-06-30,1.47472e-06,2.63143e-80,2.98107e-105,6.17908e-80,2.58496,0.701792,8.72259
2024-07-01,1.45988e-06,2.3637e-80,2.5636e-105,5.56971e-80,2.55885,0.694696,8.74037
2024-07-02,1.46282e-06,2.16617e-80,2.16393e-105,5.05513e-80,2.56867,0.697026,8.63414
2024-07-03,1.40588e-06,1.78758e-80,1.72845e-105,4.20798e-80,2.37114,0.643065,8.36638
2024-07-04,1.34721e-06,1.31523e-80,1.1696e-105,3.10229e-80,2.0962,0.566026,7.92748
2024-07-05,1.3234e-06,1.03746e-80,9.22254e-106,2.38412e-80,2.07021,0.556211,7.86895
2024-07-06,1.3979e-06,9.94424e-81,8.26227e-106,2.31163e-80,2.26089,0.612171,8.09146
2024-07-07,1.39429e-06,8.34114e-81,6.98628e-106,2.00589e-80,2.09659,0.565288,7.76182
2024-07-08,1.41095e-06,7.78984e-81,5.77043e-106,1.90468e-80,2.20614,0.594484,7.88088
2024-07-09,1.42272e-06,7.04623e-81,5.21543e-106,1.71034e-80,2.23971,0.603812,8.06644
2024-07-10,1.42968e-06,6.13071e-81,4.51965e-106,1.53411e-80,2.25438,0.609948,8.0214
2024-07-11,1.39687e-06,5.25066e-81,3.63202e-106,1.29167e-80,2.17719,0.588104,7.96777
2024-07-12,1.40086e-06,4.84748e-81,3.21361e-106,1.17976e-80,2.19407,0.592604,8.04408
2024-07-13,1.40601e-06,4.26921e-81,2.73154e-106,1.03232e-80,2.21144,0.596696,8.2268
2024-07-14,1.40507e-06,4.08347e-81,2.50188e-106,9.7852e-81,2.31965,0.629038,8.44828
2024-07-15,1.52623e-06,4.1684e-81,2.39463e-106,1.00498e-80,2.61963,0.712429,8.99385
2024-07-16,1.5357e-06,3.94337e-81,2.16014e-106,9.34998e-81,2.64975,0.7224,9.0383
2024-07-17,1.50698e-06,3.56446e-81,1.87596e-106,8.34457e-81,2.58069,0.704079,8.90546
2024-07-18,1.51357e-06,3.29109e-81,1.63683e-106,7.60509e-81,2.60941,0.71154,8.89155
2024-07-19,1.56223e-06,3.10607e-81,1.44407e-106,7.21589e-81,2.75902,0.752219,9.26286
2024-07-20,1.56129e-06,2.70667e-81,1.22897e-106,6.34203e-81,2.78894,0.76041,9.32955
2024-07-21,1.58188e-06,2.52648e-81,1.09202e-106,5.71991e-81,2.8692,0.78148,9.47203
2024-07-22,1.53548e-06,2.17513e-81,9.07734e-107,4.96652e-81,2.75087,0.748431,9.38403
2024-07-23,1.51338e-06,1.86119e-81,7.40776e-107,4.209e-81,2.68199,0.730693,9.16226
2024-07-24,1.49712e-06,1.68797e-81,6.16881e-107,3.76058e-81,2.64843,0.721639,9.08444
2024-07-25,1.46835e-06,1.56008e-81,5.19682e-107,3.4577e-81,2.58639,0.704389,9.14335
2024-07-26,1.50761e-06,1.49678e-81,4.73877e-107,3.35773e-81,2.7096,0.737665,9.43627
2024-07-27,1.49158e-06,1.33609e-81,3.98318e-107,2.96113e-81,2.67009,0.727362,9.43468
2024-07-28,1.47889e-06,1.20266e-81,3.45547e-107,2.63968e-81,2.63225,0.716349,9.48378
2024-07-29,1.46216e-06,1.04773e-81,2.86462e-107,2.32256e-81,2.59047,0.704961,9.28018
2024-07-30,1.44505e-06,9.04247e-82,2.4322e-107,1.98621e-81,2.54632,0.692279,9.19727
2024-07-31,1.41921e-06,8.274e-82,2.163e-107,1.83825e-81,2.47612,0.673397,8.9805
2024-08-01,1.39589e-06,7.18603e-82,1.79251e-107,1.58967e-81,2.41908,0.657719,9.08138
2024-08-02,1.30853e-06,5.94192e-82,1.44611e-107,1.30084e-81,2.21481,0.601545,8.54561
2024-08-03,1.26209e-06,5.05783e-82,1.20417e-107,1.15427e-81,2.12379,0.576408,8.4344
2024-08-04,1.20414e-06,4.12955e-82,8.90317e-108,9.50348e-82,2.01598,0.546721,8.08187
2024-08-05,1.21913e-06,3.25811e-82,7.0401e-108,7.74856e-82,1.82985,0.495886,7.50628
2024-08-06,1.34451e-06,3.37686e-82,7.13801e-108,7.70953e-82,1.987,0.53859,7.78464
2024-08-07,1.30956e-06,2.82035e-82,5.952e-108,6.50082e-82,1.98034,0.537949,7.66126
2024-08-08,1.41425e-06,2.63355e-82,5.31223e-108,6.20931e-82,2.23173,0.608016,8.57168
2024-08-09,1.37556e-06,2.26133e-82,4.3598e-108,5.33072e-82,2.15098,0.586104,8.45385
2024-08-10,1.37576e-06,2.0273e-82,3.73259e-108,4.71949e-82,2.15792,0.587799,8.46573
2024-08-11,1.3212e-06,1.65843e-82,2.96693e-108,3.83634e-82,2.02186,0.550339,8.15851
2024-08-12,1.35483e-06,1.55062e-82,2.6907e-108,3.54016e-82,2.11405,0.575979,8.24661
2024-08-13,1.35022e-06,1.39644e-82,2.30961e-108,3.14994e-82,2.11334,0.575457,8.41899
2024-08-14,1.32021e-06,1.19415e-82,1.87636e-108,2.64976e-82,2.06853,0.562812,8.15445
2024-08-15,1.28406e-06,1.02019e-82,1.54265e-108,2.23883e-82,2.00224,0.54398,7.99571
2024-08-16,1.26712e-06,9.11684e-83,1.35941e-108,2.03109e-82,1.97808,0.536118,8.18102
2024-08-17,1.28308e-06,8.53024e-83,1.18881e-108,1.84199e-82,2.01693,0.546909,8.26681
2024-08-18,1.27177e-06,7.61843e-83,1.02721e-108,1.66545e-82,1.99953,0.541803,8.11887
2024-08-19,1.28607e-06,6.66538e-83,8.52105e-109,1.45252e-82,2.0424,0.553463,8.25938
2024-08-20,1.29177e-06,6.09869e-83,7.54272e-109,1.32458e-82,2.05558,0.557926,8.20037
2024-08-21,1.30314e-06,5.62388e-83,6.71786e-109,1.21503e-82,2.08807,0.566766,8.49804
2024-08-22,1.30767e-06,5.13638e-83,5.96434e-109,1.08261e-82,2.10031,0.57043,8.38963
2024-08-23,1.37882e-06,4.82204e-83,5.56573e-109,1.00937e-82,2.24556,0.611578,8.89841
2024-08-24,1.39543e-06,3.94562e-83,4.32583e-109,8.1443e-83,2.26931,0.618602,8.91505
2024-08-25,1.37684e-06,3.32679e-83,3.4219e-109,6.81498e-83,2.21099,0.602122,8.9238
2024-08-26,1.32953e-06,2.68261e-83,2.75637e-109,5.56382e-83,2.10677,0.572188,8.73121
2024-08-27,1.2727e-06,2.3826e-83,2.25161e-109,4.85491e-83,1.9822,0.538263,8.25612
2024-08-28,1.26628e-06,2.23474e-83,2.05617e-109,4.37784e-83,1.99207,0.541433,8.2033
2024-08-29,1.25333e-06,1.92853e-83,1.79204e-109,3.8542e-83,1.97193,0.535487,8.24833
2024-08-30,1.24481e-06,1.72309e-83,1.56286e-109,3.43394e-83,1.96899,0.534501,8.21567
2024-08-31,1.23306e-06,1.51775e-83,1.34939e-109,3.02508e-83,1.95104,0.529341,8.19483
2024-09-01,1.20182e-06,1.30929e-83,1.14394e-109,2.57923e-83,1.84376,0.500151,7.96247
2024-09-02,1.23148e-06,1.26423e-83,1.07151e-109,2.50068e-83,1.95281,0.529758,8.2168
2024-09-03,1.21337e-06,1.09552e-83,9.01417e-110,2.21133e-83,1.88663,0.511848,7.9883
2024-09-04,1.22362e-06,9.77928e-84,8.23451e-110,1.98475e-83,1.9313,0.523743,8.05544
2024-09-05,1.20584e-06,8.58556e-84,6.87783e-110,1.72169e-83,1.87976,0.509869,7.80658
2024-09-06,1.18443e-06,7.62552e-84,5.75741e-110,1.52473e-83,1.81014,0.490686,7.49851
2024-09-07,1.19435e-06,7.26115e-84,5.24899e-110,1.44455e-83,1.85189,0.50154,7.52601
2024-09-08,1.20296e-06,6.63858e-84,4.68714e-110,1.34922e-83,1.88794,0.511563,7.62454
2024-09-09,1.22139e-06,6.34011e-84,4.04767e-110,1.25731e-83,1.95135,0.528952,7.92637
2024-09-10,1.22121e-06,5.68958e-84,3.59359e-110,1.10702e-83,1.95394,0.529735,8.00891
2024-09-11,1.2082e-06,5.13241e-84,3.00679e-110,9.90789e-84,1.90681,0.517211,7.9675
2024-09-12,1.22063e-06,5.1932e-84,2.81042e-110,9.28269e-84,1.95455,0.530193,8.07788
2024-09-13,1.23888e-06,4.60222e-84,2.49747e-110,8.23737e-84,2.02504,0.549341,8.40661
2024-09-14,1.2299e-06,4e-84,2.14631e-110,7.27549e-84,1.99422,0.541042,8.33644
2024-09-15,1.21035e-06,3.31642e-84,1.74743e-110,6.0723e-84,1.91984,0.520728,8.21679
2024-09-16,1.20419e-06,2.90202e-84,1.50249e-110,5.36754e-84,1.90246,0.515954,8.08923
2024-09-17,1.21186e-06,2.66421e-84,1.32581e-110,4.95486e-84,1.93151,0.523843,8.38103
2024-09-18,1.22307e-06,2.37592e-84,1.12619e-110,4.50094e-84,1.98407,0.538067,8.58196
2024-09-19,1.24425e-06,2.18975e-84,1.01718e-110,4.16553e-84,2.05018,0.555842,8.74704
2024-09-20,1.24707e-06,1.9282e-84,8.93216e-111,3.64988e-84,2.07718,0.563214,8.78221
2024-09-21,1.2587e-06,1.72543e-84,7.73287e-111,3.22758e-84,2.12065,0.57517,8.80276
2024-09-22,1.24172e-06,1.49763e-84,6.57802e-111,2.78412e-84,2.0576,0.557998,8.83469
2024-09-23,1.24753e-06,1.37751e-84,5.84564e-111,2.63185e-84,2.08944,0.566536,8.80151
2024-09-24,1.27038e-06,1.29087e-84,5.19094e-111,2.52594e-84,2.17316,0.588422,8.92973
2024-09-25,1.25841e-06,1.12194e-84,4.45481e-111,2.23657e-84,2.13696,0.578314,8.77539
2024-09-26,1.29384e-06,1.03094e-84,4.04792e-111,2.04179e-84,2.27576,0.614991,9.05635
2024-09-27,1.31769e-06,9.83671e-85,3.60175e-111,1.96243e-84,2.37152,0.639631,9.13917
2024-09-28,1.32295e-06,9.11122e-85,3.04254e-111,1.80922e-84,2.4147,0.650132,9.1514
2024-09-29,1.31925e-06,7.97069e-85,2.56985e-111,1.61008e-84,2.41144,0.649317,9.11583
2024-09-30,1.28954e-06,6.9525e-85,2.00315e-111,1.38787e-84,2.29333,0.616795,8.79979
2024-10-01,1.24398e-06,5.86358e-85,1.72214e-111,1.17952e-84,2.16587,0.582686,8.44936
2024-10-02,1.21452e-06,4.9117e-85,1.34182e-111,9.81104e-85,2.10661,0.566215,8.42762
2024-10-03,1.19228e-06,3.95031e-85,1.04127e-111,7.80603e-85,2.04141,0.548862,8.44199
2024-10-04,1.2326e-06,4.07499e-85,1.03184e-111,8.02387e-85,2.14748,0.577947,8.62726
2024-10-05,1.22835e-06,3.59988e-85,8.8572e-112,7.05615e-85,2.13905,0.575558,8.62337
2024-10-06,1.26672e-06,3.38513e-85,8.10857e-112,6.58806e-85,2.23651,0.601764,8.72924
2024-10-07,1.26192e-06,2.99049e-85,6.97607e-112,5.94912e-85,2.21912,0.596424,8.64644
2024-10-08,1.25934e-06,2.77486e-85,6.54274e-112,5.62209e-85,2.20627,0.593062,8.63761
2024-10-09,1.23315e-06,2.3576e-85,5.16967e-112,4.66794e-85,2.13697,0.574657,8.42578
2024-10-10,1.23331e-06,2.27697e-85,4.4618e-112,4.50115e-85,2.14676,0.577754,8.38275
2024-10-11,1.2756e-06,2.1729e-85,4.06581e-112,4.34552e-85,2.25992,0.606985,8.69035
2024-10-12,1.28432e-06,1.98827e-85,3.45946e-112,3.98215e-85,2.29011,0.614327,8.78292
2024-10-13,1.28255e-06,1.84592e-85,2.9482e-112,3.69212e-85,2.29444,0.614568,8.73621
2024-10-14,1.32295e-06,1.67579e-85,2.56716e-112,3.28516e-85,2.40373,0.64549,9.18281
2024-10-15,1.30132e-06,1.46359e-85,2.25257e-112,2.92787e-85,2.34009,0.629388,9.32039
2024-10-16,1.30884e-06,1.30879e-85,1.99632e-112,2.6424e-85,2.3593,0.63423,9.39625
2024-10-17,1.29526e-06,1.08779e-85,1.63502e-112,2.22056e-85,2.32696,0.625439,9.3687
2024-10-18,1.31871e-06,9.80613e-86,1.44014e-112,2.01564e-85,2.40116,0.644921,9.50852
2024-10-19,1.32152e-06,9.08027e-86,1.27594e-112,1.82615e-85,2.41231,0.647677,9.50157
2024-10-20,1.33844e-06,8.45099e-86,1.09149e-112,1.70235e-85,2.46024,0.660717,9.59245
2024-10-21,1.31054e-06,7.14293e-86,9.27915e-113,1.43819e-85,2.38438,0.639866,9.36255
2024-10-22,1.29666e-06,6.43593e-86,8.03598e-113,1.2829e-85,2.34809,0.630178,9.36928
2024-10-23,1.28897e-06,5.64297e-86,6.99838e-113,1.13574e-85,2.33254,0.625029,9.26405
2024-10-24,1.29944e-06,5.25033e-86,6.15528e-113,1.04101e-85,2.36756,0.634495,9.4766
2024-10-25,1.24021e-06,4.46243e-86,4.72864e-113,8.80595e-86,2.20019,0.588972,9.26817
2024-10-26,1.25201e-06,4.15469e-86,4.15613e-113,8.24135e-86,2.24956,0.601668,9.32298
2024-10-27,1.26818e-06,3.81608e-86,3.70556e-113,7.76258e-86,2.29614,0.61361,9.45206
2024-10-28,1.28569e-06,3.41844e-86,3.2273e-113,7.00808e-86,2.35401,0.627016,9.72171
2024-10-29,1.33226e-06,3.23784e-86,2.98137e-113,6.56465e-86,2.48138,0.660104,10.1072
2024-10-30,1.31781e-06,2.81613e-86,2.52935e-113,5.66133e-86,2.44509,0.65124,10.0528
2024-10-31,1.27849e-06,2.33954e-86,2.09275e-113,4.82488e-86,2.33224,0.620622,9.76754
2024-11-01,1.24874e-06,2.00558e-86,1.72445e-113,4.13144e-86,2.27858,0.606083,9.65693
2024-11-02,1.23205e-06,1.85777e-86,1.55298e-113,3.83276e-86,2.25063,0.598485,9.64008
2024-11-03,1.19783e-06,1.64322e-86,1.34315e-113,3.44011e-86,2.19003,0.581975,9.55688
2024-11-04,1.16907e-06,1.47788e-86,1.17755e-113,3.07049e-86,2.13963,0.5679,9.42821
2024-11-05,1.22375e-06,1.38817e-86,1.06838e-113,2.89453e-86,2.24987,0.597715,9.6397
2024-11-06,1.4557e-06,1.33432e-86,1.0409e-113,2.80606e-86,2.59351,0.689303,10.5012
2024-11-07,1.47147e-06,1.13871e-86,9.00133e-114,2.38583e-86,2.67967,0.712114,10.541
2024-11-08,1.47003e-06,1.01051e-86,8.11134e-114,2.09941e-86,2.68882,0.714393,10.6315
2024-11-09,1.56176e-06,9.60745e-87,7.57272e-114,1.97631e-86,2.87279,0.760949,10.6548
2024-11-10,1.67618e-06,9.20297e-87,6.93931e-114,1.91459e-86,3.10801,0.820644,11.1679
2024-11-11,1.81185e-06,9.32474e-87,6.33383e-114,1.97428e-86,3.35084,0.882737,12.3182
2024-11-12,1.83602e-06,8.1048e-87,5.33521e-114,1.68718e-86,3.45523,0.90771,12.2215
2024-11-13,2.04675e-06,7.62482e-87,4.29836e-114,1.63188e-86,3.72505,0.97252,12.5582
2024-11-14,2.09779e-06,7.08901e-87,4.08049e-114,1.54327e-86,3.56331,0.935809,12.1345
2024-11-15,2.19753e-06,7.14341e-87,3.58772e-114,1.56392e-86,3.81726,0.996797,12.6495
2024-11-16,2.23992e-06,6.04606e-87,3.08316e-114,1.349e-86,3.8136,0.996732,12.5877
2024-11-17,2.23445e-06,5.31929e-87,2.56605e-114,1.21218e-86,3.84522,1.01094,12.4861
2024-11-18,2.20244e-06,4.87784e-87,2.21564e-114,1.14898e-86,3.82447,1.00508,12.5706
2024-11-19,2.17147e-06,4.16751e-87,1.84505e-114,9.82651e-87,3.79332,0.994693,12.8272
2024-11-20,2.09756e-06,3.42295e-87,1.42347e-114,8.30116e-87,3.65947,0.95756,13.1017
2024-11-21,2.20704e-06,3.46954e-87,1.25561e-114,8.53781e-87,3.92357,1.02702,13.6618
2024-11-22,2.28175e-06,3.12e-87,1.11235e-114,7.66064e-87,4.03907,1.04348,13.7417
2024-11-23,2.26849e-06,2.78288e-87,9.70297e-115,6.78056e-87,4.05626,1.04911,13.5722
2024-11-24,2.22737e-06,2.52844e-87,8.67235e-115,6.29871e-87,4.0138,1.03956,13.6039
2024-11-25,2.16155e-06,2.12302e-87,7.03282e-115,5.34288e-87,3.85934,1.00537,12.9244
2024-11-26,2.11652e-06,1.91511e-87,6.00548e-115,4.87721e-87,3.7956,0.984663,12.7792
2024-11-27,2.18287e-06,1.73112e-87,5.21776e-115,4.59652e-87,3.96493,1.02808,13.3208
2024-11-28,2.18505e-06,1.50248e-87,4.44552e-115,3.96412e-87,3.9963,1.03292,13.2904
2024-11-29,2.28843e-06,1.41303e-87,4.07756e-115,3.53992e-87,4.23087,1.08219,13.5427
2024-11-30,2.28084e-06,1.25061e-87,3.5157e-115,3.13656e-87,4.26338,1.08007,13.3965
2024-12-01,2.40892e-06,1.21221e-87,3.00079e-115,3.02246e-87,4.49073,1.13935,13.5045
2024-12-02,2.42144e-06,1.07989e-87,2.79967e-115,2.7978e-87,4.48863,1.13432,13.3177
2024-12-03,2.44773e-06,9.8285e-88,2.24994e-115,2.65957e-87,4.49906,1.14167,13.319
2024-12-04,2.51798e-06,9.12995e-88,1.98956e-115,2.51251e-87,4.61975,1.17446,13.6994
2024-12-05,2.50366e-06,8.22441e-88,1.58204e-115,2.21814e-87,4.57861,1.16579,13.4713
2024-12-06,2.56908e-06,7.42617e-88,1.34587e-115,1.97657e-87,4.71338,1.19986,13.8597
2024-12-07,2.65161e-06,6.56538e-88,1.19233e-115,1.7702e-87,4.87354,1.23962,13.8723
2024-12-08,2.66816e-06,6.20794e-88,1.00905e-115,1.68978e-87,4.91044,1.24877,14.0499
2024-12-09,2.4213e-06,5.63785e-88,8.50368e-116,1.48924e-87,4.44995,1.13131,13.5172
2024-12-10,2.33941e-06,4.65706e-88,6.89943e-116,1.23623e-87,4.36632,1.11161,13.4223
2024-12-11,2.48672e-06,4.25068e-88,6.14905e-116,1.12583e-87,4.64841,1.18327,14.052
2024-12-12,2.48815e-06,3.73819e-88,5.15052e-116,9.86614e-88,4.62809,1.17812,13.8963
2024-12-13,2.52837e-06,3.55498e-88,4.56505e-116,9.49203e-88,4.71397,1.19832,14.0936
2024-12-14,2.45369e-06,3.0885e-88,3.86597e-116,8.31282e-88,4.57177,1.16303,14.093
2024-12-15,2.51803e-06,2.93062e-88,3.33911e-116,7.82217e-88,4.70195,1.19489,14.516
2024-12-16,2.4879e-06,2.77066e-88,2.82139e-116,7.29739e-88,4.64911,1.18124,14.7376
2024-12-17,2.46703e-06,2.42104e-88,2.4506e-116,6.36597e-88,4.6164,1.17191,14.748
2024-12-18,2.2729e-06,1.98165e-88,1.95134e-116,5.19825e-88,4.24708,1.07785,13.924
2024-12-19,2.11332e-06,1.71354e-88,1.58546e-116,4.4765e-88,3.95904,1.00128,13.543
2024-12-20,2.16497e-06,1.51558e-88,1.44342e-116,4.30072e-88,4.10561,1.03671,13.5907
2024-12-21,2.10258e-06,1.28622e-88,1.20404e-116,3.61692e-88,3.98621,1.00688,13.5194
2024-12-22,2.07242e-06,1.17642e-88,1.0837e-116,3.28725e-88,3.93754,0.994757,13.2268
2024-12-23,2.16003e-06,1.08972e-88,9.73996e-117,3.04982e-88,4.1172,1.03903,13.1844
2024-12-24,2.20536e-06,9.70046e-89,8.49897e-117,2.74269e-88,4.20454,1.06362,13.71
2024-12-25,2.17928e-06,8.71933e-89,7.43407e-117,2.4803e-88,4.15806,1.0518,13.8164
2024-12-26,2.06822e-06,7.44192e-89,6.23841e-117,2.12923e-88,3.94345,0.99722,13.3109
2024-12-27,2.06384e-06,6.69195e-89,5.43785e-117,1.93709e-88,3.9317,0.99521,13.1035
2024-12-28,2.1268e-06,6.25423e-89,4.90025e-117,1.80874e-88,4.05165,1.02602,13.2426
2024-12-29,2.05916e-06,5.33274e-89,4.05739e-117,1.5332e-88,3.92322,0.993497,13.0256
2024-12-30,2.06339e-06,4.65264e-89,3.47953e-117,1.33453e-88,3.94131,0.997634,12.8941
2024-12-31,2.07276e-06,4.07818e-89,2.99274e-117,1.20671e-88,3.96226,1.00297,13.003
2025-01-01,2.12931e-06,3.76117e-89,2.61384e-117,1.13131e-88,4.05706,1.02662,13.1442
2025-01-02,2.20219e-06,3.45787e-89,2.27993e-117,1.04507e-88,4.2026,1.06349,13.4767
2025-01-03,2.32945e-06,3.24212e-89,2.03545e-117,9.85291e-89,4.43111,1.12033,13.642
2025-01-04,2.34553e-06,2.88378e-89,1.75008e-117,8.87838e-89,4.46309,1.12726,13.6484
2025-01-05,2.31033e-06,2.53521e-89,1.51443e-117,7.88317e-89,4.40158,1.11182,13.6683
2025-01-06,2.33678e-06,2.25138e-89,1.32858e-117,7.04209e-89,4.45432,1.12586,14.2063
2025-01-07,2.16534e-06,1.81853e-89,1.0431e-117,5.58099e-89,4.1266,1.04292,13.4725
2025-01-08,2.14612e-06,1.68031e-89,9.29394e-118,5.10655e-89,4.09655,1.03409,13.2093
2025-01-09,2.05747e-06,1.51867e-89,7.69203e-118,4.54394e-89,3.94417,0.995587,12.8608
2025-01-10,2.11555e-06,1.41583e-89,7.15615e-118,4.23092e-89,4.06305,1.02458,13.1628
2025-01-11,2.14804e-06,1.29453e-89,6.35126e-118,3.85881e-89,4.12047,1.03841,13.1453
2025-01-12,2.10717e-06,1.14176e-89,5.3935e-118,3.38381e-89,4.04528,1.02014,13.1377
2025-01-13,2.07057e-06,9.65075e-90,4.58989e-118,2.92946e-89,3.98204,1.00231,13.1364
2025-01-14,2.11127e-06,9.05567e-90,4.07186e-118,2.73402e-89,4.06762,1.02328,13.4178
2025-01-15,2.27161e-06,8.41182e-90,3.60966e-118,2.51423e-89,4.38894,1.10133,13.9648
2025-01-16,2.23921e-06,7.82805e-90,3.20341e-118,2.42843e-89,4.34337,1.08743,13.8939
2025-01-17,2.35726e-06,7.25153e-90,2.89366e-118,2.26084e-89,4.57317,1.14717,14.4623
2025-01-18,2.37274e-06,6.45529e-90,2.53299e-118,2.0232e-89,4.55277,1.13788,14.5288
2025-01-19,2.14063e-06,5.11822e-90,1.97378e-118,1.60047e-89,4.2246,1.05652,14.0807
2025-01-20,2.13415e-06,4.74539e-90,1.90624e-118,1.42111e-89,4.2396,1.0603,14.2097
2025-01-21,2.18283e-06,4.47033e-90,1.73143e-118,1.32151e-89,4.36423,1.09082,14.7494
2025-01-22,2.15492e-06,3.77579e-90,1.43341e-118,1.11321e-89,4.3181,1.07702,14.4107
2025-01-23,2.13324e-06,3.50022e-90,1.31202e-118,1.01304e-89,4.27799,1.06884,14.439
2025-01-24,2.11535e-06,3.01815e-90,1.10107e-118,8.61902e-90,4.25117,1.06113,14.5725
2025-01-25,2.11663e-06,2.65157e-90,9.56437e-119,7.61261e-90,4.2592,1.06279,14.5553
2025-01-26,2.02823e-06,2.22732e-90,7.83062e-119,6.35283e-90,4.08558,1.01847,14.2597
2025-01-27,2.02016e-06,2.03144e-90,6.97116e-119,5.87179e-90,4.06563,1.01155,14.1851
2025-01-28,1.93634e-06,1.68044e-90,5.66394e-119,4.85874e-90,3.91283,0.96726,14.0812
2025-01-29,1.95801e-06,1.56831e-90,5.14617e-119,4.5353e-90,3.97164,0.985064,14.4144
2025-01-30,2.03161e-06,1.50411e-90,4.8578e-119,4.27613e-90,4.11554,1.02223,14.5519
2025-01-31,2.02691e-06,1.34574e-90,4.22961e-119,3.79354e-90,4.10015,1.02327,14.2333
2025-02-01,1.8984e-06,1.11511e-90,3.42136e-119,3.11962e-90,3.83863,0.95779,13.984
2025-02-02,1.74355e-06,9.35366e-91,2.87317e-119,2.657e-90,3.50074,0.872617,13.5761
2025-02-03,1.90406e-06,8.9195e-91,2.59542e-119,2.47915e-90,3.64868,0.911625,14.0803
2025-02-04,1.77842e-06,7.62774e-91,2.31085e-119,2.20691e-90,3.42865,0.856065,13.5848
2025-02-05,1.72912e-06,6.78447e-91,1.96126e-119,1.97233e-90,3.33067,0.831578,13.4249
2025-02-06,1.66733e-06,6.08765e-91,1.65021e-119,1.76464e-90,3.2216,0.803151,13.4169
2025-02-07,1.65888e-06,5.33269e-91,1.36216e-119,1.53865e-90,3.21481,0.80098,13.4103
2025-02-08,1.69458e-06,4.86088e-91,1.21089e-119,1.4035e-90,3.28352,0.818414,13.4016
2025-02-09,1.6763e-06,4.43035e-91,1.01593e-119,1.26705e-90,3.25576,0.810917,13.4041
2025-02-10,1.709e-06,4.08462e-91,8.78142e-120,1.17342e-90,3.31867,0.827192,13.5387
2025-02-11,1.72427e-06,3.53272e-91,7.63077e-120,1.02019e-90,3.34586,0.833997,13.309
2025-02-12,1.79316e-06,3.50831e-91,7.33399e-120,1.0163e-90,3.48238,0.867815,13.5997
2025-02-13,1.76286e-06,2.96382e-91,6.288e-120,9.01543e-91,3.42345,0.853204,13.4243
2025-02-14,1.80615e-06,2.68145e-91,5.69504e-120,8.1283e-91,3.5042,0.874385,13.5483
2025-02-15,1.78211e-06,2.35454e-91,4.88043e-120,7.15082e-91,3.46185,0.863107,13.558
2025-02-16,1.74587e-06,2.04737e-91,4.17423e-120,6.24337e-91,3.39699,0.845925,13.3562
2025-02-17,1.7375e-06,1.76636e-91,3.49936e-120,5.4265e-91,3.3784,0.841294,13.3093
2025-02-18,1.66748e-06,1.52501e-91,2.96347e-120,4.73906e-91,3.24949,0.808171,13.2942
2025-02-19,1.70754e-06,1.39511e-91,2.57797e-120,4.37282e-91,3.32778,0.827629,13.4294
2025-02-20,1.74325e-06,1.31006e-91,2.28374e-120,4.14691e-91,3.39705,0.845629,13.6601
2025-02-21,1.67389e-06,1.12384e-91,1.8577e-120,3.55729e-91,3.26606,0.81216,13.3651
2025-02-22,1.71278e-06,1.03072e-91,1.6069e-120,3.27554e-91,3.34481,0.832111,13.4164
2025-02-23,1.69361e-06,8.89597e-92,1.36178e-120,2.83385e-91,3.31169,0.823102,13.3757
2025-02-24,1.49991e-06,7.10281e-92,1.04546e-120,2.24698e-91,2.9453,0.729475,12.7219
2025-02-25,1.51737e-06,6.79544e-92,9.61085e-121,2.08349e-91,2.97567,0.7383,12.3227
2025-02-26,1.46165e-06,5.78281e-92,7.80755e-121,1.80886e-91,2.86461,0.711035,11.7071
2025-02-27,1.45827e-06,5.20738e-92,6.82641e-121,1.62352e-91,2.8584,0.709837,11.7708
2025-02-28,1.45786e-06,4.61421e-92,5.88372e-121,1.42755e-91,2.85152,0.708913,11.721
2025-03-01,1.46132e-06,4.1385e-92,4.86597e-121,1.24366e-91,2.86063,0.710978,11.9592
2025-03-02,1.83296e-06,3.83709e-92,4.46705e-121,1.11371e-91,3.45171,0.849537,13.0995
2025-03-03,1.50184e-06,3.01048e-92,3.62372e-121,8.76999e-92,2.87298,0.711383,11.9809
2025-03-04,1.50562e-06,2.7927e-92,3.26575e-121,7.87492e-92,2.90258,0.714931,12.1284
2025-03-05,1.54216e-06,2.55579e-92,2.94174e-121,7.16313e-92,2.9779,0.733013,12.5903
2025-03-06,1.52502e-06,2.17614e-92,2.35946e-121,6.11563e-92,2.94091,0.725376,12.4966
2025-03-07,1.47539e-06,1.89228e-92,2.01336e-121,5.34125e-92,2.83219,0.70188,12.0617
2025-03-08,1.45062e-06,1.67529e-92,1.7491e-121,4.68351e-92,2.78617,0.690115,11.9812
2025-03-09,1.32372e-06,1.30821e-92,1.3339e-121,3.73041e-92,2.54302,0.629748,11.2186
2025-03-10,1.24089e-06,1.15713e-92,1.07642e-121,3.22042e-92,2.38861,0.591261,10.9214
2025-03-11,1.31788e-06,1.14082e-92,1.03937e-121,3.14612e-92,2.5359,0.627641,11.5241
2025-03-12,1.35423e-06,1.09154e-92,9.27741e-122,2.99879e-92,2.60411,0.64481,11.6279
2025-03-13,1.31684e-06,9.16967e-93,7.73068e-122,2.54466e-92,2.53542,0.627182,11.2716
2025-03-14,1.37658e-06,8.47767e-93,7.38747e-122,2.3725e-92,2.65018,0.655852,11.67
2025-03-15,1.40019e-06,7.64797e-93,6.458e-122,2.114e-92,2.69733,0.667304,11.7194
2025-03-16,1.338e-06,6.44218e-93,5.33008e-122,1.77772e-92,2.57752,0.637628,11.4743
2025-03-17,1.38909e-06,5.85139e-93,4.78128e-122,1.60126e-92,2.67282,0.66169,11.6738
2025-03-18,1.3613e-06,5.0126e-93,4.10607e-122,1.38876e-92,2.62184,0.648799,11.4938
2025-03-19,1.43782e-06,4.68869e-93,3.74354e-122,1.31358e-92,2.76905,0.685272,12.0678
2025-03-20,1.3994e-06,4.09634e-93,3.0587e-122,1.16846e-92,2.69668,0.66723,11.7034
2025-03-21,1.37353e-06,3.7006e-93,2.6111e-122,1.03632e-92,2.64934,0.655067,11.6847
2025-03-22,1.37003e-06,3.19452e-93,2.26553e-122,9.03695e-93,2.64138,0.653433,11.6502
2025-03-23,1.3961e-06,2.90304e-93,1.9877e-122,8.21487e-93,2.69284,0.66605,11.9618
2025-03-24,1.45022e-06,2.71411e-93,1.80257e-122,7.6568e-93,2.79387,0.691784,12.1585
2025-03-25,1.46316e-06,2.48573e-93,1.57796e-122,7.06496e-93,2.81766,0.697989,12.1438
2025-03-26,1.46002e-06,2.18864e-93,1.38129e-122,6.25762e-93,2.80689,0.695648,12.0766
2025-03-27,1.47211e-06,1.99723e-93,1.20703e-122,5.75297e-93,2.82979,0.701211,12.1215
2025-03-28,1.38828e-06,1.65163e-93,1.00661e-122,4.76997e-93,2.671,0.66133,11.7314
2025-03-29,1.32786e-06,1.42417e-93,8.4059e-123,4.1233e-93,2.55474,0.632497,11.4846
2025-03-30,1.31928e-06,1.29382e-93,7.63413e-123,3.78102e-93,2.53731,0.628446,11.4487
2025-03-31,1.31353e-06,1.21462e-93,6.76554e-123,3.50648e-93,2.5285,0.625583,11.4709
2025-04-01,1.3317e-06,1.14547e-93,6.14888e-123,3.32972e-93,2.61966,0.648178,11.8333
2025-04-02,1.30649e-06,9.66616e-94,4.81692e-123,2.76431e-93,2.46004,0.608623,11.4662
2025-04-03,1.30602e-06,8.42076e-94,4.10736e-123,2.38964e-93,2.46338,0.609432,11.563
2025-04-04,1.31535e-06,8.05597e-94,3.84488e-123,2.29994e-93,2.51887,0.623207,11.6571
2025-04-05,1.31029e-06,7.23927e-94,3.27117e-123,2.01834e-93,2.49152,0.616319,11.6082
2025-04-06,1.26173e-06,5.66689e-94,2.58527e-123,1.57181e-93,2.22107,0.548976,10.8984
2025-04-07,1.28992e-06,5.50062e-94,2.4207e-123,1.50696e-93,2.23595,0.552694,11.0003
2025-04-08,1.27329e-06,4.52799e-94,1.99015e-123,1.235e-93,2.14799,0.530846,10.6055
2025-04-09,1.32106e-06,4.30912e-94,1.81543e-123,1.17214e-93,2.40022,0.593295,11.48
2025-04-10,1.3015e-06,3.7408e-94,1.53365e-123,1.01137e-93,2.29935,0.56817,11.062
2025-04-11,1.3167e-06,3.48246e-94,1.39876e-123,9.2543e-94,2.37995,0.587836,11.5923
2025-04-12,1.34227e-06,3.20057e-94,1.26143e-123,8.65551e-94,2.51603,0.621562,11.8498
2025-04-13,1.32881e-06,2.75777e-94,1.07423e-123,7.31116e-94,2.44171,0.602987,11.639
2025-04-14,1.32661e-06,2.49125e-94,9.58011e-124,6.63589e-94,2.43202,0.600093,11.7546
2025-04-15,1.31503e-06,2.27738e-94,8.18167e-124,6.02494e-94,2.36776,0.584333,11.6229
2025-04-16,1.31705e-06,2.07657e-94,7.71054e-124,5.41443e-94,2.37977,0.586793,11.6766
2025-04-17,1.32106e-06,1.947e-94,6.5718e-124,5.02031e-94,2.40329,0.592115,11.8041
2025-04-18,1.32386e-06,1.70389e-94,5.75699e-124,4.39837e-94,2.41648,0.59574,11.7383
2025-04-19,1.33264e-06,1.53451e-94,5.34184e-124,3.98745e-94,2.46174,0.607293,11.822
2025-04-20,1.32805e-06,1.3141e-94,4.5052e-124,3.51634e-94,2.43846,0.601209,11.8362
2025-04-21,1.33446e-06,1.1682e-94,3.94358e-124,3.12427e-94,2.4719,0.609442,12.161
2025-04-22,1.38036e-06,1.11374e-94,3.65539e-124,3.00432e-94,2.72703,0.672208,12.9846
2025-04-23,1.40516e-06,1.00473e-94,3.41109e-124,2.81089e-94,2.87666,0.712294,13.019
2025-04-24,1.3996e-06,9.34747e-95,2.87392e-124,2.61525e-94,2.90099,0.71734,13.0592
2025-04-25,1.40667e-06,8.70849e-95,2.4692e-124,2.3772e-94,2.95153,0.728083,13.1507
2025-04-26,1.41577e-06,7.91027e-95,2.18499e-124,2.15843e-94,3.01756,0.742366,13.1492
2025-04-27,1.41013e-06,7.00256e-95,1.81504e-124,1.88579e-94,2.97937,0.733703,13.0271
2025-04-28,1.41175e-06,6.06703e-95,1.57268e-124,1.66051e-94,2.98964,0.736921,13.2025
2025-04-29,1.40129e-06,5.31254e-95,1.33388e-124,1.46137e-94,2.91893,0.72061,13.0976
2025-04-30,1.39852e-06,4.86311e-95,1.19045e-124,1.36409e-94,2.90785,0.717502,13.0859
2025-05-01,1.40681e-06,4.44003e-95,1.04355e-124,1.25361e-94,2.94461,0.726505,13.4079
2025-05-02,1.40535e-06,3.94276e-95,9.06413e-125,1.13004e-94,2.93868,0.725021,13.4631
2025-05-03,1.38328e-06,3.42278e-95,7.50163e-125,9.63579e-95,2.85182,0.702817,13.3199
2025-05-04,1.36822e-06,2.98719e-95,6.27372e-125,8.4043e-95,2.79295,0.688241,13.1005
2025-05-05,1.37234e-06,2.72607e-95,5.44814e-125,7.66091e-95,2.80996,0.692469,13.1639
2025-05-06,1.37571e-06,2.49401e-95,4.70486e-125,6.91046e-95,2.82423,0.695758,13.4558
2025-05-07,1.37515e-06,2.2142e-95,4.11937e-125,6.15587e-95,2.82338,0.695571,13.4831
2025-05-08,1.48325e-06,2.24017e-95,3.98702e-125,6.29238e-95,3.25393,0.801012,14.3489
2025-05-09,1.51823e-06,2.1594e-95,3.44502e-125,5.98697e-95,3.39837,0.836764,14.3087
2025-05-10,1.57236e-06,2.0402e-95,3.28235e-125,5.56427e-95,3.64425,0.894096,14.564
2025-05-11,1.54349e-06,1.87333e-95,2.79392e-125,5.12172e-95,3.51736,0.86278,14.4679
2025-05-12,1.546e-06,1.68014e-95,2.31478e-125,4.53685e-95,3.52451,0.864625,14.2836
2025-05-13,1.57548e-06,1.52161e-95,1.99167e-125,4.10181e-95,3.65697,0.895532,14.4659
2025-05-14,1.55268e-06,1.37788e-95,1.72757e-125,3.67003e-95,3.55419,0.87092,14.3831
2025-05-15,1.5239e-06,1.19891e-95,1.43376e-125,3.33513e-95,3.42258,0.839636,14.4187
2025-05-16,1.5167e-06,1.02114e-95,1.21754e-125,2.86455e-95,3.39158,0.832246,14.377
2025-05-17,1.50599e-06,9.22258e-96,1.04828e-125,2.61869e-95,3.34098,0.820864,14.3302
2025-05-18,1.54129e-06,8.23752e-96,9.65859e-126,2.30201e-95,3.50342,0.858711,14.7926
2025-05-19,1.52582e-06,7.23531e-96,8.27544e-126,2.02777e-95,3.42783,0.840306,14.6702
2025-05-20,1.5368e-06,6.57848e-96,7.28538e-126,1.85702e-95,3.46867,0.851824,14.8476
2025-05-21,1.55529e-06,6.19032e-96,6.36826e-126,1.76e-95,3.55181,0.872023,15.2358
2025-05-22,1.58589e-06,5.20326e-96,5.10318e-126,1.46289e-95,3.70116,0.905171,15.521
2025-05-23,1.52668e-06,4.47509e-96,4.15533e-126,1.25181e-95,3.43221,0.83981,14.9126
2025-05-24,1.53328e-06,4.06903e-96,3.73162e-126,1.15526e-95,3.45865,0.847105,14.9743
2025-05-25,1.53457e-06,3.61025e-96,3.26377e-126,1.03624e-95,3.46295,0.848315,15.1469
2025-05-26,1.53312e-06,3.41274e-96,2.92971e-126,9.65017e-96,3.46161,0.846801,15.2068
2025-05-27,1.54281e-06,3.13721e-96,2.60529e-126,8.97957e-96,3.50314,0.856905,15.1377
2025-05-28,1.533e-06,2.75872e-96,2.20354e-126,7.79038e-96,3.46639,0.846717,14.9771
2025-05-29,1.51129e-06,2.38564e-96,1.82943e-126,6.70912e-96,3.37313,0.823991,14.6725
2025-05-30,1.45903e-06,1.91968e-96,1.46189e-126,5.40243e-96,3.14547,0.768936,14.4495
2025-05-31,1.46555e-06,1.71239e-96,1.28514e-126,4.89167e-96,3.1651,0.774648,14.5338
2025-06-01,1.47553e-06,1.50787e-96,1.12319e-126,4.32532e-96,3.19273,0.781503,14.6798
2025-06-02,1.48502e-06,1.36439e-96,1.00689e-126,3.9683e-96,3.22152,0.788409,14.7097
2025-06-03,1.47797e-06,1.22779e-96,8.8605e-127,3.62967e-96,3.19978,0.78306,14.6429
2025-06-04,1.45826e-06,1.09514e-96,7.63993e-127,3.23209e-96,3.14185,0.768762,14.5484
2025-06-05,1.3879e-06,9.16376e-97,6.12705e-127,2.72169e-96,2.92781,0.71614,14.1054
2025-06-06,1.42629e-06,8.43926e-97,5.47637e-127,2.55874e-96,3.04029,0.743816,14.4916
2025-06-07,1.44688e-06,7.68028e-97,4.99901e-127,2.38296e-96,3.10057,0.758617,14.6672
2025-06-08,1.45393e-06,6.92583e-97,4.35541e-127,2.14505e-96,3.12219,0.763743,14.6925
2025-06-09,1.50898e-06,6.87017e-97,4.17536e-127,2.12754e-96,3.28382,0.803193,15.3218
2025-06-10,1.52818e-06,6.26015e-97,3.63569e-127,1.96441e-96,3.3426,0.817381,15.3234
2025-06-11,1.50177e-06,5.41934e-97,3.01682e-127,1.7231e-96,3.26329,0.798035,15.097
2025-06-12,1.44896e-06,4.762e-97,2.55512e-127,1.51273e-96,3.1055,0.759345,14.6838
2025-06-13,1.43068e-06,4.23967e-97,2.16364e-127,1.34258e-96,3.05699,0.74757,14.7387
2025-06-14,1.40989e-06,3.68768e-97,1.84775e-127,1.1663e-96,2.99804,0.732954,14.6481
2025-06-15,1.42141e-06,3.37326e-97,1.65947e-127,1.06295e-96,3.03252,0.741304,14.673
2025-06-16,1.41382e-06,2.97493e-97,1.44851e-127,9.34242e-97,3.01138,0.735562,14.8399
2025-06-17,1.38644e-06,2.54037e-97,1.21867e-127,7.90786e-97,2.93339,0.716278,14.5281
2025-06-18,1.3863e-06,2.30211e-97,1.05697e-127,7.01639e-97,2.93557,0.716701,14.5748
2025-06-19,1.38471e-06,2.04415e-97,9.44169e-128,6.22432e-97,2.93175,0.715684,14.5431
2025-06-20,1.35158e-06,1.76268e-97,7.85703e-128,5.37877e-97,2.83829,0.692533,14.354
2025-06-21,1.31599e-06,1.50332e-97,6.70674e-128,4.5429e-97,2.73857,0.667672,14.1903
2025-06-22,1.28851e-06,1.28391e-97,5.86952e-128,4.02695e-97,2.66439,0.649204,14.0297
2025-06-23,1.36438e-06,1.29118e-97,5.604e-128,4.01623e-97,2.87876,0.702441,14.6369
2025-06-24,1.37215e-06,1.19104e-97,4.92653e-128,3.67718e-97,2.90161,0.707859,14.741
2025-06-25,1.3545e-06,1.09254e-97,4.35621e-128,3.31724e-97,2.85361,0.695129,14.9157
2025-06-26,1.33401e-06,9.3416e-98,3.70605e-128,2.84151e-97,2.79596,0.680702,14.8611
2025-06-27,1.345e-06,8.58904e-98,3.29591e-128,2.63552e-97,2.82737,0.688466,14.875
2025-06-28,1.36487e-06,7.81685e-98,2.94518e-128,2.40226e-97,2.88294,0.702216,14.9096
2025-06-29,1.39145e-06,7.18519e-98,2.63169e-128,2.22165e-97,2.95688,0.720855,15.057
2025-06-30,1.3739e-06,6.21473e-98,2.21275e-128,1.93207e-97,2.91087,0.708558,14.8888
2025-07-01,1.32418e-06,5.05986e-98,1.78095e-128,1.59407e-97,2.79194,0.679543,14.6851
2025-07-02,1.39529e-06,4.68286e-98,1.62917e-128,1.49218e-97,2.96314,0.721288,15.1254
2025-07-03,1.41272e-06,4.20624e-98,1.44471e-128,1.34315e-97,3.00592,0.731542,15.2276
2025-07-04,1.36595e-06,3.61701e-98,1.22085e-128,1.15302e-97,2.89262,0.704032,15.0052
2025-07-05,1.3766e-06,3.26041e-98,1.10091e-128,1.0446e-97,2.91862,0.710322,15.0349
2025-07-06,1.40182e-06,2.89029e-98,9.78473e-129,9.4543e-98,2.97926,0.725115,15.1746
2025-07-07,1.38834e-06,2.63051e-98,8.65946e-129,8.45549e-98,2.94683,0.717167,15.0439
2025-07-08,1.41027e-06,2.434e-98,7.75879e-129,7.76808e-98,3.00027,0.730041,15.1356
2025-07-09,1.47351e-06,2.28749e-98,7.16042e-129,7.33265e-98,3.15515,0.767229,15.4567
2025-07-10,1.56223e-06,2.16104e-98,6.55381e-129,6.83271e-98,3.374,0.819542,16.1204
2025-07-11,1.5841e-06,2.04238e-98,5.60922e-129,6.52843e-98,3.4257,0.832441,16.3313
2025-07-12,1.57203e-06,1.86025e-98,4.92352e-129,6.01452e-98,3.39767,0.825596,16.3163
2025-07-13,1.59418e-06,1.73135e-98,4.4673e-129,5.65756e-98,3.45366,0.838768,16.5479
2025-07-14,1.62762e-06,1.4935e-98,3.97719e-129,5.00929e-98,3.53959,0.858397,16.6528
2025-07-15,1.65224e-06,1.33312e-98,3.5071e-129,4.46052e-98,3.60565,0.873281,16.3633
2025-07-16,1.69085e-06,1.22309e-98,3.05599e-129,4.11648e-98,3.69559,0.895913,16.4845
2025-07-17,1.73757e-06,1.11138e-98,2.6918e-129,3.67299e-98,3.81842,0.923873,16.5606
2025-07-18,1.75712e-06,9.96323e-99,2.36687e-129,3.32013e-98,3.86293,0.935325,16.3865
2025-07-19,1.77372e-06,8.68819e-99,2.01786e-129,2.92301e-98,3.90756,0.945595,16.3747
2025-07-20,1.83271e-06,7.89586e-99,1.79029e-129,2.64221e-98,4.06295,0.981218,16.2948
2025-07-21,1.86285e-06,7.03705e-99,1.51436e-129,2.30251e-98,4.13559,0.999596,16.3108
2025-07-22,1.88249e-06,6.57953e-99,1.35132e-129,2.18522e-98,4.17998,1.01165,16.6685
2025-07-23,1.77102e-06,5.4086e-99,1.11568e-129,1.78282e-98,3.88516,0.942821,16.502
2025-07-24,1.75197e-06,5.12105e-99,9.59182e-130,1.68361e-98,3.84084,0.931782,16.4443
2025-07-25,1.77802e-06,4.6211e-99,8.37467e-130,1.49874e-98,3.90838,0.947773,16.3433
2025-07-26,1.78868e-06,4.17258e-99,7.48143e-130,1.36363e-98,3.93689,0.954022,16.3858
2025-07-27,1.83641e-06,3.94245e-99,6.63778e-130,1.29351e-98,4.0573,0.982914,16.5936
2025-07-28,1.76541e-06,3.27056e-99,5.46533e-130,1.08002e-98,3.87371,0.939325,16.4056
2025-07-29,1.74524e-06,2.94488e-99,4.68718e-130,9.64578e-99,3.8251,0.927297,16.3901
2025-07-30,1.72292e-06,2.58728e-99,3.96062e-130,8.53668e-99,3.77037,0.913943,16.3747
2025-07-31,1.67019e-06,2.1971e-99,3.34809e-130,7.22399e-99,3.63769,0.882006,16.0862
2025-08-01,1.61721e-06,1.95149e-99,2.92396e-130,6.49058e-99,3.52097,0.853788,15.7435
2025-08-02,1.56588e-06,1.7257e-99,2.61008e-130,5.82752e-99,3.40907,0.826632,15.6391
2025-08-03,1.62293e-06,1.66687e-99,2.49197e-130,5.67319e-99,3.53499,0.856978,15.8701
2025-08-04,1.68055e-06,1.56524e-99,2.21564e-130,5.17947e-99,3.66091,0.887615,15.9877
2025-08-05,1.60642e-06,1.35094e-99,1.8663e-130,4.41133e-99,3.4979,0.848162,15.8591
2025-08-06,1.64533e-06,1.28058e-99,1.70927e-130,4.14296e-99,3.58387,0.868789,15.979
2025-08-07,1.74032e-06,1.19012e-99,1.56818e-130,3.85768e-99,3.79369,0.919463,16.3236
2025-08-08,1.76624e-06,1.10436e-99,1.36301e-130,3.65207e-99,3.85122,0.933216,16.2128
2025-08-09,1.80895e-06,9.79743e-100,1.17066e-130,3.25863e-99,3.94551,0.955615,16.1832
2025-08-10,1.81533e-06,8.68292e-100,9.95664e-131,2.81483e-99,3.95751,0.958707,16.5767
2025-08-11,1.73383e-06,7.34078e-100,8.00235e-131,2.37349e-99,3.77699,0.915112,16.4922
2025-08-12,1.82452e-06,6.82497e-100,7.04874e-131,2.1989e-99,3.97938,0.963405,16.6935
2025-08-13,1.87677e-06,6.30681e-100,6.31524e-131,2.05314e-99,4.09379,0.991305,17.1343
2025-08-14,1.74698e-06,5.39897e-100,5.2837e-131,1.81017e-99,3.81129,0.9219,16.4379
2025-08-15,1.72561e-06,4.80134e-100,4.56029e-131,1.62221e-99,3.76372,0.910574,16.3055
2025-08-16,1.74955e-06,4.37319e-100,4.02646e-131,1.46042e-99,3.81506,0.923331,16.3108
2025-08-17,1.75315e-06,3.89746e-100,3.55123e-131,1.30897e-99,3.82548,0.925217,16.3142
2025-08-18,1.69295e-06,3.38772e-100,3.04919e-131,1.13274e-99,3.69424,0.893173,16.1505
2025-08-19,1.61444e-06,2.89994e-100,2.67218e-131,9.75691e-100,3.52184,0.851372,15.6845
2025-08-20,1.69335e-06,2.8085e-100,2.54452e-131,9.30061e-100,3.6972,0.89335,15.8788
2025-08-21,1.63698e-06,2.53324e-100,2.26919e-131,8.46377e-100,3.57451,0.863448,15.6326
2025-08-22,1.81214e-06,2.41744e-100,2.07998e-131,7.62707e-100,3.96114,0.956492,16.2491
2025-08-23,1.78954e-06,2.05736e-100,1.72816e-131,6.50902e-100,3.91458,0.944655,16.0409
2025-08-24,1.75733e-06,1.7592e-100,1.45209e-131,5.59616e-100,3.84752,0.927453,15.7707
2025-08-25,1.6139e-06,1.4383e-100,1.16993e-131,4.55246e-100,3.53314,0.851056,15.3008
2025-08-26,1.67878e-06,1.32223e-100,1.07345e-131,4.21783e-100,3.67646,0.885584,15.5303
2025-08-27,1.66785e-06,1.15593e-100,9.40853e-132,3.71028e-100,3.65425,0.879592,15.4606
2025-08-28,1.69881e-06,1.05297e-100,8.45789e-132,3.3879e-100,3.72447,0.896028,15.6419
2025-08-29,1.63925e-06,9.4905e-101,7.15684e-132,3.04795e-100,3.59047,0.86431,15.0598
2025-08-30,1.64929e-06,8.69788e-101,6.03702e-132,2.77958e-100,3.60986,0.869734,15.1208
2025-08-31,1.63059e-06,7.47908e-101,5.22665e-132,2.38022e-100,3.57107,0.859777,15.0416
2025-09-01,1.60642e-06,6.31328e-101,4.44889e-132,2.00397e-100,3.51921,0.847195,15.1793
2025-09-02,1.66414e-06,5.86047e-101,3.99073e-132,1.85594e-100,3.64647,0.877559,15.4576
2025-09-03,1.68985e-06,5.3306e-101,3.51314e-132,1.69946e-100,3.70366,0.890964,15.5223
2025-09-04,1.62453e-06,4.52685e-101,2.92267e-132,1.44566e-100,3.55808,0.8563,15.3868
2025-09-05,1.66184e-06,4.11712e-101,2.62837e-132,1.32346e-100,3.64063,0.875481,15.377
2025-09-06,1.65372e-06,3.63024e-101,2.22319e-132,1.17154e-100,3.62324,0.871172,15.3114
2025-09-07,1.68695e-06,3.43798e-101,1.97721e-132,1.10956e-100,3.69623,0.88876,15.4433
2025-09-08,1.73476e-06,3.17404e-101,1.78522e-132,1.02943e-100,3.80388,0.913829,15.5722
2025-09-09,1.73936e-06,2.85232e-101,1.50963e-132,9.15971e-101,3.81514,0.916226,15.5001
2025-09-10,1.76724e-06,2.56621e-101,1.30776e-132,8.32204e-101,3.87451,0.931078,15.8355
2025-09-11,1.80095e-06,2.40627e-101,1.15528e-132,7.69425e-101,3.94885,0.949042,16.0471
2025-09-12,1.856e-06,2.23118e-101,1.03314e-132,7.13132e-101,4.0709,0.978008,16.1231
2025-09-13,1.86746e-06,1.97479e-101,9.00366e-133,6.36976e-101,4.09844,0.983902,16.1076
2025-09-14,1.82209e-06,1.75083e-101,7.64114e-133,5.59127e-101,3.99752,0.960003,16.0173
2025-09-15,1.77793e-06,1.5081e-101,6.32722e-133,4.8305e-101,3.89873,0.93673,16.0286
2025-09-16,1.79718e-06,1.36253e-101,5.59415e-133,4.43586e-101,3.942,0.94697,16.2286
2025-09-17,1.84585e-06,1.22419e-101,4.95013e-133,4.02083e-101,4.05151,0.972647,16.1812
2025-09-18,1.85314e-06,1.08275e-101,4.20594e-133,3.53826e-101,4.06706,0.976492,16.2682
2025-09-19,1.79159e-06,9.31822e-102,3.52116e-133,3.01044e-101,3.9304,0.943927,16.0679
2025-09-20,1.80248e-06,8.39604e-102,3.10476e-133,2.71583e-101,3.95719,0.949702,16.0753
2025-09-21,1.7799e-06,7.27765e-102,2.70694e-133,2.30302e-101,3.90798,0.937738,16.0123
2025-09-22,1.67925e-06,6.04709e-102,2.18441e-133,1.9101e-101,3.68477,0.884337,15.6536
2025-09-23,1.66456e-06,5.36646e-102,1.91017e-133,1.66825e-101,3.65263,0.876455,15.563
2025-09-24,1.67529e-06,4.85119e-102,1.66384e-133,1.47825e-101,3.67766,0.882141,15.7448
2025-09-25,1.56644e-06,4.1058e-102,1.42664e-133,1.22916e-101,3.43678,0.824587,15.1455
2025-09-26,1.62221e-06,3.80923e-102,1.33473e-133,1.13587e-101,3.55719,0.853862,15.2357
2025-09-27,1.61026e-06,3.39937e-102,1.15373e-133,1.0097e-101,3.53288,0.847606,15.2347
2025-09-28,1.65954e-06,3.05832e-102,1.03733e-133,8.98878e-102,3.64065,0.873582,15.586
2025-09-29,1.66195e-06,2.68854e-102,8.80443e-134,7.88681e-102,3.65009,0.874863,15.8844
2025-09-30,1.64301e-06,2.30278e-102,7.42051e-134,6.74581e-102,3.6084,0.864852,15.8479
2025-10-01,1.71954e-06,2.07468e-102,6.53076e-134,6.15637e-102,3.77761,0.905179,16.4796
2025-10-02,1.78626e-06,1.88382e-102,5.75003e-134,5.65194e-102,3.92485,0.940239,16.7484
2025-10-03,1.79692e-06,1.69393e-102,4.98722e-134,5.13833e-102,3.94818,0.94576,16.985
2025-10-04,1.75463e-06,1.46237e-102,4.25186e-134,4.44011e-102,3.85635,0.923539,17.0071
2025-10-05,1.75467e-06,1.3169e-102,3.66013e-134,3.8398e-102,3.85767,0.92365,17.1587
2025-10-06,1.80373e-06,1.21368e-102,3.28207e-134,3.60693e-102,3.96601,0.949291,17.3222
2025-10-07,1.71289e-06,1.01864e-102,2.67437e-134,3.06078e-102,3.77309,0.900733,16.86
2025-10-08,1.7658e-06,9.05997e-103,2.3647e-134,2.75654e-102,3.88578,0.928443,17.1342
2025-10-09,1.70391e-06,7.90594e-103,2.00914e-134,2.39706e-102,3.75108,0.896251,16.9058
2025-10-10,1.80136e-06,9.74908e-103,1.54618e-134,2.81695e-102,3.07761,0.746576,15.6708
2025-10-11,1.85068e-06,8.61481e-103,1.37289e-134,2.45971e-102,3.01794,0.731262,15.3748
2025-10-12,2.02625e-06,8.08818e-103,1.23524e-134,2.30437e-102,3.30688,0.800329,15.9743
2025-10-13,2.10868e-06,7.2156e-103,1.08659e-134,2.09226e-102,3.42565,0.831985,16.0031
2025-10-14,2.01407e-06,6.43543e-103,9.47561e-135,1.82775e-102,3.2746,0.795243,15.706
2025-10-15,1.94088e-06,5.53161e-103,8.04697e-135,1.56408e-102,3.15582,0.766309,15.3913
2025-10-16,1.87014e-06,4.73649e-103,7.09022e-135,1.35842e-102,3.04522,0.738461,15.0343
2025-10-17,1.8377e-06,4.14944e-103,6.21626e-135,1.19561e-102,2.98521,0.725085,14.7894
2025-10-18,1.88288e-06,3.83795e-103,5.75101e-135,1.1192e-102,3.0572,0.742695,14.8941
2025-10-19,1.92367e-06,3.46598e-103,5.08829e-135,1.01137e-102,3.12274,0.758986,15.0966
2025-10-20,1.9255e-06,3.01971e-103,4.31603e-135,8.7885e-103,3.12748,0.759849,15.3592
2025-10-21,1.87439e-06,2.59658e-103,3.68038e-135,7.53887e-103,3.0447,0.739681,15.0487
2025-10-22,1.82704e-06,2.15273e-103,2.9785e-135,6.34453e-103,2.97445,0.721191,14.9472
2025-10-23,1.87944e-06,2.07378e-103,2.60121e-135,6.03807e-103,3.06313,0.741752,15.2961
2025-10-24,1.9246e-06,1.91631e-103,2.35814e-135,5.70328e-103,3.13098,0.759475,15.4249
2025-10-25,1.93118e-06,1.62509e-103,2.01192e-135,4.81273e-103,3.14277,0.762134,15.514
2025-10-26,2.01828e-06,1.50065e-103,1.7931e-135,4.43794e-103,3.27859,0.796306,15.9188
2025-10-27,1.98499e-06,1.32956e-103,1.52703e-135,3.86608e-103,3.23031,0.783325,15.856
2025-10-28,1.91588e-06,1.12642e-103,1.23507e-135,3.26552e-103,3.12131,0.756071,15.688
2025-10-29,1.89529e-06,1.03543e-103,1.04368e-135,2.91672e-103,3.08679,0.747927,15.2882
2025-10-30,1.78867e-06,8.47556e-104,8.59042e-136,2.40625e-103,2.92503,0.705876,15.0522
2025-10-31,1.81094e-06,7.65199e-104,7.49344e-136,2.16513e-103,2.96325,0.714738,15.2308
2025-11-01,1.81908e-06,6.94394e-104,6.35096e-136,1.9794e-103,2.98838,0.720744,15.2989
2025-11-02,1.82448e-06,5.82645e-104,5.56326e-136,1.69388e-103,2.98647,0.720419,15.3604
2025-11-03,1.68254e-06,4.99345e-104,4.51061e-136,1.50611e-103,2.74861,0.662281,14.8104
2025-11-04,1.76193e-06,4.08305e-104,3.6959e-136,1.25391e-103,2.62871,0.633416,14.1037
2025-11-05,1.8352e-06,4.09852e-104,3.65821e-136,1.25527e-103,2.7461,0.661195,14.4355
2025-11-06,1.81267e-06,3.80078e-104,3.73295e-136,1.20335e-103,2.71287,0.650026,14.0827
2025-11-07,1.98417e-06,3.56571e-104,3.78667e-136,1.12099e-103,2.95775,0.704525,14.3597
2025-11-08,1.87072e-06,3.093e-104,3.45021e-136,1.02171e-103,2.91535,0.697404,14.2171
2025-11-09,1.90954e-06,2.91746e-104,3.08866e-136,1.02192e-103,2.99131,0.716023,14.552
2025-11-10,1.72702e-06,2.45828e-104,2.31916e-136,8.25787e-104,2.94162,0.709831,14.731
2025-11-11,1.78873e-06,2.10083e-104,1.94453e-136,7.21311e-104,2.75302,0.666429,14.3207
2025-11-12,1.91197e-06,1.91152e-104,1.60395e-136,6.57832e-104,2.77034,0.668605,14.1256
2025-11-13,1.85124e-06,1.65234e-104,1.32526e-136,5.80851e-104,2.70019,0.649819,13.8529
2025-11-14,1.84048e-06,1.55098e-104,1.13527e-136,5.22275e-104,2.68248,0.638511,13.1445
2025-11-15,1.88672e-06,1.34826e-104,1.04926e-136,4.53835e-104,2.76686,0.65485,13.2837
2025-11-16,1.85092e-06,1.30381e-104,9.7374e-137,4.3057e-104,2.72391,0.64153,13.0983
2025-11-17,1.7661e-06,1.12715e-104,8.07982e-137,3.91137e-104,2.58732,0.614462,12.8139
2025-11-18,1.83671e-06,1.00139e-104,7.63658e-137,3.36927e-104,2.67522,0.636081,12.9175
2025-11-19,1.79952e-06,8.68296e-105,6.53137e-137,2.90109e-104,2.63892,0.622267,12.7222
2025-11-20,1.70913e-06,7.40948e-105,5.50495e-137,2.46481e-104,2.51474,0.591794,12.0388
2025-11-21,1.53317e-06,6.25693e-105,4.33338e-137,2.00337e-104,2.35299,0.559572,11.8293
2025-11-22,1.42978e-06,6.16129e-105,3.83085e-137,1.82662e-104,2.31805,0.55306,11.7752
2025-11-23,1.47065e-06,5.65736e-105,3.4406e-137,1.80762e-104,2.40041,0.569619,12.0656
2025-11-24,1.52466e-06,4.9776e-105,3.09701e-137,1.59208e-104,2.46406,0.591143,12.2699
2025-11-25,1.52211e-06,4.43927e-105,2.68955e-137,1.42862e-104,2.45609,0.590027,12.1407
2025-11-26,1.55303e-06,4.0192e-105,2.3774e-137,1.30865e-104,2.50967,0.602418,12.5734
2025-11-27,1.53417e-06,3.54046e-105,2.02369e-137,1.15313e-104,2.47362,0.595747,12.6915
2025-11-28,1.50284e-06,3.15327e-105,1.7131e-137,1.02219e-104,2.41525,0.583166,12.6299
2025-11-29,1.49416e-06,2.91121e-105,1.5381e-137,9.57134e-105,2.40534,0.579928,12.6176
2025-11-30,1.47112e-06,2.60658e-105,1.28667e-137,8.56977e-105,2.36295,0.571202,12.5561
2025-12-01,1.29616e-06,2.08069e-105,1.03295e-137,6.69616e-105,2.17891,0.526701,11.99
2025-12-02,1.38355e-06,1.79216e-105,8.63599e-138,5.63981e-105,2.31511,0.557972,12.6837
2025-12-03,1.43537e-06,1.68136e-105,7.83773e-138,5.48064e-105,2.40762,0.58115,12.9827
2025-12-04,1.40552e-06,1.49074e-105,6.79977e-138,4.94169e-105,2.36221,0.571166,12.7949
2025-12-05,1.35191e-06,1.32905e-105,5.72806e-138,4.43942e-105,2.27984,0.551599,12.413
2025-12-06,1.3413e-06,1.19589e-105,5.00518e-138,4.01006e-105,2.26367,0.547222,12.4001
2025-12-07,1.33348e-06,1.02852e-105,4.11839e-138,3.52406e-105,2.25523,0.544822,12.5611
2025-12-08,1.38455e-06,9.77013e-106,3.69591e-138,3.39504e-105,2.31781,0.56084,12.5943
2025-12-09,1.43047e-06,9.16166e-106,3.37049e-138,3.11625e-105,2.40787,0.582797,12.8784
2025-12-10,1.38487e-06,7.74967e-106,2.68725e-138,2.63756e-105,2.3435,0.566929,12.7862
2025-12-11,1.38945e-06,6.82148e-106,2.34853e-138,2.37528e-105,2.35133,0.568717,12.8554
2025-12-12,1.36053e-06,5.96545e-106,2.01522e-138,2.08327e-105,2.30192,0.556744,12.5434
2025-12-13,1.36982e-06,5.41338e-106,1.76967e-138,1.87185e-105,2.32081,0.561466,12.5395
2025-12-14,1.31991e-06,4.4401e-106,1.43921e-138,1.5736e-105,2.23584,0.540692,12.2521
2025-12-15,1.27569e-06,3.92146e-106,1.15394e-138,1.41546e-105,2.16292,0.522483,12.0103
2025-12-16,1.27807e-06,3.40983e-106,9.92566e-139,1.22784e-105,2.18157,0.526884,12.2092
2025-12-17,1.21182e-06,3.01975e-106,8.11136e-139,1.09018e-105,2.07193,0.499687,11.9841
2025-12-18,1.17933e-06,2.68055e-106,7.0009e-139,9.5085e-106,2.02647,0.488028,11.8831
2025-12-19,1.25623e-06,2.63304e-106,6.50755e-139,9.27329e-106,2.16403,0.520949,12.2472
2025-12-20,1.29234e-06,2.33724e-106,5.69108e-139,8.24698e-106,2.19457,0.529229,12.2784
2025-12-21,1.23557e-06,1.99914e-106,4.6261e-139,7.12889e-106,2.16468,0.521338,12.3198
2025-12-22,1.22944e-06,1.78058e-106,4.08586e-139,6.35651e-106,2.16057,0.520289,12.3145
2025-12-23,1.20757e-06,1.57537e-106,3.40806e-139,5.70336e-106,2.12277,0.511292,12.1568
2025-12-24,1.21103e-06,1.41148e-106,2.9376e-139,5.1017e-106,2.13074,0.512702,12.1823
2025-12-25,1.18058e-06,1.24142e-106,2.52747e-139,4.45197e-106,2.08554,0.501713,12.1205
2025-12-26,1.19388e-06,1.15443e-106,2.21867e-139,4.13683e-106,2.11117,0.508156,12.1406
2025-12-27,1.23875e-06,1.05445e-106,1.97151e-139,3.77706e-106,2.18321,0.523945,12.2111
2025-12-28,1.23864e-06,9.57004e-107,1.72587e-139,3.42503e-106,2.19033,0.524881,12.2216
2025-12-29,1.22023e-06,8.26112e-107,1.4134e-139,2.90998e-106,2.1702,0.518876,12.1222
2025-12-30,1.21793e-06,7.46115e-107,1.21236e-139,2.61847e-106,2.17361,0.519716,12.2957
2025-12-31,1.20256e-06,6.32184e-107,1.00587e-139,2.20063e-106,2.14443,0.513173,12.1793
2026-01-01,1.22673e-06,5.81472e-107,8.94844e-140,2.04098e-106,2.21051,0.529015,12.3448
2026-01-02,1.27199e-06,5.22229e-107,8.04472e-140,1.85761e-106,2.32034,0.554212,12.5054
2026-01-03,1.27486e-06,4.71804e-107,7.07563e-140,1.67978e-106,2.33989,0.559009,12.5934
2026-01-04,1.28769e-06,4.29478e-107,6.1911e-140,1.51489e-106,2.38657,0.569639,12.7187
2026-01-05,1.32007e-06,4.02422e-107,5.57368e-140,1.43266e-106,2.48742,0.592521,13.0424
2026-01-06,1.32563e-06,3.58725e-107,4.84718e-140,1.26249e-106,2.49501,0.594679,13.0269
2026-01-07,1.29033e-06,3.10199e-107,4.14795e-140,1.09779e-106,2.39143,0.569902,12.6957
2026-01-08,1.28559e-06,2.50699e-107,3.2646e-140,8.7185e-107,2.3411,0.557085,12.659
2026-01-09,1.27885e-06,2.22843e-107,2.88176e-140,7.80709e-107,2.32565,0.553439,12.5952
2026-01-10,1.27045e-06,1.97997e-107,2.37128e-140,6.77705e-107,2.30416,0.546952,12.5763
2026-01-11,1.2719e-06,1.84184e-107,2.06581e-140,6.2028e-107,2.31194,0.549056,12.647
2026-01-12,1.26564e-06,1.66214e-107,1.79204e-140,5.61102e-107,2.29831,0.546985,12.6862
2026-01-13,1.3105e-06,1.55848e-107,1.61808e-140,5.21791e-107,2.43258,0.577551,13.2584
2026-01-14,1.31321e-06,1.47505e-107,1.45616e-140,4.96027e-107,2.44919,0.583671,13.4721
2026-01-15,1.2805e-06,1.29705e-107,1.19575e-140,4.26805e-107,2.3664,0.563596,13.285
2026-01-16,1.27982e-06,1.16109e-107,1.03204e-140,3.86267e-107,2.36664,0.563475,13.2775
2026-01-17,1.27709e-06,1.04215e-107,8.85356e-141,3.42956e-107,2.36243,0.562034,13.2215
2026-01-18,1.2476e-06,9.01708e-108,7.49964e-141,2.98726e-107,2.27553,0.541096,13.0165
2026-01-19,1.26384e-06,8.25427e-108,6.17028e-141,2.64329e-107,2.20495,0.524361,12.8717
2026-01-20,1.22049e-06,6.9999e-108,4.85498e-141,2.17183e-107,2.08233,0.495073,12.2877
2026-01-21,1.23507e-06,6.26085e-108,4.29911e-141,1.93018e-107,2.13537,0.507714,12.4304
2026-01-22,1.23048e-06,5.57928e-108,3.74904e-141,1.74117e-107,2.12431,0.505697,12.445
2026-01-23,1.2329e-06,4.94015e-108,3.24193e-141,1.57068e-107,2.13437,0.508402,12.4506
2026-01-24,1.22964e-06,4.42066e-108,2.79707e-141,1.4011e-107,2.13049,0.507297,12.3985
2026-01-25,1.19082e-06,3.6515e-108,2.29116e-141,1.16185e-107,2.02228,0.48075,12.0435
2026-01-26,1.22072e-06,3.38405e-108,2.08895e-141,1.08102e-107,2.10258,0.501084,12.2765
2026-01-27,1.24297e-06,3.28598e-108,1.91528e-141,1.05002e-107,2.15986,0.515645,12.4019
2026-01-28,1.22969e-06,2.9262e-108,1.6388e-141,9.36198e-108,2.13324,0.508389,12.4089
2026-01-29,1.18605e-06,2.52689e-108,1.34089e-141,7.99902e-108,2.00925,0.478897,11.7627
2026-01-30,1.16793e-06,2.32215e-108,1.19729e-141,7.46689e-108,1.96018,0.466984,11.7086
2026-01-31,1.10498e-06,1.86534e-108,9.15442e-142,5.96264e-108,1.78824,0.425621,10.9416
2026-02-01,1.08832e-06,1.63605e-108,8.05223e-142,5.3021e-108,1.73892,0.413813,10.6953
2026-02-02,1.09559e-06,1.48759e-108,7.23457e-142,4.81928e-108,1.77767,0.423047,10.9413
2026-02-03,1.07347e-06,1.2675e-108,5.84408e-142,4.03497e-108,1.71215,0.407234,10.5288
2026-02-04,1.05367e-06,1.09251e-108,5.15025e-142,3.4838e-108,1.65229,0.392559,10.1669
2026-02-05,1.01177e-06,7.62537e-109,3.80982e-142,2.50331e-108,1.38743,0.329604,8.74177
2026-02-06,1.13734e-06,7.39869e-109,3.74048e-142,2.39657e-108,1.56847,0.373063,9.80763
2026-02-07,1.12761e-06,6.91818e-109,3.2749e-142,2.17458e-108,1.55643,0.370216,9.62826
2026-02-08,1.1215e-06,6.0981e-109,2.83336e-142,1.89636e-108,1.5432,0.36711,9.77291
2026-02-09,1.11919e-06,5.6236e-109,2.55351e-142,1.75432e-108,1.54229,0.366848,9.74618
2026-02-10,1.09958e-06,4.71614e-109,2.11395e-142,1.50743e-108,1.49411,0.355347,9.56599
2026-02-11,1.0855e-06,4.24963e-109,1.79112e-142,1.35783e-108,1.46122,0.347528,9.3216
2026-02-12,1.08433e-06,3.78979e-109,1.54776e-142,1.19966e-108,1.47084,0.349601,9.209
2026-02-13,1.10582e-06,3.40585e-109,1.36569e-142,1.06897e-108,1.54097,0.366497,9.56775
2026-02-14,1.1963e-06,3.40065e-109,1.29283e-142,1.06194e-108,1.68251,0.398247,9.7024
2026-02-15,1.15883e-06,2.79579e-109,1.04474e-142,8.6646e-109,1.60229,0.380089,9.56478
2026-02-16,1.15999e-06,2.57819e-109,9.39787e-143,7.96932e-109,1.60947,0.381991,9.5731
2026-02-17,1.15149e-06,2.24581e-109,7.82679e-143,6.9354e-109,1.58988,0.377271,9.3801
2026-02-18,1.13136e-06,1.94915e-109,6.68341e-143,5.99899e-109,1.53391,0.364145,9.23523
2026-02-19,1.12981e-06,1.7723e-109,5.91023e-143,5.45895e-109,1.53088,0.363487,9.31065
2026-02-20,1.13883e-06,1.65347e-109,5.30083e-143,4.9436e-109,1.5587,0.370142,9.45187
2026-02-21,1.13527e-06,1.4423e-109,4.45416e-143,4.34657e-109,1.55164,0.368662,9.44575
2026-02-22,1.12154e-06,1.25638e-109,3.71218e-143,3.76765e-109,1.5131,0.359497,9.39954
2026-02-23,1.09579e-06,1.10223e-109,3.1522e-143,3.36273e-109,1.45546,0.345601,8.98442
2026-02-24,1.09258e-06,9.71393e-110,2.69415e-143,2.99305e-109,1.4486,0.343975,8.90134
2026-02-25,1.13487e-06,8.92032e-110,2.32009e-143,2.74267e-109,1.56676,0.372127,9.44743
2026-02-26,1.1183e-06,8.13933e-110,1.99682e-143,2.50143e-109,1.52421,0.362298,9.37755
2026-02-27,1.09651e-06,6.89307e-110,1.64632e-143,2.12482e-109,1.46607,0.348212,9.1534
2026-02-28,1.09942e-06,6.44124e-110,1.44869e-143,2.02199e-109,1.47834,0.351213,9.30642
2026-03-01,1.09111e-06,5.64537e-110,1.24697e-143,1.77391e-109,1.45125,0.344809,9.14011
2026-03-02,1.10111e-06,5.31045e-110,1.09097e-143,1.62583e-109,1.49975,0.35628,9.56443
2026-03-03,1.094e-06,4.7099e-110,9.39881e-144,1.4334e-109,1.47449,0.350147,9.49606
2026-03-04,1.11361e-06,4.25757e-110,8.84274e-144,1.29393e-109,1.56491,0.371607,10.0976
2026-03-05,1.10071e-06,3.71148e-110,7.71712e-144,1.14729e-109,1.52017,0.360958,9.85078
2026-03-06,1.08618e-06,3.09517e-110,6.42877e-144,9.56308e-110,1.45772,0.346112,9.46494
2026-03-07,1.08059e-06,2.7323e-110,5.54941e-144,8.45612e-110,1.43529,0.340649,9.34667
2026-03-08,1.07525e-06,2.42762e-110,4.81849e-144,7.41292e-110,1.41476,0.335788,9.16718
2026-03-09,1.08759e-06,2.28806e-110,4.44171e-144,6.84849e-110,1.46797,0.348388,9.50915
2026-03-10,1.09385e-06,2.13735e-110,3.89341e-144,6.44778e-110,1.49855,0.35568,9.71987
2026-03-11,1.09418e-06,1.92368e-110,3.4258e-144,5.78684e-110,1.50068,0.356046,9.75367
2026-03-12,1.09462e-06,1.72868e-110,2.9313e-144,5.20232e-110,1.50549,0.357089,9.80223
2026-03-13,1.09733e-06,1.5266e-110,2.58575e-144,4.70015e-110,1.51821,0.360077,9.85624
2026-03-14,1.09819e-06,1.36432e-110,2.27071e-144,4.20455e-110,1.52241,0.361055,9.89542
2026-03-15,1.1095e-06,1.32177e-110,2.0419e-144,3.9962e-110,1.57194,0.372851,10.1182
2026-03-16,1.12711e-06,1.23951e-110,1.90639e-144,3.78738e-110,1.67388,0.396903,10.4058
2026-03-17,1.10785e-06,1.11031e-110,1.61269e-144,3.39727e-110,1.64402,0.389872,10.2702
2026-03-18,1.09155e-06,9.47975e-111,1.30342e-144,2.84958e-110,1.56825,0.372045,9.90021
2026-03-19,1.08289e-06,8.27867e-111,1.14278e-144,2.53734e-110,1.53136,0.363361,9.71727
2026-03-20,1.08429e-06,7.60387e-111,1.01018e-144,2.31175e-110,1.53885,0.365091,9.79797
2026-03-21,1.07329e-06,6.59496e-111,8.6397e-145,1.98563e-110,1.49167,0.353873,9.57666
2026-03-22,1.06718e-06,5.81839e-111,7.57997e-145,1.71777e-110,1.46596,0.34771,9.42949
2026-03-23,1.08075e-06,5.38861e-111,7.28995e-145,1.60717e-110,1.5307,0.36303,9.85296
2026-03-24,1.08227e-06,4.81748e-111,6.39463e-145,1.4083e-110,1.54207,0.36573,9.80436
2026-03-25,1.08304e-06,4.30725e-111,5.54777e-145,1.24496e-110,1.54871,0.367354,9.91272
2026-03-26,1.06822e-06,3.63598e-111,4.58964e-145,1.05647e-110,1.48171,0.351405,9.56307
2026-03-27,1.05755e-06,3.14994e-111,3.90939e-145,9.21604e-111,1.43645,0.340652,9.22776
2026-03-28,1.05615e-06,2.7594e-111,3.32994e-145,8.02556e-111,1.43167,0.339501,9.22356
2026-03-29,1.05321e-06,2.51305e-111,2.90487e-145,7.31522e-111,1.42052,0.336758,9.17269
2026-03-30,1.05723e-06,2.29727e-111,2.6069e-145,6.62953e-111,1.44021,0.341361,9.28197
2026-03-31,1.06323e-06,2.17332e-111,2.36204e-145,6.15726e-111,1.47516,0.349264,9.48862
2026-04-01,1.06408e-06,1.90363e-111,1.98242e-145,5.4153e-111,1.47961,0.350342,9.46492
2026-04-02,1.04814e-06,1.7016e-111,1.69856e-145,4.81544e-111,1.43581,0.339949,9.29651
2026-04-03,1.05231e-06,1.5515e-111,1.47202e-145,4.35441e-111,1.44784,0.342724,9.30517
2026-04-04,1.0565e-06,1.38084e-111,1.27824e-145,3.91709e-111,1.45873,0.345314,9.35188
2026-04-05,1.06171e-06,1.23787e-111,1.11563e-145,3.55428e-111,1.47345,0.348779,9.5928
2026-04-06,1.05984e-06,1.1102e-111,9.70119e-146,3.16705e-111,1.4681,0.347479,9.56771
2026-04-07,1.10288e-06,1.04914e-111,8.85491e-146,2.90461e-111,1.58891,0.375346,9.99439
2026-04-08,1.08864e-06,9.26353e-112,7.68897e-146,2.55984e-111,1.54739,0.36523,9.87567
2026-04-09,1.09551e-06,7.74047e-112,6.33455e-146,2.12746e-111,1.57206,0.369744,9.97545
2026-04-10,1.0597e-06,6.53379e-112,4.86952e-146,1.7774e-111,1.56936,0.368102,10.1387
2026-04-11,1.06131e-06,5.90104e-112,4.19972e-146,1.58953e-111,1.57348,0.369641,10.1499
2026-04-12,1.04205e-06,5.13203e-112,3.58334e-146,1.36787e-111,1.51857,0.35647,9.82996
2026-04-13,1.06496e-06,4.99151e-112,3.18053e-146,1.31183e-111,1.58565,0.372332,10.3409
2026-04-14,1.05048e-06,4.36666e-112,2.65042e-146,1.15448e-111,1.54448,0.362373,10.3011
2026-04-15,1.05731e-06,3.97673e-112,2.311e-146,1.04251e-111,1.56366,0.367313,10.3954
2026-04-16,1.07215e-06,3.73081e-112,2.06881e-146,9.76686e-112,1.6047,0.377699,10.4432
2026-04-17,1.0745e-06,3.25804e-112,1.72159e-146,8.52464e-112,1.6125,0.379959,10.7097
2026-04-18,1.05702e-06,2.77928e-112,1.43488e-146,7.3053e-112,1.56193,0.367669,10.5179
2026-04-19,1.04062e-06,2.26254e-112,1.19895e-146,6.02047e-112,1.51221,0.356412,10.2553
2026-04-20,1.05222e-06,2.03128e-112,1.09808e-146,5.56226e-112,1.54888,0.364899,10.5386
2026-04-21,1.055e-06,1.83749e-112,9.91324e-147,4.96174e-112,1.55901,0.367189,10.6075
2026-04-22,1.05784e-06,1.67943e-112,8.65457e-147,4.44208e-112,1.56788,0.3692,10.8634
2026-04-23,1.06372e-06,1.52274e-112,7.83677e-147,4.01617e-112,1.58732,0.373357,10.8744
2026-04-24,1.06457e-06,1.39574e-112,6.98169e-147,3.67194e-112,1.59374,0.374192,10.7604
2026-04-25,1.06261e-06,1.26927e-112,6.07075e-147,3.27395e-112,1.58898,0.372988,10.7866
2026-04-26,1.06733e-06,1.14057e-112,5.32415e-147,2.95587e-112,1.60218,0.376322,10.93
2026-04-27,1.0593e-06,1.01494e-112,4.6378e-147,2.68137e-112,1.57986,0.370905,10.7513
2026-04-28,1.05554e-06,9.15802e-113,4.00415e-147,2.41397e-112,1.5641,0.368112,10.6084
2026-04-29,1.05082e-06,8.36873e-113,3.47187e-147,2.17549e-112,1.55136,0.365118,10.5302
2026-04-30,1.05517e-06,7.58186e-113,3.04395e-147,1.9896e-112,1.56887,0.368251,10.6089
2026-05-01,1.07325e-06,7.20798e-113,2.74559e-147,1.88667e-112,1.6169,0.379555,10.8708
2026-05-02,1.08884e-06,6.53963e-113,2.29982e-147,1.75421e-112,1.65936,0.389305,10.9341
2026-05-03,1.08827e-06,6.13447e-113,1.90948e-147,1.65749e-112,1.66053,0.389575,10.9177
2026-05-04,1.0937e-06,5.48538e-113,1.69442e-147,1.514e-112,1.6752,0.393023,11.0973
2026-05-05,1.11435e-06,5.11206e-113,1.4742e-147,1.41658e-112,1.73583,0.405754,11.2424
2026-05-06,1.12386e-06,4.84603e-113,1.21107e-147,1.31078e-112,1.7673,0.412055,11.3177
2026-05-07,1.11552e-06,4.33435e-113,1.02983e-147,1.22018e-112,1.74935,0.40694,11.1174
2026-05-08,1.13585e-06,4.14595e-113,9.34604e-148,1.14493e-112,1.8111,0.42036,11.1434
2026-05-09,1.13763e-06,3.85723e-113,8.22264e-148,1.08833e-112,1.81265,0.421589,11.2109
2026-05-10,1.17671e-06,3.65872e-113,7.51158e-148,1.01042e-112,1.92425,0.447399,11.4237
2026-05-11,1.15791e-06,3.12687e-113,6.24976e-148,8.74271e-113,1.86593,0.435209,11.3592
2026-05-12,1.15097e-06,2.78769e-113,5.54844e-148,7.84667e-113,1.8482,0.430735,11.1867
2026-05-13,1.13687e-06,2.53564e-113,4.60243e-148,6.98491e-113,1.80341,0.421787,11.0212
2026-05-14,1.1516e-06,2.2431e-113,3.93622e-148,6.06019e-113,1.84709,0.431556,11.268
2026-05-15,1.12589e-06,1.94893e-113,3.3201e-148,5.3425e-113,1.77177,0.415,10.9934
2026-05-16,1.11028e-06,1.67633e-113,2.78459e-148,4.5524e-113,1.73005,0.40508,10.8592
2026-05-17,1.10822e-06,1.57172e-113,2.4781e-148,4.25236e-113,1.72892,0.403769,10.7633
2026-05-18,1.11512e-06,1.43985e-113,2.21114e-148,3.87027e-113,1.75566,0.408258,10.7
2026-05-19,1.10366e-06,1.20939e-113,1.98773e-148,3.22134e-113,1.72499,0.401182,10.6767
2026-05-20,1.12788e-06,1.13139e-113,1.85082e-148,3.0141e-113,1.8049,0.416086,10.7765
2026-05-21,1.13514e-06,1.04365e-113,1.59018e-148,2.80302e-113,1.8227,0.420869,10.7852
2026-05-22,1.10566e-06,9.06099e-114,1.25907e-148,2.41926e-113,1.72956,0.401832,10.4968
2026-05-23,1.1239e-06,8.79569e-114,1.14104e-148,2.3705e-113,1.78688,0.413663,10.6653
2026-05-24,1.12394e-06,8.33318e-114,1.00897e-148,2.26442e-113,1.79399,0.413735,10.7087
2026-05-25,1.12351e-06,7.5615e-114,8.79766e-149,2.01106e-113,1.79,0.413507,10.7445
2026-05-26,1.10341e-06,6.75243e-114,7.43811e-149,1.81222e-113,1.72063,0.400443,10.551
2026-05-27,1.09043e-06,5.92248e-114,6.3266e-149,1.62118e-113,1.68379,0.392249,10.3453
2026-05-28,1.08713e-06,5.20251e-114,5.48442e-149,1.41306e-113,1.67784,0.390247,10.2297
2026-05-29,1.08102e-06,4.6945e-114,4.65503e-149,1.23349e-113,1.65955,0.386596,10.2079
2026-05-30,1.10548e-06,4.35975e-114,4.13295e-149,1.15165e-113,1.73617,0.40189,10.2668
2026-05-31,1.11958e-06,4.09011e-114,3.49884e-149,1.08126e-113,1.79208,0.410204,10.2376
2026-06-01,1.12138e-06,3.59956e-114,3.0155e-149,9.19736e-114,1.79634,0.411345,9.92279
2026-06-02,1.07826e-06,3.17509e-114,2.78804e-149,8.13719e-114,1.71342,0.392041,9.2769
2026-06-03,1.06937e-06,2.82594e-114,2.32629e-149,7.13297e-114,1.7005,0.388291,8.9131
2026-06-04,1.02147e-06,1.96091e-114,1.68612e-149,4.77961e-114,1.54576,0.354787,8.87742
2026-06-05,7.72682e-07,1.20049e-114,1.09361e-149,3.20636e-114,1.41551,0.325364,8.48424
2026-06-06,7.67117e-07,1.1708e-114,9.6449e-150,2.98982e-114,1.40985,0.323685,8.46036
2026-06-07,8.14175e-07,1.15583e-114,8.74895e-150,2.94378e-114,1.51187,0.348119,8.80044
2026-06-08,8.19867e-07,1.11429e-114,7.61689e-150,2.78493e-114,1.526,0.351481,8.76626
2026-06-09,8.04895e-07,1.07678e-114,6.7742e-150,2.66846e-114,1.49432,0.34402,8.57783
2026-06-10,7.82098e-07,9.36729e-115,5.63773e-150,2.25757e-114,1.4429,0.332302,8.5474
2026-06-11,8.09275e-07,9.538e-115,5.2825e-150,2.28196e-114,1.50636,0.346968,8.84129
2026-06-12,8.02117e-07,8.75485e-115,4.41284e-150,2.0148e-114,1.49146,0.343436,8.8349
2026-06-13,8.16981e-07,8.40514e-115,3.99443e-150,1.93412e-114,1.52621,0.351413,8.95691
2026-06-14,8.41014e-07,7.72017e-115,3.71167e-150,1.80789e-114,1.57892,0.36393,9.13595
2026-06-15,8.61124e-07,6.90038e-115,3.26485e-150,1.62071e-114,1.62078,0.373556,9.21686
2026-06-16,8.49047e-07,6.01711e-115,2.71687e-150,1.38866e-114,1.59365,0.367375,9.12602
2026-06-17,8.31653e-07,5.29163e-115,2.33881e-150,1.19786e-114,1.55422,0.358385,8.96405
2026-06-18,8.13814e-07,4.7246e-115,1.978e-150,1.06843e-114,1.51612,0.349342,8.74847
2026-06-19,8.11937e-07,4.15114e-115,1.72527e-150,9.6265e-115,1.51176,0.348482,8.82989
2026-06-20,8.18639e-07,3.72102e-115,1.50707e-150,8.71824e-115,1.52791,0.352116,8.93467
2026-06-21,8.02965e-07,3.21403e-115,1.20157e-150,7.5796e-115,1.49276,0.343876,8.79766
2026-06-22,8.09445e-07,3.00411e-115,1.0574e-150,7.05065e-115,1.50747,0.347383,8.89604
2026-06-23,7.84866e-07,2.50559e-115,8.58533e-151,6.16293e-115,1.45352,0.334986,8.71742
2026-06-24,7.71585e-07,2.19605e-115,7.33149e-151,5.45636e-115,1.42478,0.328419,8.48723
2026-06-25,7.58928e-07,2.09762e-115,6.38635e-151,4.97211e-115,1.39692,0.322095,8.30881
2026-06-26,7.65297e-07,1.88306e-115,5.68477e-151,4.5735e-115,1.4122,0.325493,8.35095
2026-06-27,7.59223e-07,1.69824e-115,4.9841e-151,4.03675e-115,1.39938,0.322361,8.34146
2026-06-28,7.53782e-07,1.50431e-115,4.28104e-151,3.48502e-115,1.38896,0.31964,8.27865
2026-06-29,7.69376e-07,1.46319e-115,3.92593e-151,3.37591e-115,1.42392,0.327821,8.37359
2026-06-30,7.5524e-07,1.27944e-115,3.31093e-151,2.96357e-115,1.39336,0.320733,8.14632
