,EW-5 (20% each),IVW-5 (causal 90d),SharpeTilt-5 (causal),MinVar-5 (causal 120d),EW-3fam (B3/M10/CT),EW-3fam (A2/M10/CT),IVW-3fam (B3/M10/CT),[OVERFIT] full-sample maxSharpe
2020-02-02,0.0,0.0,0.0,0.0,0.0,0.0,0.0,0.0
2020-02-03,0.0,0.0,0.0,0.0,0.0,0.0,0.0,0.0
2020-02-04,0.0,0.0,0.0,0.0,0.0,0.0,0.0,0.0
2020-02-05,0.0,0.0,0.0,0.0,0.0,0.0,0.0,0.0
2020-02-06,0.0,0.0,0.0,0.0,0.0,0.0,0.0,0.0
2020-02-07,0.0,0.0,0.0,0.0,0.0,0.0,0.0,0.0
2020-02-08,0.0,0.0,0.0,0.0,0.0,0.0,0.0,0.0
2020-02-09,0.0,0.0,0.0,0.0,0.0,0.0,0.0,0.0
2020-02-10,0.0,0.0,0.0,0.0,0.0,0.0,0.0,0.0
2020-02-11,0.0,0.0,0.0,0.0,0.0,0.0,0.0,0.0
2020-02-12,0.0,0.0,0.0,0.0,0.0,0.0,0.0,0.0
2020-02-13,0.0,0.0,0.0,0.0,0.0,0.0,0.0,0.0
2020-02-14,0.0,0.0,0.0,0.0,0.0,0.0,0.0,0.0
2020-02-15,0.0,0.0,0.0,0.0,0.0,0.0,0.0,0.0
2020-02-16,0.0,0.0,0.0,0.0,0.0,0.0,0.0,0.0
2020-02-17,0.0,0.0,0.0,0.0,0.0,0.0,0.0,0.0
2020-02-18,0.0,0.0,0.0,0.0,0.0,0.0,0.0,0.0
2020-02-19,0.0,0.0,0.0,0.0,0.0,0.0,0.0,0.0
2020-02-20,0.0,0.0,0.0,0.0,0.0,0.0,0.0,0.0
2020-02-21,0.0,0.0,0.0,0.0,0.0,0.0,0.0,0.0
2020-02-22,0.0,0.0,0.0,0.0,0.0,0.0,0.0,0.0
2020-02-23,0.0,0.0,0.0,0.0,0.0,0.0,0.0,0.0
2020-02-24,0.0,0.0,0.0,0.0,0.0,0.0,0.0,0.0
2020-02-25,0.0,0.0,0.0,0.0,0.0,0.0,0.0,0.0
2020-02-26,0.0,0.0,0.0,0.0,0.0,0.0,0.0,0.0
2020-02-27,0.0,0.0,0.0,0.0,0.0,0.0,0.0,0.0
2020-02-28,0.0,0.0,0.0,0.0,0.0,0.0,0.0,0.0
2020-02-29,0.0,0.0,0.0,0.0,0.0,0.0,0.0,0.0
2020-03-01,0.0012766706697990406,0.0012766706697990406,0.0012766706697990406,0.0012766706697990406,0.002127784449665067,0.002127784449665067,0.002127784449665067,0.0031485196892437894
2020-03-02,3.143202002101738e-05,3.143202002101738e-05,3.143202002101738e-05,3.143202002101738e-05,5.2342207662924936e-05,5.2342207662924936e-05,5.2342207662924936e-05,-0.0007152378663847704
2020-03-03,0.0005234835927236151,0.0005234835927236151,0.0005234835927236151,0.0005234835927236151,0.0008717134306035404,0.0008717134306035404,0.0008717134306035404,0.0007600874577015293
2020-03-04,-0.0035980392672117253,-0.0035980392672117253,-0.0035980392672117253,-0.0035980392672117253,-0.0004948565783867438,-0.002122933700312897,-0.0004948565783867438,-0.0011419550397551795
2020-03-05,0.0028329912385554727,0.0028329912385554727,0.0028329912385554727,0.0028329912385554727,0.0010494407353377824,0.0023674821657141483,0.0010494407353377824,0.0012694794074963284
2020-03-06,-0.001652119109403103,-0.001652119109403103,-0.001652119109403103,-0.001652119109403103,-0.0010963682644721852,-0.0016916595648227535,-0.0010963682644721852,-0.0027551389868670628
2020-03-07,-0.011404195949684946,-0.011404195949684946,-0.011404195949684946,-0.011404195949684946,-0.002271308705603739,-0.008595478983457944,-0.002271308705603739,-0.0027523193413586024
2020-03-08,-0.00026990740144359864,-0.00026990740144359864,-0.00026990740144359864,-0.00026990740144359864,-0.00023105409212262852,-0.00032652021337323934,-0.00023105409212262852,0.0007518818139416871
2020-03-09,0.0001626878240967663,0.0001626878240967663,0.0001626878240967663,0.0001626878240967663,0.00026782119429067915,0.0002698009179700888,0.00026782119429067915,0.00040231499788978564
2020-03-10,0.0010616654045067005,0.0010616654045067005,0.0010616654045067005,0.0010616654045067005,0.001747559246675561,0.0017604736512159254,0.001747559246675561,0.002624791424979389
2020-03-11,-0.003117823762106186,-0.003117823762106186,-0.003117823762106186,-0.003117823762106186,-0.005128594275266469,-0.00516642781094572,-0.005128594275266469,-0.006445298787698793
2020-03-12,0.005011591442761392,0.005011591442761392,0.005011591442761392,0.005011591442761392,0.008260366600450932,0.008321619616172757,0.008260366600450932,0.012412442001829746
2020-03-13,-0.0033820521974774055,-0.0033820521974774055,-0.0033820521974774055,-0.0033820521974774055,-0.005556513116765811,-0.0055973762269164555,-0.005556513116765811,-0.008315253166604418
2020-03-14,0.00012949791530625574,0.00012949791530625574,0.00012949791530625574,0.00012949791530625574,0.0002132226866220267,0.00021479957235585623,0.0002132226866220267,0.0003199727677376678
2020-03-15,-0.0010288430157712849,-0.0010288430157712849,-0.0010288430157712849,-0.0010288430157712849,-0.0016938829355277274,-0.001706407335528594,-0.0016938829355277274,-0.002541655299613378
2020-03-16,-0.022429915761794723,-0.022429915761794723,-0.022429915761794723,-0.022429915761794723,-0.002749844406501454,-0.019402129827997612,-0.002749844406501454,-0.006608983646780462
2020-03-17,-0.008055503024442924,-0.008055503024442924,-0.008055503024442924,-0.008055503024442924,-0.013009480398627859,-0.012691610728333882,-0.013009480398627859,-0.019519387023994913
2020-03-18,-3.951996140286496e-05,-3.951996140286496e-05,-3.951996140286496e-05,-3.951996140286496e-05,-6.414431757861293e-05,-6.569559874514521e-05,-6.414431757861293e-05,-9.734603487217459e-05
2020-03-19,-0.0008175440803314558,-0.0008175440803314558,-0.0008175440803314558,-0.0008175440803314558,-0.0013269774732989285,-0.0013590715150585794,-0.0013269774732989285,-0.0020139006781770452
2020-03-20,-0.0005329679258314523,-0.0005329679258314523,-0.0005329679258314523,-0.0005329679258314523,-0.0008655156549712441,-0.0008864773515021158,-0.0008655156549712441,-0.0013144626536247632
2020-03-21,-0.001114986089521304,-0.001114986089521304,-0.001114986089521304,-0.001114986089521304,-0.0018112893251880395,-0.0018551953877908862,-0.0018112893251880395,-0.0027520501234878595
2020-03-22,4.7474588925770164e-05,4.7474588925770164e-05,4.7474588925770164e-05,4.7474588925770164e-05,7.717603014207819e-05,7.905027163906505e-05,7.717603014207819e-05,0.0001173709037451152
2020-03-23,-0.00033851515850828436,-0.00033851515850828436,-0.00033851515850828436,-0.00033851515850828436,-0.0005502834415176564,-0.0005636461726160794,-0.0005502834415176564,-0.0008368488111622594
2020-03-24,-0.0005384709644274269,-0.0005384709644274269,-0.0005384709644274269,-0.0005384709644274269,-0.0008755130515512474,-0.0008967854405633613,-0.0008755130515512474,-0.0013318267193643586
2020-03-25,-0.0004481886080584372,-0.0004481886080584372,-0.0004481886080584372,-0.0004481886080584372,-0.0007289665949621432,-0.0007466942345064268,-0.0007289665949621432,-0.0011094075561580421
2020-03-26,3.930119673669083e-05,3.930119673669083e-05,3.930119673669083e-05,3.930119673669083e-05,6.394028986322887e-05,6.549640702558455e-05,6.394028986322887e-05,9.734720092768394e-05
2020-03-27,-0.0005603187768033083,-0.0005603187768033083,-0.0005603187768033083,-0.0005603187768033083,-0.0009115768804101508,-0.000933760507189766,-0.0009115768804101508,-0.0013878024905034964
2020-03-28,-0.00029449382650643274,-0.00029449382650643274,-0.00029449382650643274,-0.00029449382650643274,-0.0004792774352410772,-0.0004909517647473757,-0.0004792774352410772,-0.0007300093175163473
2020-03-29,0.00023442466457849134,0.00023442466457849134,0.00023442466457849134,0.00023442466457849134,0.0003815877043868933,0.0003908870546702998,0.0003815877043868933,0.0005813594688768924
2020-03-30,-9.691770728513153e-05,-9.691770728513153e-05,-9.691770728513153e-05,-9.691770728513153e-05,-0.00015773581294107217,-0.00016157835664717775,-0.00015773581294107217,-0.0002402669129847848
2020-03-31,8.068686337916163e-05,8.068686337916163e-05,8.068686337916163e-05,8.068686337916163e-05,0.00013132772650229545,0.00013452746960672724,0.00013132772650229545,0.00020005800607776468
2020-04-01,-0.0003640498197776676,-0.00016634718926156973,-0.00022753113736104225,-0.0003640498197776676,-0.0006067496996294459,-0.0006067496996294459,-0.00024032366456428373,-0.000910124549444169
2020-04-02,-0.0022387322527982903,-0.0026533726825241307,-0.0025515056764271204,-0.0022387322527982903,-0.0008345782707288773,-0.001258528946095301,-0.0019014908737213963,-0.0013158594484215427
2020-04-03,0.000412577033595163,0.00016714858409193676,5.069146652296344e-06,0.000412577033595163,-0.00031969659505834636,-0.0002420701304773402,-0.0004711533772179295,-0.0004682531398376368
2020-04-04,0.005383216525326937,0.005195596095446999,0.00487298286901522,0.005383216525326937,0.0015954404963180596,0.005582918395171111,0.0026857452110946403,0.002993787050813983
2020-04-05,-0.006773741403728366,-0.005761126117572961,-0.005249606413664159,-0.006773741403728366,-0.002246420869178833,-0.005602043294260165,-0.00227103649073221,-0.003874240625970032
2020-04-06,0.056167080814606425,0.055311989460222984,0.050884820946121095,0.056167080814606425,0.014588184739413947,0.04144237902948885,0.02728833160394612,0.02594238664224829
2020-04-07,-0.0072707165861734405,-0.005958838560023721,-0.005305758741446442,-0.0072707165861734405,-0.002665394499829429,-0.006804873097624834,-0.002293346459147145,-0.003416416748548584
2020-04-08,0.024095697292274895,0.020523072435851206,0.017691942067549274,0.024095697292274895,0.0024061924548145004,0.019312686484727913,0.004542164502146414,0.006153462679089356
2020-04-09,-0.0029207834558202046,-0.00269744632500421,-0.002212420367883715,-0.0029207834558202046,0.0005461865027659185,-0.001900246915075721,-0.0003084849135446115,0.0004353266534029871
2020-04-10,-0.038223401091728434,-0.032343326140170846,-0.027906015863153624,-0.038223401091728434,-0.0054282936814514186,-0.03176904910011874,-0.00786201527424914,-0.01008058638072351
2020-04-11,0.0002306611010449915,0.00010379202457715781,0.00014380141925478656,0.0002306611010449915,0.00039170598570797483,0.00038794112993987455,0.00015154648660869744,0.0005924028990716233
2020-04-12,-0.004183560000734985,-0.003840502751266989,-0.003044744289727909,-0.004183560000734985,-0.001947110416653943,-0.0015045197995364047,-0.002046433864847911,0.0008656935186438024
2020-04-13,-0.00322495361387563,-0.0028160489559888656,-0.0024326371071150227,-0.00322495361387563,-0.002047266706973592,-0.0033861960917757968,-0.0018544596998809255,-0.0007070948326098143
2020-04-14,-0.0036085605481036126,-0.0029333774834648116,-0.0024801449026627493,-0.0036085605481036126,-0.00012910144198168924,-0.002901049761564926,-0.0003316581576662832,-0.0008276703171727028
2020-04-15,-0.011176474595482103,-0.009607823015389991,-0.00835310702705433,-0.011176474595482103,-0.0026223550303002222,-0.00952580245201259,-0.0032614351868589424,-0.0032642854273496366
2020-04-16,0.010728168823902788,0.008791325001345584,0.0075660148721297,0.010728168823902788,-1.4585136547033939e-05,0.008277058455494373,0.0008495318717176382,0.003336108399074282
2020-04-17,-0.0013567352214214358,-0.0010207471639812984,-0.000932660965514482,-0.0013567352214214358,-0.0007595326698836035,-0.0014460722576467378,-0.0004746104471883619,-0.0009306379874354723
2020-04-18,0.021497374061188613,0.01820805696195628,0.01628445895679084,0.021497374061188613,0.005514344944009406,0.022896541382008525,0.00646984381674889,0.009140130872057417
2020-04-19,-0.025987244190010066,-0.021857913683403084,-0.019072150109810417,-0.025987244190010066,-0.004624597153530951,-0.021925184799505955,-0.005859662843691749,-0.008808335853502318
2020-04-20,-0.042947051411803897,-0.036385957125384866,-0.031195501627192673,-0.042947051411803897,-0.0047886849913691765,-0.0349528915876851,-0.008322738226686907,-0.010410984293365871
2020-04-21,-0.00021279547115917515,-8.789313057601144e-05,-0.000146136010801511,-0.00021279547115917515,-0.0003435301832838195,-0.00033790251770258534,-0.00012357430692455762,-0.0006839443358103428
2020-04-22,-0.0003571401895470519,2.421437659623804e-05,-0.00021882193999667366,-0.0003571401895470519,-0.0005766310685744134,-0.0005909707080605967,3.404568214785466e-05,-0.002264044158620446
2020-04-23,0.0031723776625941546,0.0028987428190718847,0.00213734144333036,0.0031723776625941546,-0.0003256159718519107,0.0009404902686968321,0.00039238812588238424,-0.001713171014495029
2020-04-24,0.01705640264209432,0.014567296432308238,0.012458634500452039,0.01705640264209432,0.002705090499811003,0.013841560636904447,0.004066200105293774,0.0038592173715137853
2020-04-25,0.011977827379398658,0.010404540817779568,0.009144305834394966,0.011977827379398658,0.002956883750810047,0.012311990596223392,0.003928850920738085,0.003674447001761807
2020-04-26,0.0015982356105485342,0.001656205094195909,0.0017577935302708556,0.0015982356105485342,0.00044271178703566845,0.005898359898073312,0.0012284354377371394,0.0014135736556489097
2020-04-27,-0.01344064919066391,-0.011378767589981626,-0.009890612061612897,-0.01344064919066391,-0.0031591766481505984,-0.012447682938500855,-0.003772074695304281,-0.004024239644429114
2020-04-28,0.0052161543038783545,0.004385858137313728,0.003988210720330222,0.0052161543038783545,0.002868411801342996,0.006812627044481044,0.002590145797267703,0.0025837986971062156
2020-04-29,0.07250379897896457,0.06243484717188883,0.05463465532487784,0.07250379897896457,0.01756445677926592,0.07147623959805328,0.022583777105874954,0.021907149315177316
2020-04-30,-0.027719798895197042,-0.02381254014105184,-0.020876425332238865,-0.027719798895197042,-0.009952481255501007,-0.029651051609101548,-0.010559920601413227,-0.008139811452426916
2020-05-01,0.003998594990803461,0.0023330233322715528,0.004743405047505427,0.0012667322535314489,0.00012540157038169278,0.002923005411900196,0.0005158316799529234,0.000736201718736218
2020-05-02,0.0041537498044703315,0.003331159259141443,0.004252525098407763,0.001974883710824289,0.002213049148747388,0.00394131385765846,0.0024219642909890193,0.0010802014737239386
2020-05-03,-0.012480616475956106,-0.009570713747539056,-0.012069822705033787,-0.003816550818002282,-0.006727070230478606,-0.01269000127273813,-0.0067567910008288126,-0.0023545010121482166
2020-05-04,-0.014489412789818518,-0.009076603345171755,-0.0157063601358394,-0.0036086581315602187,-0.003192311526262039,-0.012483996520415055,-0.00364458937966178,-0.003211806513134313
2020-05-05,1.2679167054238308e-05,-4.811185761026376e-05,-5.3813077017424706e-05,-0.00018515106128834608,2.0892250603194913e-05,9.214335956862165e-05,-5.947445139137521e-05,4.171559266750076e-05
2020-05-06,-0.0014746952604803474,-0.0010413903627679794,-0.0027166885142103593,-0.0011275525293377136,-0.00024639345898161793,-0.0020366481294623786,-0.0005544073955225035,-0.0006323928499322632
2020-05-07,0.0071649991129727,0.004582090021356337,0.01241006888006038,0.003772224170244745,0.0015223977186024564,0.010559638945281797,0.0022134356141939723,0.003606764490722422
2020-05-08,-0.0006200557640891433,-0.00041777988769394695,-0.0008250652742407453,-0.00026087567895250087,-0.00041404152915699245,-0.000945454252809548,-0.00031202088878847005,-0.000696376423867113
2020-05-09,-0.0031295012939517378,-0.00190535293922543,-0.0035608080071350386,-0.0010398514286211746,-0.0005277173766810361,-0.0025165702220070244,-0.0006661966635372592,-0.0010826090794887695
2020-05-10,-0.013969954940782226,-0.009676894705172434,-0.01673709244140783,-0.008198228837185403,-0.0030719615982043856,-0.01026186786412977,-0.004691447154600579,-0.00565023874610926
2020-05-11,0.002793498810000115,0.0015745896721756534,0.003050969405570253,0.0005293680047155893,0.0004937930943411702,0.0024005522192666125,0.00045461860657375287,0.001019737846177214
2020-05-12,-0.003068974257953638,-0.0025235477150339653,-0.0038977438446827707,-0.0029588161640123215,-0.0010533973499696544,-0.002011643155603909,-0.001661767674616218,-0.0017158151666226778
2020-05-13,-0.004845331884962388,-0.0034088597445695165,-0.005466234192383026,-0.002929075015488211,-0.0011746691736178791,-0.0031287846212361315,-0.0017119404702812713,-0.0020452288656172776
2020-05-14,-0.0033905580491305834,-0.0023634804351526898,-0.0021382896906309277,-0.0017692302822209063,-0.0005010996416522869,0.00014334715718607082,-0.0009259096461481733,-0.0006545500814013834
2020-05-15,-0.0004119330396927616,-0.00046512411092296794,-0.00019751134683429627,-0.00011039510225865261,-0.0006681778716045029,-0.0006712778387173618,-0.0005707509884638846,-0.00014514634404282285
2020-05-16,-2.577224704819749e-05,3.1464691725556557e-05,-1.2027238517937028e-05,6.703989311494815e-06,-4.181471045018386e-05,-4.239332464168042e-05,3.8614213854452965e-05,-0.0003301155590434291
2020-05-17,0.00015065258528820417,0.00018063587999069282,7.030468347834874e-05,3.699013338372006e-05,0.0002444332961828451,0.00024781580364431437,0.00022167903927966794,-1.245023178639927e-05
2020-05-18,0.0037042217024144536,0.004380331674360457,0.0017287792100309542,0.0008968663377223944,0.006009523349249453,0.006092663501260004,0.005375387614775804,1.8863988094549116e-05
2020-05-19,0.0005966399330074501,0.0007232777943230836,0.0002790040299945697,0.00014868297132140126,0.0009657373567961901,0.000979017166029909,0.0008867023765196331,-9.444384739180603e-05
2020-05-20,-0.0016585924317285578,-0.0019856611238886204,-0.0007758463576428558,-0.00040832082617885297,-0.0026836521419798354,-0.0027205188239773533,-0.002433923682085272,0.00013030269522667031
2020-05-21,-0.010487845290073754,-0.011970423682501657,-0.006113016620095643,-0.003908882160137054,-0.015286451037817965,-0.015752378557289393,-0.014058295466051274,-0.0011571364814146985
2020-05-22,-0.003147672430481746,-0.0015689074018137782,-0.00482642964851138,-0.0024464756705499004,0.0012054801156096094,-0.001034340311964871,0.0003801796884922065,-0.0017032009881505755
2020-05-23,-0.0034137005159172408,-0.003538273908723484,-0.0024741879352899346,-0.0006871876064496166,-0.0046391367901525,-0.005856950536023101,-0.004052860482073065,-0.0006241038685835175
2020-05-24,0.0015868787134703925,0.0004839944481242783,0.0020268158321787274,0.003486218640560239,-0.00269730501678048,-0.004267667901233313,-0.0014855687067761192,0.002296948889731521
2020-05-25,0.0010456412235318093,0.0021636643496306795,-0.00038487400068402104,-0.001847430316152154,0.005346901026952328,0.006487313887137916,0.004095572104423214,-0.0013292603374188087
2020-05-26,-0.0012872586904627188,-0.0010484861199344462,-0.001267768229922653,0.0003120474124285213,-0.0012305143817478502,-0.0025397656702136917,-0.0010104310274903479,0.00025918602009886507
2020-05-27,-0.005123594283334757,-0.003958587863654714,-0.005126061782859583,-0.002787195367462633,-0.001342388547493498,-0.0028787768698885527,-0.0022510567331653327,8.642509353689711e-05
2020-05-28,-8.409725220681127e-05,0.002051886195822974,-0.0020298480500372746,-0.0014643656480585444,0.006176200184139668,0.005666462891790135,0.00491580061742143,-0.0014217609417063095
2020-05-29,0.005326418401764901,0.004392890158699694,0.0038245287601846346,0.0007394723966084707,0.004717801288855235,0.006484999794498308,0.003946162596498343,0.001609620614379438
2020-05-30,0.030727791838348784,0.02640200601763211,0.03577739496113552,0.019127087366447564,0.01948049375640951,0.03438447081009646,0.021623477323181695,0.011144341668672038
2020-05-31,-0.044055233399389486,-0.033288794967315266,-0.04994113997897845,-0.023210336276710167,-0.017856286085718806,-0.039659437100518766,-0.02137100272795237,-0.014095580255492304
2020-06-01,0.05872666486044427,0.030239171014208425,0.05872666486044427,0.03143894476202044,0.0196672959634967,0.04932748733140076,0.017396051143807684,0.020858620371228664
2020-06-02,-0.026372264817384996,-0.015207633985468087,-0.026372264817384996,-0.019412223280798443,-0.011078954681455191,-0.0209600171590463,-0.009987022902987268,-0.011787241236888256
2020-06-03,0.010330502603509945,0.004311130473345372,0.010330502603509945,0.005484189236968216,0.0014001155530273567,0.007408491750753918,0.001382742174188363,0.00336739123493638
2020-06-04,0.0024208056465645175,0.0001386686378110457,0.0024208056465645175,0.0023110911970903756,-0.0018583508634347661,0.00023401850558089712,-0.0011780061057131493,0.0015013655663966632
2020-06-05,-0.013616263160582866,-0.00719957019517192,-0.013616263160582866,-0.006778894749671371,-0.004920834243893482,-0.011574100113212273,-0.004231020785783676,-0.004504690073603883
2020-06-06,0.004969415801376134,0.004415073001968928,0.004969415801376134,0.001354982862239211,0.006346865605382351,0.006999578689218158,0.00463344886768746,0.0002913638906546311
2020-06-07,-0.0008251696453326553,-0.002366328198644774,-0.0008251696453326553,-0.00021870411829130209,-0.00520660970882533,-0.003326588040928809,-0.0035842206997594005,0.0010005278969303455
2020-06-08,0.007836279582499996,0.006833418797129943,0.007836279582499996,0.00202282001192685,0.009322961878168366,0.010716259310522093,0.007004061579552521,0.0010611516010005134
2020-06-09,-0.010310813093466277,-0.00394986992865926,-0.010310813093466277,-0.005976397367252315,-0.0001712071386049733,-0.006590758017370736,-0.0006814121203511194,-0.004163696731553702
2020-06-10,0.007372749542362849,0.0061555123205753424,0.007372749542362849,0.0013854884811416877,0.009650700123686507,0.010710640164704254,0.006474079614589878,-0.001410708409899913
2020-06-11,-0.03562137030427616,-0.023969882328862564,-0.03562137030427616,-0.013758637995961841,-0.02436253722993856,-0.03751799710068493,-0.01965060536172147,-0.01008979218412143
2020-06-12,0.004346068988304005,0.0046530594283171415,0.004346068988304005,0.0006533140074702547,0.007271582825499344,0.007243745422822171,0.005349592747291266,5.3058310760779955e-05
2020-06-13,-0.0006975598786251981,-0.0008624857125674813,-0.0006975598786251981,-0.00011211910926941891,-0.0011637257255844116,-0.0011580153286998363,-0.0009909073194651155,-0.00038878502845507315
2020-06-14,-0.008991848281898815,-0.00964817235140311,-0.008991848281898815,-0.0014019049619876881,-0.015007928567441702,-0.014934199350114967,-0.011086182006971373,-0.00019361986776706574
2020-06-15,-0.003960158583713707,-0.003873388336570245,-0.003960158583713707,-0.000601880274045407,-0.006650110368163573,-0.006616945178805908,-0.004457168514269112,0.0011431294825106277
2020-06-16,-0.0008458215636034215,-0.0009883293162513001,-0.0008458215636034215,-0.00013272044292787004,-0.0014241951129720907,-0.0014170451075386113,-0.0011379528929459923,-0.00027684102356715013
2020-06-17,-0.001428905612151818,-0.00151299585352236,-0.001428905612151818,-0.00021957710601535585,-0.002407386107858495,-0.002395282956011504,-0.0017423098589754659,3.8366814110267764e-05
2020-06-18,-0.0003331508502199324,-0.0005841140695814509,-0.0003331508502199324,-5.7724947575839244e-05,-0.0005618351409628052,-0.0005590037285125161,-0.0006727985947736558,-0.0007356439850843431
2020-06-19,-0.0001296628005857561,-4.7223276797382756e-05,-0.0001296628005857561,-1.732872080981015e-05,-0.00021871709650627777,-0.00021761423796741003,-5.439789158407445e-05,0.0002935791582071197
2020-06-20,-0.00012115639628689035,-4.5279907537997956e-05,-0.00012115639628689035,-1.6223058039312607e-05,-0.00020438657396835963,-0.00020335575129870557,-5.215964120275756e-05,0.00027047556506627654
2020-06-21,0.0006705494487585194,0.0008057686063966841,0.0006705494487585194,0.00010559033964718555,0.0011312874750737086,0.001125580671806367,0.0009282017753126789,0.0002896853912835064
2020-06-22,-0.001020809503848438,-0.0017366695523323924,-0.001020809503848438,-0.00017537635515475577,-0.0017214204498834365,-0.0017127464717762455,-0.0020003045192384934,-0.002083291774952039
2020-06-23,0.01194941291995325,0.006752867414855157,0.01194941291995325,0.006005403359294289,0.005199340219601396,0.010579436191915799,0.0044690002133528405,0.004176783005440809
2020-06-24,-0.005967577593981737,-0.0041752536357179,-0.005967577593981737,-0.002327668347538287,-0.0049684035686280315,-0.006785485652112927,-0.0036767058730245417,-0.0009265750813538698
2020-06-25,0.005228031894505002,0.00333446533374647,0.005228031894505002,0.0023491028709724704,0.003235469534838505,0.0052449941641354286,0.0026019757566243563,0.001533395902690986
2020-06-26,-0.007964737229405324,-0.0037618178744391797,-0.007964737229405324,-0.0043939241518095185,-0.0019032587120977234,-0.006090649270239031,-0.0017692315976638496,-0.002822824464382753
2020-06-27,0.004887976537890134,0.006003383840784726,0.004887976537890134,0.0003399263934440987,0.010684137053056375,0.011963322685239515,0.007546695473948831,-0.0006472886187659623
2020-06-28,-0.0039153994861473715,-0.0031315858250294875,-0.0039153994861473715,-0.0013186079451354836,-0.004030841816282228,-0.004885793585503386,-0.003037218413467451,-0.0006384152376876338
2020-06-29,-0.001825564521782962,-0.00173152412344908,-0.001825564521782962,-0.0004227929386456065,-0.002555285164427259,-0.0027169961545353534,-0.0018786822839497962,-0.00011018910012186586
2020-06-30,0.0033587529133114104,0.0029536037976595434,0.0033587529133114104,0.0012335728060393636,0.003092517281069685,0.0039641533346869385,0.002831799896233062,0.0019939916458975525
2020-07-01,0.010107013091911022,0.0024397805087851407,0.014977916359389247,0.005361813526896051,0.0014681706029044212,0.006477111050650518,0.0009189755912300994,0.004779215770163559
2020-07-02,-0.006481190346409685,-0.0023202790548143355,-0.008404328209151482,-0.002760824782969381,-0.00301626203008297,-0.0057624750396160825,-0.0016231771815610804,-0.002601505005207496
2020-07-03,0.004515050230815883,0.0016171630781370008,0.0047848225871834115,0.00353906521343166,0.0014939243797185667,0.001561915415235729,0.0010461091880708815,0.002776014802901187
2020-07-04,0.04022704790317729,0.010169176253982988,0.06035419724408141,0.01652538585701422,0.006741091794746635,0.030329669240492036,0.004227484848139933,0.0161908420212214
2020-07-05,0.021216690396450497,0.0036336911969207363,0.028178904726123607,0.008498142354961071,0.00576680245654851,0.015214902475797109,0.000467670418031771,0.006762812664245547
2020-07-06,0.028788526544719802,0.007591229095480781,0.04303286542502019,0.005060004300350358,0.007782043694164678,0.02939452519787753,0.0035027719053840286,0.007176775086854616
2020-07-07,0.06536891314838442,0.017321926997277404,0.09044118721122595,0.02114376766121967,0.01540437842214978,0.053636575932545325,0.007435342641922758,0.02193923219799475
2020-07-08,0.09337056996718213,0.024701342158626856,0.12146460290788616,0.030931115205621543,0.03267169237458861,0.08173643258617747,0.010976758297333522,0.029674492665728393
2020-07-09,-0.03857687088885906,-0.011701531927753358,-0.0525830084675641,-0.013964238537478394,-0.013137080162924116,-0.03680010281760928,-0.005740628747214677,-0.014513376080633623
2020-07-10,0.0007535416537730991,-0.0003961186576964957,0.002610389301538849,0.00013166727353997558,-0.0034700504474867297,-0.0011456609270541266,-0.001004215502035689,0.0006093336578856002
2020-07-11,0.0017902581535386849,0.00089751510593291,0.0024056620111905713,0.0005319422628517755,0.0005030064131428798,0.0016789604992773453,0.0006541769838819005,0.0007847030054545925
2020-07-12,0.032746540827529126,0.0074076255170184326,0.03978911393295302,0.00565151509598513,0.016862668102384647,0.03361439006628885,0.0028260784429435383,0.005346799817111305
2020-07-13,-0.019534950464366905,-0.003796912962416025,-0.02957523830488468,-0.0029816928091991705,-0.0043925352677546105,-0.021017381981547963,-0.0003148907234650001,-0.004408934594173633
2020-07-14,0.002851106851680557,0.0015808823261204998,-0.0005409932194821885,0.0005558956312805484,0.006975105457590503,0.004033214769312929,0.0018852821605504987,-0.00041211150790610877
2020-07-15,0.0034981183266322964,0.001022704415298182,0.005223813616892363,0.0005952269365203422,0.006050766275613401,0.008449980680373333,0.0011008368985049742,0.0003095969346262524
2020-07-16,-0.02110153835103917,-0.006215566866875651,-0.03409922939518096,-0.005382952159879183,-0.008134558243723559,-0.026899667595769422,-0.0032077115087707823,-0.007137115844780375
2020-07-17,-0.000875117433800875,0.0003029522106947993,-0.002159980451292661,-7.76100091310022e-05,0.0001100464279405963,-0.001390548910770775,0.0005271119936729027,-9.039783884373e-05
2020-07-18,-0.005517216942266991,-0.0014526129180649288,-0.010462749346648804,-0.0013243236075198672,-0.002751574551813255,-0.009083737537850283,-0.0007685316076854779,-0.0018828137263003
2020-07-19,-0.00023214187257957535,-0.002182537576053899,-0.00013739723050482932,-0.0008888903230629319,-0.0004440978541672962,-0.000405620828945326,-0.002413305962424848,-0.0016362764000366074
2020-07-20,-0.005324400340501189,-0.0024889900010050202,-0.0031510409218437232,-0.0009085353905676897,-0.010187977480591961,-0.009304924045561392,-0.0027527974703599636,1.4964766058680537e-05
2020-07-21,0.002388085733074951,0.0013839978152342515,0.0014102150964443898,0.0005162610322326702,0.004591937070414218,0.004190187953146626,0.0015310923421311391,0.00020639290399587505
2020-07-22,0.008251849996910017,0.005838717221137143,0.004877650169660971,0.002423864901387095,0.015832283073790684,0.014350695026230188,0.00645832108154556,0.0016769055433610862
2020-07-23,0.003970126245608776,0.001029332325292026,0.0028504307672493757,0.00047550769699366554,0.007759259080963071,0.007517839916525268,0.0011719139095844144,-0.0005191631327369879
2020-07-24,-0.0038901822225817233,-0.0014044992969191423,-0.0046704212699525535,-0.001475623356939811,-0.0033034591646986405,-0.004782115207292501,-0.0010835154302742047,-0.001227836352282171
2020-07-25,0.04777286060906838,0.018046429713975087,0.05597087709744202,0.016925313924829294,0.03392251571366749,0.05193199318627621,0.013341133785225653,0.015352077400133871
2020-07-26,0.010587690404133175,0.00767482863374094,0.011934929269775062,0.006833635571122634,0.009256404389237133,0.011891002512506747,0.007209797242946583,0.007031351625557418
2020-07-27,0.005630860175675634,0.006754983497100228,0.005009203963731122,0.00419146716887034,0.0092071696428334,0.009182038248316926,0.007326050939488834,0.004704607210717967
2020-07-28,0.003345905446304637,0.0013630748079752773,0.00230620806707303,0.0007096276496916858,0.00596668123159056,0.005574313891605913,0.0014618330405582916,5.2048522871410896e-05
2020-07-29,0.0019448645170856817,0.002234353727047038,0.0011470567102015961,0.0008718011671144429,0.0037188944087829163,0.0033437844872599752,0.002479753535197835,0.0010209883182847644
2020-07-30,0.004328084037734797,0.003335044675465462,0.0025546838965582993,0.0012844926268878727,0.008261366770508998,0.007422609088721129,0.003700427674404817,0.0009798956483723388
2020-07-31,0.01004604863812993,0.008153421953419627,0.007283885053512322,0.003123960827784366,0.017660743442429776,0.0171714332818892,0.00888233709595955,0.0030203311655780446
2020-08-01,0.049678950342217254,0.01145451676719964,0.056184726905242045,0.002701173359025247,0.030479767147654803,0.05225733669806505,0.005915591413600734,0.012371131782255884
2020-08-02,0.007118191917658652,0.0025455361235304183,-0.0029206939902653426,0.004007212722943768,-0.022961107875229522,-0.005258658349042019,-0.0016892210222502002,0.006368342487113312
2020-08-03,-0.003927546153046832,-0.0052262634741194304,-0.003327169235788073,-0.004875982818916318,-0.0024538883278695796,-0.0047437547225583476,-0.0051638911843891805,-0.0033046196232116207
2020-08-04,0.012157479747014798,0.006308637716530263,0.013325019611191136,0.004607554436690593,0.009325541484630103,0.012825459240310368,0.005406958783714579,0.005650798273019777
2020-08-05,-0.004099638348303457,0.00020891504912154836,-0.004106530771183715,0.0009873448989302295,-6.279001981299039e-05,-0.001888350138161105,0.0011346056786107658,-0.00018530322514210044
2020-08-06,0.011252602540748894,0.002411748565243064,0.011486224585684726,0.0005926135996752488,0.0033672831752209562,0.008040389779739162,0.0005796436269423692,0.0027697730338991067
2020-08-07,-0.01044304285097802,-0.004241280014660103,-0.013689607857695407,-0.002022391678903701,-0.013097115395657855,-0.014688289588968563,-0.00399422077331218,-0.0032679791922806904
2020-08-08,0.05192721119540588,0.012780968035389313,0.05170333716700958,0.00503268083985497,0.014370648973917191,0.04496399892410577,0.004382816352326888,0.016031867941309487
2020-08-09,0.0071748472338131804,-0.00054561246476153,0.011383354931320764,-0.0035413100740675457,0.010761834360734397,0.009837610729042797,-0.0009154662510260361,-0.00253247618278146
2020-08-10,0.0023270193972074536,0.0004410863973262719,0.005572030904091349,-0.0010732030239899814,0.008951520554381014,0.0054800130810409315,0.0010775254028513412,-0.001490391988476851
2020-08-11,-0.015068414574262471,-0.004441293344903605,-0.020206126088726982,-0.0005530861935188596,-0.019312437243787693,-0.02380651402954479,-0.003918963297455613,-0.003159488059245512
2020-08-12,0.037985914928400547,0.014135886379833523,0.03965535171686606,0.007472477728089219,0.01821287522024063,0.03712022172535918,0.00916470667894799,0.01199342697704148
2020-08-13,0.007598801613520453,-0.0004819066274648126,0.007048272274228759,-0.0016809875937469632,-0.0009338186208785738,0.004552926699358973,-0.0024517635834215333,0.0014094330637878358
2020-08-14,-0.002538523513931934,0.0009494694596435165,-0.0028217358711526397,0.0013559084472631578,-0.000685409069492437,-0.0015010890052871166,0.001574139974963304,-0.00035057490425703284
2020-08-15,0.023270397743410262,0.003850132350686141,0.02305653331310605,-0.0009622389488666601,0.003458833978281049,0.01997371898267,-0.0008225108992198852,0.0036868933748956576
2020-08-16,-0.0028490612411819194,-0.0007811943001980853,-0.0017991819360443412,-0.00045605680843114916,0.0022808137537868663,-0.00161669888691011,0.00011184502519596476,-0.0009949379835322392
2020-08-17,-0.008898077861385254,-0.005258764045804589,-0.010835289646039322,-0.0032752902053457787,-0.010281499364817146,-0.013432189886066712,-0.005037023859044391,-0.003341234017594404
2020-08-18,-0.00472329233274259,-0.002444261263157695,-0.006678766475346978,-0.0009638315506282886,-0.007490967952585726,-0.007516586603100604,-0.0025370200203776332,-0.0006845785980514997
2020-08-19,-0.0026388797132432993,0.0006808444216913824,-0.004594605117145123,0.001968951663937287,-0.00501667620776417,-0.004565357789838422,0.0007588183415831199,0.0012584345656938066
2020-08-20,0.00781440638094933,0.0006794799407992302,0.012873567723856852,-0.0025971870278204663,0.01489117960262302,0.01354537088555547,0.0007572385884029143,-0.0016611424838364032
2020-08-21,-0.0062895992671232375,-0.0005764053465157463,-0.01030268147479142,0.0020815830908309275,-0.011901923899843618,-0.01084064822522255,-0.0006423183829369398,0.0013301175551742484
2020-08-22,0.002120073492112333,0.0016029197854308507,0.003089884815165003,0.000986373672323377,0.00403464093858516,0.003670935604490459,0.0017863344909284365,0.0006307591328608981
2020-08-23,0.0050070214298120926,0.0025818908336102697,0.007629416751634873,0.0008925797045340961,0.009510524960087438,0.00865632819720123,0.0028767978706563334,0.0005709832916466823
2020-08-24,0.00047619581093745396,-0.0006652904561941289,0.0009787096115441245,-0.0010048364391784482,0.0009004691840407752,0.0008202867807891228,-0.0007410628433704318,-0.0006430005339288181
2020-08-25,-0.005480578744248374,-0.002095961206318373,-0.008531829239960247,-9.690018946227211e-05,-0.010359184629702919,-0.009437505640191765,-0.002334855004446606,-6.198452978405396e-05
2020-08-26,-0.001693426395149226,-0.0012274586051868412,-0.0024807096188875608,-0.0007247307254803033,-0.003216630283516276,-0.002927713094973865,-0.0013676894951695892,-0.0004635751994550562
2020-08-27,-0.004408976705636456,-0.0009713456451180317,-0.007089554040979515,0.0007678279561738725,-0.008387562572759603,-0.0076319809936608056,-0.0010824689168066732,0.0004910140898437016
2020-08-28,0.002372642265213554,0.001253063307870535,0.003618110092493467,0.00046116757818116024,0.0045317843794656755,0.004120405428326237,0.0013965708082914153,0.0002949911210616308
2020-08-29,0.002292049792709263,0.0019144246118181806,0.0032923638051421712,0.0012840147906434875,0.004368441717520848,0.003973517668056527,0.002133368968635347,0.000821471207131553
2020-08-30,0.005377966773073356,0.002894082575117591,0.008168684923489421,0.0011074987539661646,0.01022873293737837,0.009307675702964046,0.003224361515015676,0.0007088694084221732
2020-08-31,0.0012864148649184563,0.0028274380597028822,0.0013497191758589653,0.0028158636120276864,0.002434974523202999,0.002217736609197627,0.0031490743123355077,0.0018030491663789728
2020-09-01,0.022079499921725556,0.006205983496852687,0.022844917201369382,0.0019380127893516923,0.02041545472528694,0.0265398707108588,0.004239401689442943,0.0032896003920117045
2020-09-02,-0.011323817282263572,-0.00482741189542205,-0.008874453835477475,-0.001167813494760328,-0.01890380604531451,-0.018785343575043995,-0.005354682773494573,-0.0010487385066121813
2020-09-03,-0.0008920551452970119,-0.002061142686945665,-0.000523453026530071,-0.0017026418601034064,-0.0015006885997422064,-0.0014915552780381523,-0.002287481609655247,-0.001527541600094664
2020-09-04,-0.005066011327748267,-0.0017246258094767365,-0.00400194859294434,-0.00010974136984885222,-0.00852765614245408,-0.00847567855596841,-0.0019144452314004108,-9.843826459966372e-05
2020-09-05,-4.1397338228949646e-05,0.0021365710300778125,-0.00025488483463861666,0.0020545347332793914,-6.992775798458711e-05,-6.949789241426163e-05,0.0023721819042797168,0.0018429016127884481
2020-09-06,-0.002088261340644539,-0.0010428010805141026,-0.0016134518035006901,-0.0003658930061049734,-0.003527560137921419,-0.003505873727738128,-0.0011575240717840308,-0.0003282725002685822
2020-09-07,-0.0014075501159139623,-0.0001648307271691494,-0.0011426808913261343,0.00026702669634211257,-0.002381114525654801,-0.00236642462756929,-0.0001829854725258828,0.00023956244306659705
2020-09-08,0.0005400914384382919,-0.00016395290542986434,0.00046190261819805485,-0.0003191352362467497,0.0009145497314101786,0.0009088941824292447,-0.00018201427092828337,-0.00028631937228697923
2020-09-09,-0.00046228688860405987,7.999746895928895e-05,-0.00038912733497106853,0.00021568581700262185,-0.0007825085703601593,-0.0007776739542392102,8.881174739912717e-05,0.00019350104155422838
2020-09-10,-0.000865742493874059,0.0008932517431138139,-0.0008408454113722965,0.0009843418859912557,-0.0014659036244507224,-0.0013193125557313433,0.0009916632365957875,0.0008620873379492741
2020-09-11,0.0014935143140108597,0.0029835415181289162,0.0009687765137942168,0.0025780048166003334,0.002530387444472079,0.002323889363598536,0.0033119191567952937,0.002342234263731779
2020-09-12,0.010150097717675107,0.004105426910428562,0.012170655020744218,0.004880842795702045,0.0024804323945501333,0.013526743637272395,0.0023203530181048993,0.007084476530036454
2020-09-13,0.008111147664669655,0.0034538415760402017,0.009443655133436332,0.0036040488697672356,0.0020968605095724414,0.012180509029126443,0.002066084659947838,0.005439964113200042
2020-09-14,0.0018932203976460397,0.0021874750416121117,0.0017932952644746597,0.0017463816383008453,0.0015154448772018798,0.0026727400069065112,0.002167341367887332,0.0017907178292482567
2020-09-15,-0.008592158164685663,-0.001446074870738709,-0.011970171467559512,-0.0013737524176694665,0.0018665915160559813,-0.004469281080387414,0.0010179119774156196,-0.0027837804073950396
2020-09-16,0.0009330981384744288,0.0021461851979110353,0.000546392705081921,0.0017677558173335207,0.0015847856015804489,0.0015504175418665468,0.002383333802387727,0.0015823340132108822
2020-09-17,-0.0006146235970451373,0.0009196825230937486,-0.0006024550217943738,0.0010630681768899206,-0.001043205229188247,-0.0010206170389635966,0.0010210637340691553,0.0009517379769220607
2020-09-18,-3.249154413003378e-05,0.00011671608906310544,-0.001115770701080791,-0.0004105268576920532,0.003453657565116684,0.0020000405431055512,0.0006831243896291702,-0.0006977796367207665
2020-09-19,0.003986400883786222,0.000724221797801794,0.005575782411086445,0.0011027773142390552,-0.00045784240276865396,0.0018471939167910615,-0.00033603584304088373,0.0017516621070579165
2020-09-20,0.0063531880765598575,-0.00416003496790162,0.008993229633110672,-0.0036041960910648397,0.0005956809720742188,0.003818395522324862,-0.006234255337897756,-0.002145016340236394
2020-09-21,0.03631112965319326,0.019044553736085622,0.039615689629480554,0.018132008999122474,0.02873763652707085,0.034873140070759895,0.01588742279743934,0.02031678225459981
2020-09-22,-0.03348454338714323,-0.010742127874183098,-0.040742524154256145,-0.009919613772161098,-0.012952863584644805,-0.025674169018769014,-0.004768704130864352,-0.013459962732327545
2020-09-23,0.038240358649909705,0.01409985144512622,0.04533845539147731,0.010299093638360405,0.016098008741094738,0.03392780386046074,0.007909172073296765,0.014000752006948529
2020-09-24,-0.03505141152200385,-0.013211874823352412,-0.040813510716822994,-0.00679930576060495,-0.01446089174001401,-0.03272030065399732,-0.007330598098984785,-0.009950665152566967
2020-09-25,-0.009262606233042913,-0.0015009133061113615,-0.011498957547143281,1.3984254354881126e-05,-0.0029257457810478358,-0.006259669421659926,0.0003962085827044582,-0.0007687845430193334
2020-09-26,-0.006761311773314637,-0.0011601561401431034,-0.007859478697746919,3.720374878060209e-05,-0.0032096900112503998,-0.007150392720284729,5.9916081405756925e-06,-0.0007366176428045662
2020-09-27,-0.0025606280595407483,-0.005420569624974335,-0.0015846158813062098,-0.004663017565228167,-0.005306726885157374,-0.0022566693782293122,-0.006134924365610075,-0.0038424429429532226
2020-09-28,-0.0023246144992980023,0.0011387193135167753,-0.0028697723600072033,0.0014700958175565993,-0.0011960021439229558,-0.0022144934438326005,0.0016922505436325708,0.0011005160768494343
2020-09-29,-0.002863980865877578,-0.0013205494406848385,-0.002274505094378237,-0.0004438161818940481,-0.005033510511322127,-0.0039153158416616535,-0.001488774555611942,-0.00025990974840420613
2020-09-30,0.00022328037474180672,-0.00037491097411788727,0.0006617861394994788,-0.0005063995710519814,-0.001145240292188614,-0.0006543329542264251,-0.0006611942780285628,-0.0004286870331643314
2020-10-01,0.0005582087413472436,-0.0005702138571912875,0.001185459218577096,-0.0006224523154417925,-0.0004859280350453613,0.0010464049340075756,-0.0008882194165864724,-0.0002666969579398159
2020-10-02,0.007241158433073357,0.007196375238103476,0.003982393259841054,0.004952609303977486,0.012081204781113896,0.011899197346018473,0.00807942793862344,0.004361107261492154
2020-10-03,0.0009738187425120528,0.001703378373749669,0.0005776437109053353,0.0014322511629448395,0.0016169568448933735,0.0016177187732762954,0.0019107212885400816,0.0012503464902408727
2020-10-04,-0.004032104317591048,-0.0019353869535980077,-0.002135038823343725,-0.0006465624802311393,-0.0066907239180770735,-0.006480451317969384,-0.0021705217243760716,-0.0006116042755689586
2020-10-05,0.0007537206547408905,0.0009140696574120221,0.00039324970589428446,0.000640415448334127,0.0012540435398107404,0.0012962063444844245,0.001025363723448404,0.0005492766126845162
2020-10-06,-0.017618936414329288,-0.00679560169473257,-0.021132472617686734,-0.005706392682382838,-0.005465065907582382,-0.012859704237235507,-0.003249335102908626,-0.007829207433754048
2020-10-07,-0.003447965982396906,-0.000809131053450647,-0.002288223851160998,0.00029293398926981477,-0.004366190849622076,-0.004920843113718945,-0.0006667820576426186,0.0001295629987444654
2020-10-08,-0.00563143271835824,0.00032061145600267583,-0.004790406997523284,0.001922562172470559,-0.004549205812101928,-0.006587205988750819,0.0012172459419305796,0.001245029905378554
2020-10-09,0.000275736219917455,0.0035136780092257336,0.0013206983718119186,0.00398374422041,-0.0012388099183523037,-0.0005290785124770217,0.0036180679858319816,0.0037058659545095097
2020-10-10,-0.0015988188997246786,0.005567737784048691,-0.0018596641716976236,0.0060770932614897955,0.002011398897903023,0.0015178879575206059,0.007072501510810318,0.005166998470423947
2020-10-11,0.007790168018336916,0.006635443216501498,0.006301173670513104,0.0048379607046363906,0.008409724540184628,0.010112594703944489,0.006614212282307566,0.004700479801268
2020-10-12,0.008559365462248262,0.0032137348262382148,0.009810936892473844,0.002626226176097483,0.005096107993727241,0.00891458956333373,0.0019959677288536137,0.003710739729309199
2020-10-13,0.0015103590118827892,0.0018720246680531177,0.0024391636607838663,0.0019243482198215529,-0.00017652716386125649,0.0015072563742790515,0.0016186090891759555,0.002086251852325677
2020-10-14,-0.002583811462364916,-0.0009842124150320074,-0.0029069688395934076,-0.0006752007372524632,-0.0013929909371212072,-0.002722902070060354,-0.0005884584459757864,-0.0009833037885393615
2020-10-15,0.0006776281272696513,-0.0021541688362553307,0.0008329681582008605,-0.0020739821599707344,0.0001877295046087005,0.00017859902176035848,-0.0025703006179009394,-0.0016317277286044098
2020-10-16,-0.024919720843842134,-0.010241417738445932,-0.028813943244694402,-0.0074985452903012575,-0.010123337650757364,-0.022592178453549307,-0.005885536541257089,-0.010300706788953068
2020-10-17,-0.001222994506349961,-0.0017520867156050747,-0.001596237076297472,-0.001803976690124824,-4.720269611435094e-05,-0.00028180453718461296,-0.0015949969780677865,-0.0017487313091189894
2020-10-18,0.010503933336687196,0.005708800359225956,0.012415817640186603,0.0045176772087085915,0.004280258060811897,0.010384744086237022,0.004072678029155349,0.0055776593445974335
2020-10-19,-0.0012411544499808466,-0.004382571181167763,-0.0007502981521210871,-0.004142786807713345,-0.0022302020081180996,-0.0020188008473635962,-0.004913964042463816,-0.003588434184476446
2020-10-20,-0.01817720880035394,-0.00790875480621368,-0.02575885318986857,-0.007734834787241645,-0.002587533081246718,-0.01733061345501318,-0.004003412017254201,-0.010963350379337636
2020-10-21,0.0029132912498243094,-0.004233464760171382,0.007338022625896831,-0.002731190163445957,-0.003462014700296886,0.001273922883836706,-0.006126534343643158,-0.0006618110852314204
2020-10-22,0.006258866383385227,0.003176320271348999,0.0070913768635202075,0.002362651476012334,0.0024012362820656796,0.00533464986919529,0.0021336847005810457,0.0028946213981255044
2020-10-23,-9.879893306954564e-05,0.001190742962100565,-0.0007283767234552021,0.0011261321943660714,0.00013877289371335246,-0.0014783275307060696,0.0013594810018613302,0.000688276008347738
2020-10-24,0.011932108897875672,0.004323440833444795,0.014391509303312358,0.0031635426689117026,0.0038215947107420817,0.010406619295953707,0.0020133600546385134,0.004686148772224898
2020-10-25,-0.012492934813277871,-0.009309394247113448,-0.013260438586437641,-0.007463281163989751,-0.006557421986830024,-0.011417073931270477,-0.007861165981453208,-0.007919896513830033
2020-10-26,-0.002635135682796481,0.005771810231989979,-0.003803907180760226,0.005890182613090109,0.0017221462406943981,0.00013937764107464185,0.007521171235902302,0.004541253979659332
2020-10-27,0.006684105892980859,0.000944694124942923,0.0071594629188247065,0.0003107374628827836,0.0025224689459956632,0.003685817860799845,-0.00046436205608151016,0.0010349797229058822
2020-10-28,0.0018232225609611744,0.010140856484823785,0.0010154334147700094,0.011460522214951698,-0.0005058740173850348,-0.009026438284305422,0.010554112868951684,0.009373355374422626
2020-10-29,0.017945819419110012,0.0069144244182697805,0.022148426174849245,0.004890807591190211,0.003726357724617618,0.015005398276357933,0.0031445040373192967,0.007143517663110369
2020-10-30,-0.0059563378589165905,0.00013051659577271142,-0.007270343075980005,-0.0002242551163023088,-0.0003236408096420121,7.895330795772659e-06,0.0018815576852568884,-0.0010763165431444469
2020-10-31,0.001365661033883895,-0.0025490588788456845,0.0016772803308124106,-0.0026576334576443035,-0.0009897330916362511,-0.0009915515911689402,-0.003433332198475435,-0.0021604671728113404
2020-11-01,-0.005106775857272417,-0.0034981894253948726,-0.004415178931015245,-0.0025723752671764862,-0.0034850466975751746,-0.006728716403271033,-0.0027199054378461707,-0.002952377732815864
2020-11-02,0.0052288240939159835,0.007708445852091669,0.006896088166721048,0.0054447613791572,0.00623756159139019,0.0072615434347332525,0.008496830694894686,0.00714912455282627
2020-11-03,0.00989394164337913,0.015060312729266822,0.01362304035031133,0.0120358494747363,0.010859595576734191,0.011420689623606798,0.01633395149520025,0.014784114122732148
2020-11-04,0.023541053942136226,0.018143214735705057,0.023303511896771423,0.014360344774895678,0.010114770612937087,0.015072849739388956,0.012877313944885472,0.015140393041914568
2020-11-05,-0.046250659187478525,-0.028531209582930622,-0.04252472837674061,-0.01736451614399512,-0.013150760607840107,-0.037961040304953585,-0.014869534918896775,-0.020519872052340616
2020-11-06,0.0038765672199158347,-0.00032661803684940513,0.0024835945424805344,-0.0025289280658196828,-0.001993099854181156,0.0054913912009105946,-0.002827574190024335,-0.0017157274142785535
2020-11-07,-0.004083128159308803,-0.0012318552528939695,-0.001801746380798133,-0.0006130236916069461,-0.0044594294718175095,-0.004310950621498191,-0.0007965314149120053,0.00010970688408071965
2020-11-08,0.006734274091581404,0.0029574419173808153,0.005415415889930158,0.0014405461291602411,0.0014326624194022836,0.005006988939764621,0.0006313565493099216,0.0015095119022150278
2020-11-09,-0.0017332025068393373,-0.0018028356251751983,-0.002089270467843713,-0.0015712316490291301,-0.0007130739366310214,-0.0014886155716179524,-0.0015082165572346312,-0.0018280461862001166
2020-11-10,0.012568112223191603,0.006513175019055614,0.010817503136593689,0.003761309487007007,0.0028599877326021834,0.009533685625357849,0.002399850036979546,0.004163051248111027
2020-11-11,-0.008702580019780266,-0.0030635935442484153,-0.00647590149579966,-0.0010584344085999274,-0.001661069872443305,-0.006287018625442364,0.00019116805766910996,-0.0009145659922356732
2020-11-12,0.006781993748449466,0.004404312553885308,0.006651931465179362,0.002909541058280518,0.0010788278801277288,0.005102327735830018,0.002217375560281915,0.0034910409603488807
2020-11-13,0.041002503919833504,0.0229417407940699,0.036019140110260785,0.011536017249463293,0.011507828324165656,0.03462893900033776,0.010467440222336593,0.014349857854439893
2020-11-14,-0.0034205096925670492,-0.002219449921099028,-0.0032865117789877556,-0.0027616064622994546,-0.0005764232132050162,-0.0014458683418619972,-0.0011050487828607126,-0.002404677665237131
2020-11-15,-0.0044103663169452086,0.0011582811162683454,-0.0019242585659846583,0.0018667968661452614,0.0016900663938433408,-0.0012635134483943524,0.004179330351526532,0.0027574298543448002
2020-11-16,0.049728312181395555,0.028633270119588324,0.04337008125225606,0.017051966213292843,0.016782466533308785,0.041284728551520884,0.014319427323441578,0.019243665013440776
2020-11-17,0.03838537184500284,0.030373585975955675,0.03750663511403975,0.021808333075988787,0.020758682775144525,0.036536934375242455,0.023246894711648446,0.025240276638369006
2020-11-18,0.022567739941009284,0.01649308926343917,0.022984130234079674,0.008985593344529374,0.00519392651831514,0.020279738485476442,0.009839582293399839,0.012541739542550783
2020-11-19,0.026019812428818335,0.019273097833170598,0.024162975989578415,0.01167998102267298,0.01524551436208,0.027904954496345957,0.014448422185402682,0.014514914101508816
2020-11-20,0.018503997482366794,0.018340599796974832,0.018682369142019265,0.013906803072699673,0.01831394584044525,0.027286064406830457,0.01837975135557058,0.016981121454091117
2020-11-21,0.04475577329259769,0.02632620253453607,0.03805110193625443,0.014967140939566786,0.01998638936258761,0.03984722740749155,0.01433000432795939,0.01683577446975639
2020-11-22,-0.0014838109250920326,0.005228488797754645,0.002135125103141111,0.00638895846990829,0.0033123529529577155,0.0009818904169121222,0.008435550100061442,0.007721432222343616
2020-11-23,0.01737781013355688,0.015982783544273387,0.013815082425227092,0.009011412895863321,0.028101616413583372,0.026983206809843608,0.01884044062458633,0.010755675304359271
2020-11-24,0.0005303144204271768,-0.002904204129152954,-0.0022081979088755367,-0.0025830321584471923,0.001331262533763907,-0.00017019255913567653,-0.0035365730953943113,-0.004107469649551269
2020-11-25,-0.011523504934496177,-0.013666334437054648,-0.01062468044437729,-0.011340130623493325,-0.02120083813219001,-0.017724072300457683,-0.017158534176216173,-0.012154338661606267
2020-11-26,-0.010470272418947787,-0.00535607038086721,-0.004584961129271562,0.0003763339788411734,-0.019453563970937546,-0.017488283246459548,-0.0067486172954740265,0.0004507399574153252
2020-11-27,0.0036439133533754235,0.008218588775050177,0.006173008022621323,0.007959127856026664,0.006832347044509744,0.006132537349298597,0.01036989202123284,0.009391881369404963
2020-11-28,0.0009449883994487172,0.0019485679832984034,0.0014718243341243567,0.0018350566842307435,0.001766244607008429,0.0015864379809438082,0.002453391465389827,0.002162318757542439
2020-11-29,0.0003896742614761596,-0.0013360690064735765,-0.00093869119213432,-0.0019644420241843766,0.000727729379495581,0.0006537626670749066,-0.0016813627312642634,-0.0023140226378200045
2020-11-30,-0.0002778219044896204,-0.003653982244485892,-0.0026668910465806094,-0.00419049668915474,-0.0005186661890390442,-0.0006850538109214589,-0.004599907998876665,-0.005122310704578496
2020-12-01,-0.009132074245011836,-0.005626954252739781,-0.008234055923466951,-0.005084059138340778,-0.003887508255064823,-0.007130562141630362,-0.0029723160342362285,-0.001774654726114622
2020-12-02,0.013732397521552905,0.011702122197985181,0.013021037232866742,0.006996938695166813,0.01241777289360971,0.015592030605003486,0.010774947956748994,0.0088890890238415
2020-12-03,-0.0028429135765027495,-0.002368667391451085,-0.0038047673951619476,-0.0024942342045828287,-0.00046563546054980846,-0.0018488559086206552,-0.0014259785346938212,-0.0031172711481795737
2020-12-04,-0.016599760019551456,-0.0036135590406779095,-0.010835058863475822,-0.0030427021093832464,-0.0003477562480018975,-0.009538155758105103,0.005075033791138815,0.013322652634472756
2020-12-05,0.007022411868478962,0.004816471917176248,0.005566361420131842,0.002715203703261872,0.005606016873886145,0.007399700053353529,0.0038381958857966764,0.0013249736458343932
2020-12-06,0.0027281249206313426,0.0034306907997618177,0.004247276457781863,0.0030441207365784133,0.001979594012704652,0.002733015484186212,0.0033241455400467128,0.005653415240524779
2020-12-07,-0.0004868401576413106,-0.0004186261737645634,-0.0014933462677646056,-0.001442019066131856,0.001447391810940254,0.0007913263360691489,0.00027146966160076325,-0.0015907630062467907
2020-12-08,-0.008678391102401695,-0.0030001706355169857,-0.0045517841414843,-0.0014386057833849478,-0.004339069110871343,-0.007295709204377941,-0.00023501059421539153,0.00612305847339322
2020-12-09,-0.003180397132332026,-0.0016483352213762094,-0.003147248601928881,-0.0017017833254289502,-0.0002773890566273598,-0.0019047902133273087,-0.0003063536616582808,-0.0004723047008581812
2020-12-10,-0.0049228526367876575,-0.005777785653191009,-0.00474397400670217,-0.002229169139471332,-0.00796379149884331,-0.008071839978152497,-0.007019740320441859,-0.005916128017749675
2020-12-11,-0.0006585188941982241,-0.00032786581324962833,-6.851648618341954e-05,0.000234435266547388,-0.0010685639404814096,-0.0010831796220520638,-0.0003988399040468287,0.0006244896724654274
2020-12-12,-0.001992821845084915,-0.00034616123886421513,0.0006125303091032835,0.00147889144578303,-0.003235035000203198,-0.003279331378113297,-0.00042112569384549837,0.003937941749601144
2020-12-13,-0.0006829697630430282,-0.00036178015548130044,-9.926091587973003e-05,0.00021539938317956923,-0.001110076440092255,-0.0011253263982897953,-0.00044016004077110675,0.0005721532619481224
2020-12-14,-0.004336680145663164,-0.006705699832877338,-0.006220818589300212,-0.0038793723435662504,-0.007051710214550466,-0.0071486940204510034,-0.00815913342282015,-0.010300884391645187
2020-12-15,0.006937419323420088,0.011596624684919508,0.01103987878147018,0.0072041712337146185,0.011311517893265226,0.01146820795131865,0.014130823520272262,0.019253328728092458
2020-12-16,0.01888463078138991,0.019564193613151228,0.02119717727885245,0.015249208051841628,0.018244960079222453,0.023709839847985015,0.01952044094273248,0.022686465939038076
2020-12-17,0.035241443216458196,0.030925430024456826,0.039559089115594324,0.029083153120595916,0.021158723485160773,0.03050709571779927,0.025133399639712516,0.032421266975205754
2020-12-18,-0.0015587873785065651,-0.0030046905085850846,-0.0026289438385525775,-0.0019220740361588155,-0.003121844929119289,-0.00259539979357941,-0.003860376968403979,-0.005099361952295618
2020-12-19,0.009002087123242766,0.007211597746343697,0.010101631787881026,0.005721841716973161,0.004363024726897473,0.00841623396277617,0.005221143892072769,0.007102592580166689
2020-12-20,-3.477632053745093e-05,0.0025836171786502247,0.0019063321875559013,0.00019579675504438873,0.0029163172296771266,0.0011353476459058111,0.004171947829725125,0.006205775093182468
2020-12-21,0.004608778217639408,0.012537752726758934,0.010281529181046724,0.011267979100475679,0.012024008439475719,0.012762605721944395,0.016905726380200214,0.025066887952165984
2020-12-22,0.033465215660431244,0.04466787022686723,0.044252831046907214,0.02834181768665989,0.04449298824951272,0.047474788557427636,0.05088518388708257,0.062958816696639
2020-12-23,-0.008903972956980236,-0.010119129632986942,-0.010946008986548891,-0.007138782752865587,-0.00917761820756568,-0.010727993442353168,-0.010469032313721911,-0.012894918060694925
2020-12-24,0.007237477145958489,0.008052336463510648,0.00883478778012256,0.005753518782874296,0.007178634719600253,0.008536796473052903,0.00820501049499801,0.010142691119493417
2020-12-25,0.0263999975919527,0.027682869515623074,0.03184257366914122,0.018528049744580558,0.023689176279479425,0.03044639547382238,0.027033750763256783,0.03369408705126895
2020-12-26,0.009467050825661943,0.0022193919599920032,0.007940584080005721,0.00521360537320078,-0.0034629443891798493,0.0024205905330972155,-0.003698031386874931,-0.00392879702226616
2020-12-27,0.003949286436245989,0.0031303530822477626,0.004554531254910627,0.001172553338497273,0.002034460931609656,0.004205491494833437,0.0023020331502457228,0.003093592783097388
2020-12-28,-0.001436861047440902,-0.0022207072711431563,-0.0020200080951826523,-0.001241907972746799,-0.002436746784964543,-0.004013768359696917,-0.002751481866692647,-0.0035599196419291916
2020-12-29,-0.005146155859386257,-0.0026988959938241213,-0.005225374949641445,-0.0017932553078439813,-0.00046818775079400895,-0.003964504482625641,-0.0005764809094722011,-0.0011306237410951894
2020-12-30,-0.005816239591987455,-0.0033973271256959774,-0.005963866394711596,-0.002622815750074617,-0.0010404583658081988,-0.003288317950105584,-0.0012393946111289975,-0.001740840373035496
2020-12-31,0.0007180737461605152,0.006541671750193299,0.003088402458109569,0.003440117704392021,0.009569918562648444,0.003644443055487315,0.010768533567855837,0.012314390159701549
2021-01-01,-0.005814847853293893,-0.0036391401276059466,-0.0043182790207386594,-0.0022170519735452278,0.0011790483636589335,-0.00423556561990035,2.9489261144093192e-05,0.0009563804479545079
2021-01-02,0.01699196446746302,0.01254921250544479,0.010492694173248322,0.014747107822769251,-0.00449293314328515,0.006301199486660346,0.0018914415981979833,-0.005126531747678416
2021-01-03,0.0065754689718035796,0.005335237021919548,0.011910180694501171,-8.567351861587192e-06,0.011117424192029823,0.011505876354561986,0.006935280501024409,0.016758072931589943
2021-01-04,0.004609471638145724,0.003954840302492155,0.008150001704801934,0.000842427323273238,0.007758420936168629,0.007713971358352688,0.005132732268711229,0.011583016139995647
2021-01-05,0.024355636724403027,0.017659941563613252,0.020352999623407517,0.014988828238384412,0.0014428643230298213,0.01777293059426405,0.0057045788445748615,0.004589906420221595
2021-01-06,0.021373998968839097,0.018643268033353477,0.017614579889591548,0.023703814101996633,0.0043545521508902415,0.011514712778491084,0.010382171065453999,0.007555671810502786
2021-01-07,-0.021821608058836553,-0.01794865230352777,-0.019770641708419873,-0.018725813528005324,-0.005970786562479409,-0.014774728662602056,-0.009842621142333597,-0.010189884151712654
2021-01-08,-0.0002340776578444319,-0.00020202982490584166,-0.0004146968929485728,-4.3102304230034396e-05,-0.0004020353444096647,-0.0003940413589150211,-0.00026498700371128936,-0.0005967193086099148
2021-01-09,-0.0002871907494440447,-0.0002478631986191484,-0.0005088850970591253,-5.287227778329667e-05,-0.0004933415399883364,-0.0004835281745999914,-0.00032512359261641457,-0.0007323827948965417
2021-01-10,-0.0020408798731671876,-0.0017613349845409874,-0.0036171210856331152,-0.0003756412143739186,-0.00350658399357032,-0.0034367985931345727,-0.0023105318532143974,-0.005206892029331562
2021-01-11,-9.386861520715238e-05,-8.098848846644403e-05,-0.00016662973769233396,-1.7248531458203866e-05,-0.00016151971221987032,-0.00015829418274841843,-0.00010629976198079639,-0.0002402489642890582
2021-01-12,0.008199967314454099,0.007074722497857852,0.01455713215772353,0.0015066436927357275,0.0141106372275795,0.013828804865456713,0.009286015444790088,0.020990211623617323
2021-01-13,0.004282382409767219,0.00414759874147912,0.0072264328547540155,0.0026133347590827838,0.007326242549900917,0.006517816187518794,0.005432055089397376,0.010724591008918991
2021-01-14,0.022301174337420588,0.015542886057438397,0.02332458000719307,0.006794459051581428,0.008062578183896569,0.020515432834235545,0.007245857430403742,0.013764571531733265
2021-01-15,0.002519864926474503,0.001842436067759269,0.004680481954718592,-0.0009562490606708846,0.004358631675531918,0.004736551642597037,0.0024297828571944106,0.006459661704428884
2021-01-16,0.03624516221199932,0.02702963571811105,0.033194802605731814,0.021132647653405008,0.007621430993217518,0.026863194752339423,0.011570028577899004,0.014074803839457705
2021-01-17,-0.009758349744212287,-0.007777154048275845,-0.008392057975490698,-0.00787889307426922,-0.0016866063018739497,-0.007236052275797381,-0.003606685251010289,-0.003309143786989396
2021-01-18,-0.00902089101368506,-0.007625182070077093,-0.008158774959054564,-0.0083521860390929,-0.0027580805194265447,-0.005978045438309591,-0.0044231649030067955,-0.004519390579085393
2021-01-19,0.00290691595774879,0.0025643938201395785,0.005085753397036832,0.0006415586475688357,0.005087599783729648,0.004848636228428722,0.0034062115151748543,0.0074072634245969425
2021-01-20,-0.005906583487018036,-0.0051701088209826435,-0.010341672369157284,-0.0011312080906278011,-0.010315101893668754,-0.009894617119219188,-0.006861547384171863,-0.014992981336611566
2021-01-21,0.005874716931577579,0.005138408820327309,0.010331973593647268,0.0011197262360877953,0.010305151362819146,0.009880874151210096,0.006831090917017963,0.015049652475236586
2021-01-22,0.0006648563649110048,0.0005819525336094347,0.0011641366655235311,0.00012732409937654698,0.0011611453446005511,0.0011138071414759907,0.000772357245461593,0.0016878115794206306
2021-01-23,0.008298164240559836,0.006881675451199523,0.012348479474712851,0.0024351606044491535,0.010431235337911715,0.011499877503328806,0.0073538965189606275,0.015380786923065591
2021-01-24,-0.01051993682263775,-0.008232031800062788,-0.012541846027179318,-0.004423321623704949,-0.0075388352334328935,-0.011148352861211215,-0.006174316739030284,-0.011491147490846199
2021-01-25,-0.008431624627966632,-0.005719275223950773,-0.005188870367984962,-0.005413142859927008,0.00305847613321304,-0.003564799319217796,0.00020499536864037238,0.0034574586912798286
2021-01-26,-0.008033152314289495,-0.006168752423466492,-0.01033426667972956,-0.0022870404410008987,-0.006832209926477476,-0.009452988656862471,-0.005051139491208941,-0.010338444334081579
2021-01-27,0.005848586196305011,0.005027945529411777,0.009404049511221733,0.0016839780883899913,0.008645903624952553,0.00880848067753995,0.005999995099248689,0.012651426679651695
2021-01-28,-0.00427726209404313,-0.003134378953342334,0.00029388617709498113,-0.0064648539767168875,0.006002724949397755,0.0019558858311943595,0.0017572562224861636,0.008127515945711846
2021-01-29,-0.006438279677415366,-0.0062739486653771905,-0.006369179974331055,-0.008126119733766611,-0.003877377495082738,-0.0011095994719869824,-0.0050190384543946885,-0.005215195740299352
2021-01-30,0.001113614435881641,0.0009689931068032597,0.0019274382475137095,0.0002131488396948656,0.0018799233832097184,0.001826870053711731,0.001264453947346301,0.0027243896173951617
2021-01-31,0.00449286719936278,0.0039099586117193625,0.007769915574066668,0.0008607212210644772,0.007578732409249642,0.00736524297221835,0.0051006592959410325,0.010973868082943095
2021-02-01,0.010368401175834884,0.008991529327974175,0.009622568634962567,0.010249293381914321,0.004813749818220951,0.007284981479676711,0.00613897604951741,0.00759130947654979
2021-02-02,0.0045127183807223735,0.004259753318890936,0.00661742580781983,0.004332966123652062,0.005354989560148234,0.007350191285331284,0.004562030169588367,0.008311501056403187
2021-02-03,0.0054700196419041995,0.004828924241667751,0.009763053360933652,0.0029815957322411333,0.008390570193792413,0.007864372643379094,0.005924767482858013,0.01244109597032828
2021-02-04,0.01589326198875494,0.012581770503326936,0.017539953557510625,0.010010192184671642,0.009036033415493451,0.01428170736047656,0.008574830052359622,0.014210713037951244
2021-02-05,0.04134443044411138,0.032443791361847295,0.04019185697479959,0.027992108327994997,0.016471961054448165,0.03271918221097322,0.018778793768316485,0.026789894221755685
2021-02-06,0.03648233744126155,0.03176245791390837,0.038793518105634264,0.03329384457857072,0.022498335070521756,0.040160131544516246,0.024126776559687983,0.03564945950413805
2021-02-07,0.01034342162248745,0.007441897692886319,0.013010338482051086,0.002922264099169059,0.006557855682983904,0.014150162726881715,0.004833236404425564,0.0106574071850574
2021-02-08,0.0017241720530798072,0.001244787519880427,0.0005868298452031012,0.0015082466592514804,-0.001067372892349594,0.002274890549351617,-0.00013893954309540188,-0.0010380939868626599
2021-02-09,0.003626752468541654,0.002963139345694689,0.007201956765278937,0.0005539653152812033,0.006372636250642623,0.006063477274374332,0.0039510184375097426,0.009170628057344801
2021-02-10,0.0016469373734630491,0.0022467459157996784,0.002178825355368033,0.003927305525490269,0.002885969314185023,0.0013857080443600673,0.002992839241273258,0.003935761080284092
2021-02-11,-0.00022887219308301502,-0.00018781433387090105,-0.0004516673545091609,-3.828265833625933e-05,-0.00040056294111193684,-0.0003805946693382982,-0.0002499971083825018,-0.0005740516041505368
2021-02-12,0.0003194127036901504,0.0002621018299780164,0.0006304848384152109,5.3416872653271996e-05,0.0005591193322865477,0.0005312363294983231,0.00034890188502757666,0.000801419782383048
2021-02-13,-0.0006920939140595481,-0.0005679469623830165,-0.001365691039420043,-0.00011577287080262619,-0.0012111928450423792,-0.0011508233312346702,-0.0007559679063737098,-0.0017356561361301546
2021-02-14,0.0028646558848717638,0.0023505054394606546,0.005656564329657222,0.0004789209531251308,0.005015871281100067,0.00476557704498755,0.00312923766148752,0.007191589372744798
2021-02-15,0.0015962000184710698,0.000647673629241306,0.0006613948834899363,-0.0004654853958345228,-0.0014456840847356881,0.0008556310056276282,-0.0010101380929394116,-0.0017326568603363386
2021-02-16,0.0004886098253213822,0.00038932269927426506,0.0009776030655609506,3.2298066429006855e-05,0.0008563010947883642,0.00083028990180862,0.0005187640209855266,0.0012282112990507237
2021-02-17,-0.0006469831665368438,-0.0004546504809212882,0.002908174951883065,-0.0023730370588645722,0.004406717156207151,0.0024582924298255345,0.0018428250698641624,0.006044515293566682
2021-02-18,0.0028008072763086632,0.0023012602850397473,0.005498031166354035,0.0004713600067958646,0.004881994320623548,0.004637985572625883,0.0030589514567067725,0.006972563658498021
2021-02-19,0.0012434477019634725,0.001022177786884529,0.002434360798231211,0.00020975245060183444,0.002162923594713394,0.002055316796323754,0.0013577040079468608,0.003082718176582046
2021-02-20,-4.970624283302281e-05,-4.08701131149906e-05,-9.719683004406149e-05,-8.393421999982716e-06,-8.638253544237963e-05,-8.209376518741979e-05,-5.426739276589776e-05,-0.00012300426638862987
2021-02-21,0.002464330280733061,0.002026235772349565,0.00481904191725979,0.00041611090048941987,0.004282820302394416,0.004070166896808375,0.0026904747097269994,0.006098738148433884
2021-02-22,0.0008892004318530535,0.0007314431306831375,0.0017347724929603363,0.000150452045140727,0.0015425650920808263,0.001466283117708107,0.000970580819763556,0.0021926487351827204
2021-02-23,0.001495681811556368,0.0012305196993530874,0.002915515324799701,0.00025325516465397554,0.002592982815065438,0.002464943974658966,0.001632435166506243,0.0036833534964016874
2021-02-24,-0.0013410709999156533,-0.0016626106289505552,-0.0005242039700325275,-0.000498462560504395,-0.002322397833688104,-0.0022080021818952703,-0.0022047716893565826,0.00021612961509281548
2021-02-25,-0.0011674649891109013,-0.0024437437386338984,0.0026201270459593018,-0.0018221994251709792,-0.002023744488262258,-0.001550641099672469,-0.0032423854868226295,0.004922290433322792
2021-02-26,0.01109201814219224,0.006973038903349144,0.011487358730542808,0.0027758874384745834,0.001563809930261309,0.009266050110614026,0.0013717736425602075,0.005803195371150551
2021-02-27,0.013810701912969969,0.01076394215893089,0.011551858396175538,0.007807583530669968,0.00426833689911846,0.011258898694629814,0.0054844674878848886,0.004927987032362897
2021-02-28,-0.0005737457021219093,-0.0011716953177262422,0.001711619121138656,-0.00045382970316733544,-0.0007636454891367637,-0.0008284743326240779,-0.001461013609192252,0.003448891644732353
2021-03-01,0.004096234431133184,0.006357986335371652,0.0030902379496008216,0.0016890371005897167,0.006827057385221972,0.006827057385221972,0.008222636680112328,0.0022713687014311867
2021-03-02,-0.0004201606578178218,-0.00028684213578382547,-0.0007336806030537389,-7.840368206738048e-05,-0.0006983684226541511,-0.0006983684226541511,-0.0003702802190838398,-0.001004011070249111
2021-03-03,0.00013640627225861053,0.002521724286264089,-0.0025423075329346714,0.0006611658351713919,0.0002267902825444536,0.0002267902825444536,0.0032555278441076694,-0.004821221216984894
2021-03-04,-0.0024831995659344705,-0.0032984056767487264,-0.0024994641809324794,-0.000884512069497926,-0.004128216629855944,-0.004128216629855944,-0.004255103354850397,-0.002534914101012698
2021-03-05,0.0006491121146651132,0.0008923888144777735,0.0006194831580769879,0.00023855405764000064,0.0010809045910368745,0.0010809045910368745,0.001152330948187369,0.0005997798058176002
2021-03-06,0.00018692767762744012,0.0005893069493872681,-0.00020388363595646663,0.00015573953072350177,0.0003111386006855498,0.0003111386006855498,0.0007607674001433288,-0.0005366102143695517
2021-03-07,0.0022252968850414996,0.0033095820559974278,0.0018342616189433957,0.0008842414723270313,0.0037035167495055583,0.0037035167495055583,0.004271781895971362,0.0015188252946366605
2021-03-08,0.0024323487805875217,0.005864362834608673,-0.000588807132706392,0.0015587116177793767,0.00404214713047631,0.00404214713047631,0.0075620657710489475,-0.003156014238111324
2021-03-09,-0.012216590830160561,-0.0051377080994216605,-0.01230642522153942,-0.008617209853386393,0.001872855617860533,-0.005432994714143876,0.0030376386368511387,-0.005672201799861879
2021-03-10,-0.0013692994963250432,-0.0038047754659699764,0.0009613099801335104,-0.0010174308118528548,-0.002239942978251169,-0.002256397061348992,-0.0048580502611599696,0.0029376132756249243
2021-03-11,-0.00019729570711199754,0.000936883406552138,-0.001590587173629173,0.00024565218607545833,-0.0003230241179654935,-0.0003254023417648705,0.0011975066661209016,-0.002768920305046952
2021-03-12,0.0009486806885410497,0.0018584164178623126,0.000245312600635237,0.0004981107694670099,0.0015534310839550628,0.0015648717446641212,0.0023747744049857746,-0.00034908044365254253
2021-03-13,0.0044692615259474535,0.009217496379955262,0.0006071332865965035,0.0024720392253406655,0.0073138388693512225,0.007367619441632174,0.011772495251290685,-0.0026622698198090675
2021-03-14,0.0008993748925145066,0.0008322703729318272,0.001316920177118219,0.0002285847737921173,0.0014676490891384305,0.0014783621673009734,0.0010602832123226564,0.001675548858093402
2021-03-15,-0.0026371324528476677,-0.004045383839012288,-0.0019703896709814,-0.0010981249060800983,-0.004300974885866865,-0.00433232343028506,-0.0051525030117384645,-0.001405927815114245
2021-03-16,0.011167088136122098,0.01662383861183482,0.008961776621826853,0.0045019584898768885,0.018243158039354,0.018376705638770967,0.021196925352867556,0.0071017635389398525
2021-03-17,0.011525823479209914,0.021205038672436803,0.004369770130945194,0.005789842065778829,0.018698357785417355,0.01883276762854733,0.026917295104014638,-0.0017375742078319222
2021-03-18,-0.002471107128720286,-0.005647573492756721,0.00043387076139372085,-0.0015606671200834956,-0.003980654122828917,-0.004008739428048395,-0.007129050956769778,0.0029502944644987745
2021-03-19,0.001982397630044227,0.005515698362565957,-0.001508183412649685,0.0015146278771693829,0.003198242201511986,0.003220898060154171,0.00697297117480023,-0.00451740699083293
2021-03-20,0.004053090848610007,0.005180306229905042,0.004203036952447007,0.0014455459698374405,0.006531008481507262,0.006577124611437143,0.006539489357214928,0.004341008866018552
2021-03-21,-0.0019704174882826937,-0.0007788695700536428,-0.004137368465582492,-0.0002289733832935736,-0.0031672451609580576,-0.0031894632770263554,-0.0009818978145865666,-0.006023194389696887
2021-03-22,-0.00655669451030255,-0.013756858527258407,-0.0002838585314793299,-0.0038173933201824093,-0.010551871450882091,-0.010626129309563272,-0.01734638893249985,0.005174160177279292
2021-03-23,-0.00015928286734962047,0.0034066331127241994,-0.001072735080904461,6.323727505523482e-05,0.005427858521928089,0.0031478906368937838,0.006762570833846182,0.00034675353753724116
2021-03-24,-0.011916271582020766,-0.021156335095236265,-0.005235769789657789,-0.005846340136833952,-0.019147624201145033,-0.01932764967873911,-0.0266847841361819,0.0005084305119248509
2021-03-25,0.003374677274535728,0.0007950081188402113,0.007670564828583198,0.00023937560789954307,0.005462567904732943,0.005514939040737636,0.001008450631419394,0.011315039983654006
2021-03-26,0.006137950458472376,0.007852185543103253,0.006389524731752302,0.0021515989153902404,0.0099148285768086,0.01000936340261252,0.009958203986452549,0.006599431142801011
2021-03-27,0.00015516894617420118,-0.0009094947417227494,0.0014613331190832394,-0.00024375667279236937,0.00024971200582301993,0.00025206933722582783,-0.0011510232550312827,0.0025605066550649946
2021-03-28,0.0025881217043898716,0.0025834352516925633,0.0035392569680163643,0.0007159456561924303,0.004164647576317579,0.004203952776823729,0.0032702916811910144,0.004336981821334325
2021-03-29,0.006937321396256097,0.010133915603879698,0.0057243756889080516,0.002788107752340156,0.011145588478448171,0.011250338190366499,0.012819431438005242,0.004705699216278115
2021-03-30,0.00887880953465159,0.005817218519535458,0.0156896764429385,0.0016511510712021598,0.01420543950230991,0.01433746135665977,0.007339285580143374,0.021407742750327766
2021-03-31,-0.0007747082004108854,-0.00025248210942271313,-0.0016559134214324518,-0.0005155785742452998,-0.001232966148273331,-0.0010680534876733488,-0.0003180623865875809,-0.0025450007465471903
2021-04-01,0.004043621476207804,0.004470436092129644,0.0024199404804570407,0.0056966597195089895,0.004595590663411642,0.00396750115631265,0.004932714584418689,0.0020567858734960144
2021-04-02,0.006878306718767086,0.007050842292296624,0.005402138984833902,0.003019468738773141,0.00995244890809898,0.01015193953030312,0.008770481907242729,0.0025208271715195106
2021-04-03,-0.0035486323897371205,-0.004043070876381454,0.0020937027787797206,-0.0015325229554301039,-0.005893145083360674,-0.005895667338269413,-0.005485164103289005,0.007003070048440442
2021-04-04,0.006640952201923211,0.006727557426126689,0.008403758751798746,0.001339072649903439,0.011054510445640852,0.011059269814784051,0.00914039523590262,0.007075809980585703
2021-04-05,0.004058327202065417,0.003511477610575037,-0.0008140313185210214,0.00372016420760749,0.000525730135638836,0.002441590562814266,0.001407144425416843,-0.004282306524439039
2021-04-06,0.0004576213246659708,0.00014046854402743105,-0.003021061802964094,0.0009625482264757612,-0.0022212720441450906,-0.0010657448606063331,-0.0014202834621065584,-0.005166602962075037
2021-04-07,-0.009295413833074083,-0.010115314238539175,-0.0024337679118225444,-0.005059031679328531,-0.014390075232129297,-0.014074070307989487,-0.013160700831577625,0.004433322037685976
2021-04-08,0.015218423506326576,0.013878091261976597,0.011227216598035742,0.00695197876045807,0.013848703497691078,0.01989882673306895,0.012783876690203486,0.0045142620653830495
2021-04-09,0.000642411331873036,0.0010679002533643186,-0.0029828634270108395,0.004979532957588254,-0.0011296869469172384,-0.0018096236859158389,0.00026766240750094927,-0.003462138961580918
2021-04-10,0.01307560799061668,0.010715751770871283,0.0115531820796069,0.007140126614079485,0.005513989740825831,0.011587794145406276,0.005797820620834979,0.007769312261300782
2021-04-11,0.003949692552848889,0.004278674514740223,0.0012590681520611524,0.001274186751010706,0.006691393942343397,0.0065966754072177185,0.005878139334939018,-0.0019407627268328619
2021-04-12,0.0019508603574266538,0.0019492138015716621,0.0030265522366897716,0.00033293680625694645,0.0032960598314413178,0.003249708953043119,0.002673615650384749,0.003007629913630859
2021-04-13,0.00013101081569278763,0.0003770017961381912,-0.0034112488223818844,0.00047196700909254145,0.00022105145067767494,0.00021795298129355674,0.0005167363795481932,-0.005772353755437756
2021-04-14,-0.003384377161580084,-0.0034666222779153174,-0.003996771148293743,-0.0007352755634635525,-0.0057098654855766515,-0.005629847968430748,-0.0047508518050739966,-0.0031443293483692293
2021-04-15,0.006104830860160633,0.006340565118133474,0.005932714575622404,0.0014810229667808897,0.010323698625698239,0.010178204173824357,0.008700675308105069,0.0035495209502551294
2021-04-16,0.005494672783726716,0.005745147926691533,0.00475577366358829,0.0014117103908935114,0.009253077737152601,0.009123985736427464,0.00786518383402715,0.0022323341769699134
2021-04-17,0.0008728423288607353,0.0003258721505148215,0.009419284437928556,-0.0008530945877690878,0.001464400495234638,0.0014441549974671,0.00044518488655562514,0.014767439053171684
2021-04-18,-0.010740891171828313,-0.011507538098166856,-0.005218642579819016,-0.003279344134831567,-0.018009753696346532,-0.017761125929460088,-0.015718959320895207,0.002310909478558235
2021-04-19,-0.0037843712782606675,-0.003968397665203652,-0.0031263669741761536,-0.000983890277866433,-0.006392401997094755,-0.006302558051503295,-0.005443908237496076,-0.0013279427852891529
2021-04-20,-0.0017035119090637464,-0.0016490309975435362,-0.0034067679792609802,-0.00019114367751301537,-0.002885054101957262,-0.0028442480547640116,-0.002265521907948227,-0.00387568653110666
2021-04-21,-0.0026148974086652047,-0.002536608799096192,-0.005158591345545175,-0.0003029171855171447,-0.004433816953352938,-0.004370926412923603,-0.003487074332784802,-0.00583136746858698
2021-04-22,-0.011946454709053669,-0.010335226200429806,-0.009616468987404923,-0.008533801349739835,-0.005945334085555655,-0.010075834720821257,-0.006499825605327402,-0.006466704635427721
2021-04-23,-0.006463972538281516,-0.006727624115868471,-0.005283750097698223,-0.0016999957773782691,-0.010682221941122729,-0.010665036707126497,-0.009096718517556881,-0.002175860817372962
2021-04-24,0.0014395618185077278,0.0015642049593345064,0.0003646786466776782,0.00047070437765530044,0.00244097979409274,0.0024162022481816247,0.002149179321501579,-0.0008433002345389194
2021-04-25,0.0035718302778795265,0.0035784909680575926,0.005311368189059713,0.0006243961473814401,0.006050490889887781,0.005989222475811407,0.004913888976837421,0.005096828955703079
2021-04-26,-0.0014706747611320308,-0.0016344901748187367,0.00016175032179384645,-0.0005490949945014381,-0.0024851071645951963,-0.002460092319324076,-0.002241456035563391,0.0017344664437603952
2021-04-27,0.003311768420332751,0.0033828317015303574,0.004586190664092479,0.0009775762048296513,0.005560326794091045,0.005385034222810903,0.004619526021625851,0.004345652314776424
2021-04-28,0.005242487140634344,0.004316294727520203,0.004295846813153108,0.003986935697336519,0.0014266365172185722,0.0036692992148685934,0.001917410422499705,0.0031120663605959196
2021-04-29,0.00022213677274521992,-0.0002757073020127607,0.0013636316657550886,-0.0019360077542924692,-0.0004178929817419523,0.0006427376812077186,-0.0008064271667807296,0.001157872549524815
2021-04-30,0.001957396260715327,0.002170861783977498,0.002226608883762838,0.0005138461301565001,0.004032138547190225,0.003633406432545347,0.0033684307401438502,0.0017157815039749503
2021-05-01,0.012535831262404118,0.01114883656513908,0.011087418807169187,0.007497837624073513,0.007629651945170327,0.011956888564891818,0.007024686747057109,0.006488346377438836
2021-05-02,0.0015532240401686418,0.0018241459490561424,0.003561116675503274,0.0006238222029451981,0.0022077036578036294,0.0023161926930122443,0.0024167181708244488,0.00492178689968176
2021-05-03,0.023464665627603805,0.022169295573749467,0.021729494046084173,0.01714048668424031,0.010705087441510846,0.019343671565970274,0.012523433738845055,0.013775933633145455
2021-05-04,0.00014648507355825936,0.0020631749342545844,0.0067965308488586226,0.0005177608300081492,0.0002482654489794769,0.0002491381046886812,0.003075685305809657,0.011956416665605221
2021-05-05,0.01082702753849095,0.007799904371773379,0.00974097136385831,0.0019785691078167034,0.01834796728622916,0.018112705140649995,0.011615997833835963,0.008204350168364993
2021-05-06,0.00404464644141804,0.002475722927615634,0.0021039894222429057,0.0003852811761663057,0.005685494064837194,0.006241643984949076,0.002880307046634944,-0.00012007289611845343
2021-05-07,-0.008304768115621822,-0.005762014584888425,-0.0037252213584362107,-0.0030400403176979486,-0.004782011504388926,-0.009718422031146895,-0.00227097993506057,0.0028551273226949197
2021-05-08,0.005715187119906855,0.004424558871315556,0.004342593216914587,0.003012957098581278,0.005172618277136478,0.008507973386549378,0.003799102632294528,0.0021122079792295695
2021-05-09,-0.007989110692381904,-0.00653507749964483,-0.006564016903526812,-0.0034790862901401655,-0.003683424779032855,-0.008984562171126002,-0.003055337511560787,-0.0023723367590426066
2021-05-10,-0.01832626324526899,-0.013466504179532041,-0.010574175918969616,-0.006754076243093421,-0.012081398478789763,-0.020691135822197743,-0.006971929753966032,0.0014525507189096024
2021-05-11,0.005386098253284212,0.0033859470599961763,0.003188188202377005,0.0008445458149771327,0.008922446055716607,0.008949314409225907,0.004956907960058491,0.001167902703180152
2021-05-12,-0.03177593110567137,-0.024846916912835453,-0.024691018143183408,-0.008626626939480672,-0.016979992794797276,-0.032883124415290996,-0.011151143083239497,-0.006321123118777373
2021-05-13,0.0016963785704990182,0.002834130011700449,0.005348250025084716,0.0024908956007162883,0.0032328198069248018,0.0021729794721409954,0.004397223644086015,0.008644087430022901
2021-05-14,0.006013092985443941,0.0052539506407683805,0.004696341633081829,0.0053605631082584105,0.005425714620265895,0.008026465376030849,0.004876590111907868,0.0033220928476283044
2021-05-15,0.01270766615003192,0.011192242669875521,0.010231676059146988,0.007012961871613816,0.002283618445801568,0.009586337293062295,0.00321314643967029,0.003052074708694949
2021-05-16,-0.004641185887625208,-0.0041184813530968645,-0.005417487651491546,-0.00026722896201668327,-0.0005612223366821342,-0.0032198737589019333,-0.0008246538497475333,-0.0030614437444239197
2021-05-17,3.646877054364118e-05,-0.00012924784618011185,0.0007244078679165763,-0.0013330896996506987,5.961071677704109e-05,0.0006156118394069094,-0.0001869436005173843,0.0007127179766766302
2021-05-18,0.0013907264395167883,3.319781074196176e-06,-0.002109580623629567,1.1685421474940736e-05,0.002273185529994182,0.002295261547818619,4.801995999511328e-06,-0.004722015645745064
2021-05-19,0.011675603725661997,0.010125695834054923,0.010496885518524941,0.004954846713638467,0.0035757754573147137,0.010089629063955101,0.0037214270091895903,0.004547878140668652
2021-05-20,-0.0042581769960191,-0.0026853986468206416,-0.002544790076981665,-0.0006834500432164045,-0.007010119838012005,-0.007045408947905685,-0.003909153235792493,-0.0009683023586362618
2021-05-21,-0.003493268283328075,-0.00428603548570238,-0.005788637685372265,-0.0027496027893985538,0.0019875216701175902,-0.001019642865961596,-0.0007960785703115462,-0.005308804861710718
2021-05-22,-0.0010778522994914885,-0.0012974843852962509,-0.0011968871954759984,-0.0016036937020480846,0.0018856165101132326,-0.00044569654229240405,0.0004939338316919656,-0.0004507150921644932
2021-05-23,0.009020670057084604,0.007370319114523004,0.00706673706274602,0.001987035866281071,0.006037336792499531,0.006027582662529753,0.003779602657365723,0.002269136861211779
2021-05-24,-0.008574390626183563,-0.007182929993219338,-0.0054255319720227305,-0.004910015476654507,-0.007751322642049898,-0.006514157025349477,-0.00543495761122098,-0.0016788077715650222
2021-05-25,-0.002096895374320875,-0.0022990085364809083,-0.00454557353202914,-0.0005789931349822243,-0.003439833433746492,-0.003473602252007371,-0.0033391561071453245,-0.006160994841540746
2021-05-26,-0.001729727784694388,-0.001071398384708993,-0.0009744517996677172,-0.00026803980693830277,-0.002841340377409729,-0.0028693310223245954,-0.0015577585150329232,-0.0002864331375259932
2021-05-27,0.0003267888583287886,0.0002396817227034108,0.00031011075528251296,6.0020749473024736e-05,0.0005373987051938373,0.0005427079675132491,0.00034865473342222535,0.00027210645494385444
2021-05-28,0.00248998780351939,0.0016062032817519508,0.0016201941397412756,0.000401768748861984,0.0040938805543053024,0.004134304351263147,0.0023362205760128155,0.0007894465723869915
2021-05-29,0.0019378320063583624,0.0012213154785982539,0.0011614563571521945,0.0003057812114814932,0.0031809716292774083,0.0032122518585853757,0.0017751079874379313,0.0004414582228273842
2021-05-30,-0.002292127589701589,-0.0015548442081888408,-0.0017431894032497457,-0.0003899480391233889,-0.0037578890119117753,-0.0037947240611067657,-0.0022586224882327993,-0.0011606497381626366
2021-05-31,-0.002578593596395051,-0.0013776021594276097,-0.0007108638764537322,-0.0003441340399224666,-0.004233763203319235,-0.004275420878720244,-0.002002565885472269,0.0008571945214658365
2021-06-01,-0.0013339716533216084,-0.0009132392609633019,-0.002046551424326211,-0.0002794387360498936,-0.0022232860888693473,-0.0022232860888693473,-0.0012546772059775697,-0.002140194654054295
2021-06-02,-0.0017381739835111063,-0.0008546254921582353,-0.0015074679580427115,-0.00029895636971480333,-0.0028995386851704804,-0.0028995386851704804,-0.0011745505775158072,-0.0009458451373641339
2021-06-03,0.0002513042873849725,0.0004111896798927328,0.001216352048453754,9.87902182475036e-05,0.0004197020657086891,0.0004197020657086891,0.0005652976351844909,0.0017223762180618427
2021-06-04,-0.0005098416823586593,-0.0003341554128347705,-0.0007319814160386375,-0.00010377156714924562,-0.0008513407812757455,-0.0008513407812757455,-0.000459321281080026,-0.0007376889096136881
2021-06-05,0.0005343635337275391,0.00012600204184106306,-1.0176845998579236e-05,6.53764703326641e-05,0.0008925926871949365,0.0008925926871949365,0.00017322079610221982,-0.0004609114184831069
2021-06-06,-0.0010011941824462876,-0.000511389560647709,-0.000935657575129542,-0.00017576377815807794,-0.0016717809136622195,-0.0016717809136622195,-0.0007029975344091493,-0.0006517957686856816
2021-06-07,0.00260788091421949,0.0011388261320208954,0.0017686776655047615,0.0004202224933412525,0.00435753037480734,0.00435753037480734,0.0015658228721692625,0.0006360933460633225
2021-06-08,-0.0035962578177714958,-0.004283968668392438,-0.003091295343688233,-0.004761701911020235,-0.0016954690714880262,-0.0021664842153274705,-0.0034761813069388633,-0.003196526580762858
2021-06-09,-0.008399187322251945,-0.007673359146478958,-0.00700862905071935,-0.007955283392755332,-0.00804368904769094,-0.005781333570076101,-0.007153363695212466,-0.005640028573518158
2021-06-10,0.0014448025336352352,0.0005063266147599124,0.0005443598042061268,0.0002091924607984907,0.002404476697410382,0.0024001377055107194,0.0006949460184162565,-0.00033770701289562985
2021-06-11,0.0010391880389041257,0.00022095577258336648,-0.00010510394487136729,0.00012284928444066152,0.0017277871380360886,0.0017246767298525305,0.0003032101949443426,-0.0010329734530097447
2021-06-12,0.00023738033131718653,-7.379673853621677e-05,-0.0004545110571957914,4.014017580965775e-06,0.0003944047960264063,0.0003936960005059973,-0.00010126046156416012,-0.0009210411748048883
2021-06-13,-0.0028490309434136404,-0.001285518155526431,-0.002063738439171624,-0.00046868709257472736,-0.0047328904106249126,-0.004724388152634418,-0.001763976833313169,-0.0009016802418066718
2021-06-14,-0.0026309834601711654,-0.0017968662402037103,-0.002055202916219699,-0.0012873596631248932,-0.0031800439242168793,-0.003437725836803589,-0.001794001781504378,-0.0013501086545557848
2021-06-15,-0.001478838051048097,-0.0014090957427042245,-0.0008050157322180129,-0.0013026424101015867,-0.00032837922124198313,-0.0009740384318001321,-0.0007383462617922466,-0.00043141225358032514
2021-06-16,-0.006003465482250965,-0.006489957523028945,-0.0037333790710124912,-0.006150122606199316,0.0003092584892490205,-0.0028060247468162385,-0.003131632746734527,-0.0027904679186943407
2021-06-17,-0.0014575902972274245,-0.0013917905138290973,-0.0010158550526570165,-0.001382969668991083,-0.0009411316227210518,-0.0012248823492635647,-0.0010770673513093377,-0.000770487056069684
2021-06-18,-0.004015719187458972,-0.0038653206968654085,-0.0025774664836464675,-0.001770622179519097,0.003492373422356231,-0.0012216330191138687,0.0004144131873007833,-0.0015623087507302502
2021-06-19,0.012848127151292214,0.011825562880150724,0.008389537801388063,0.010338563885126138,0.005101688833857404,0.009957959912535563,0.007084316552351131,0.005602567260410204
2021-06-20,-0.011598192873525065,-0.01073144819071175,-0.007329697635663364,-0.010412190867860233,-0.005848821030685588,-0.007391844275976354,-0.007140479119667807,-0.004543220021267728
2021-06-21,0.051955020312912374,0.04565515748270426,0.033631906965676084,0.0452528692994545,0.030350563838406865,0.020130346796129565,0.03073637300496325,0.01828991860665731
2021-06-22,0.0010758554290800628,0.0008665059553572374,0.0011853142155581616,0.0008523049828343612,0.0019233000937743008,0.0015639222776835267,0.0012637507996717443,0.001142512556726999
2021-06-23,-0.0308634581385199,-0.023344279261622556,-0.017814625502741252,-0.014184511171803636,-0.008539031147949383,-0.022539326203514117,-0.0078052582621594814,-0.006126774710404036
2021-06-24,-0.001753189564921868,-0.0009731040949939412,-0.0011517852595954216,-0.0007663560521017835,-0.002871787811623524,-0.002748533922604445,-0.0013234400067823767,-0.0004966897394111333
2021-06-25,0.007413751931635876,0.004285413824697118,0.0038653504640895255,0.002379605967152147,0.007073642426331084,0.009279701820712511,0.0029660472981386512,0.0005342911006505694
2021-06-26,-0.009316697891962607,-0.006677617128006486,-0.005470615662305976,-0.0030478988922029815,-0.0021015405858981636,-0.008045303717091811,-0.001639947708475033,-0.0019470134319056354
2021-06-27,-0.019660053231865825,-0.013834870833986974,-0.012504145556871018,-0.007254955454166988,-0.007286654983616901,-0.013364932270661128,-0.004679192879531559,-0.004888531862463386
2021-06-28,-0.0018762970728427376,-0.0012904972353033047,-0.0009909496485716108,-0.0008498494087317125,-0.0007206150907969279,-0.0007317661671009503,-0.00042048615626582534,-0.00011341401445133039
2021-06-29,-0.0016715943692019208,-0.0007354648035018974,-0.00115951056704723,-0.0002644794626984986,-0.002685262299097338,-0.002790123432592164,-0.0009868281305583022,-0.0004578716710309607
2021-06-30,-0.02251900803207301,-0.015506259284819536,-0.012719678148703291,-0.007967507668615028,-0.009531347747480507,-0.02165805686554907,-0.0057996390587959695,-0.004090134415492443
2021-07-01,0.005618933690451123,0.0032184723904797137,0.0032165993755967127,0.00042206971646336017,0.009364889484085204,0.009364889484085204,0.004168421097672467,7.393852713488691e-05
2021-07-02,-0.0003299320573731013,-0.00021077533167246452,-0.00023155876072744844,-3.4642338860082915e-05,-0.000547846022091872,-0.000547846022091872,-0.0002727285097674923,-6.701393666368271e-05
2021-07-03,-0.0006039770548862362,0.00034995755573917096,0.0010322563667104403,0.0002720138570248077,-0.0010031112886889374,-0.0010031112886889374,0.0004528486162799864,0.002036913208390057
2021-07-04,0.0021810381072329688,0.0059758374240398504,0.010593867534921893,0.0023186104724140745,0.0036238099460663077,0.0036238099460663077,0.00773199878566789,0.013873719193061743
2021-07-05,-0.0007992146706142196,-0.003815189984470361,-0.0070658493361476175,-0.0015970330188674828,-0.0013259917796308175,-0.0013259917796308175,-0.0049277841144389255,-0.009774938243295242
2021-07-06,-0.0034777905131081516,-0.0027751628902488636,-0.003532621631783288,-0.0006194853154114396,-0.0057731098674418755,-0.0057731098674418755,-0.0035884698228515833,-0.002333019338178041
2021-07-07,-0.001553262597948565,-0.003182308888173293,-0.0054198456125283175,-0.0011613889241911515,-0.0025843585454233707,-0.0025843585454233707,-0.0041182953824068615,-0.006723428124713453
2021-07-08,0.006277967117485017,0.0065617257942202955,0.009467709959461291,0.0018181840973714863,0.010456242473089343,0.010456242473089343,0.008499653511167425,0.008768789904152106
2021-07-09,-0.001623046353824824,-0.0005469883225787871,-0.00017038760786725133,5.268753015848619e-05,-0.0026920801443385705,-0.0026920801443385705,-0.0007071733049923345,0.0011022120227179206
2021-07-10,0.0027961395812938494,0.003713030434155515,0.005766172969593046,0.0011747416759923888,0.004642812961380832,0.004642812961380832,0.004801157172075068,0.006207341027001299
2021-07-11,-0.003188658340129702,-0.004044253610291801,-0.006189399629881174,-0.0012566269681619307,-0.005284833390883323,-0.005284833390883323,-0.005223784254786541,-0.006512029806310204
2021-07-12,0.00015139026224413233,-0.0020448563263384136,-0.004123033913498095,-0.0009614499245367821,0.0002514406465980669,0.0002514406465980669,-0.0026443826449140235,-0.006228088008330714
2021-07-13,0.009839433399274683,0.009239554540670195,0.012778799106390975,0.002178549333973807,0.011687876715977156,0.01404232097144076,0.00988562414979425,0.011036117159333014
2021-07-14,-0.006764136250900286,-0.004843458252897407,-0.0036746111434838944,-0.0030786728637585787,-0.0008273194916385415,-0.006836565079966405,-0.00118995556319697,-0.0018991767943198933
2021-07-15,0.022240102460887447,0.017833346434600425,0.016758657443848034,0.01956876751468873,0.014177806687342089,0.010632656583735679,0.0147769512534104,0.013199035015112562
2021-07-16,0.03274461502355961,0.025643268013367918,0.022378229675932927,0.02573964525265968,0.01740475237639869,0.02165868630026693,0.017852945434002634,0.016302646397987737
2021-07-17,-0.01745903341096116,-0.012508084178705395,-0.01040177768397311,-0.008589905031348866,-0.004875728853047431,-0.015688009273516712,-0.004991165786376982,-0.005616162774585206
2021-07-18,-0.007709621969662491,-0.005913546362391659,-0.006271860658707884,-0.002314440798292663,-0.003904431823550965,-0.008700046663020855,-0.003478575042314318,-0.00420051907973144
2021-07-19,0.04021647678885898,0.03061011767396016,0.025690618246637924,0.029409728303448755,0.019807931543170332,0.029193361870622946,0.019491192156044706,0.017224072686626107
2021-07-20,0.02234382538899268,0.013839009259993361,0.01202668934604949,0.00790054690397255,0.009109772134325286,0.01787157945039718,0.005914230084967899,0.0032629073442045904
2021-07-21,-0.051771472614827195,-0.03360771344286727,-0.03133031991387893,-0.020149967371243832,-0.021811761030484426,-0.03824964256639257,-0.016522635137392296,-0.012335416309518973
2021-07-22,-9.409776474042969e-05,0.0006527946767982834,0.0013760050711191711,0.00022392859058060146,-3.465018465850404e-05,4.723935925863612e-06,0.0008827186322719055,0.002083711244365612
2021-07-23,-0.014669685888262528,-0.021022281895570455,-0.03338794662173813,-0.006778084249697531,-0.02436746309132833,-0.02480730547332769,-0.02712705780813394,-0.03717830716242575
2021-07-24,0.003128388476782682,0.00156184113673303,0.0013370154290369821,0.0001219902328795801,0.0052481440697290885,0.005345284957224056,0.0020280393492999762,-0.0006967879052814155
2021-07-25,-0.00015622222727100678,-0.000563748931385881,-0.001041712143102741,-0.0002223757461147792,-0.0002615237515028829,-0.00026633870625651147,-0.0007316833070377337,-0.0014185861049111294
2021-07-26,-0.0009161234978632502,0.00043889087064538776,0.0006407421936845752,0.0014788782697392317,-0.013680590589057434,-0.00867134249708821,-0.004800936488333127,0.0032638011155038263
2021-07-27,0.01629478576903265,0.010167137142941552,0.010598669299915573,0.0020394378307455815,0.012620415099999532,0.01965463928309436,0.006688448441783638,0.0032442677928759714
2021-07-28,0.0024853495161440615,0.0009149231140716151,-4.077624902182936e-05,0.0006237986714333069,-0.0009910469334100836,0.001147011209447524,-0.0011033853938039126,-0.0014938807385230593
2021-07-29,0.002104509112745057,0.0007948606219659126,-8.510438275042232e-05,0.0006743163032216562,-0.0018531745166712322,0.0003688747038447092,-0.001358554780162433,-0.001201557305274969
2021-07-30,0.01172977965343751,0.00846037155236228,0.006874410682414498,0.007002477353851179,-0.002694197846891237,0.0055078631600753245,0.0010753303907466278,0.004278597301942864
2021-07-31,0.013687300642506305,0.010934050727966174,0.008647050108446392,0.011319573193618107,-0.0004087407025411722,0.006732675833164668,0.003852734330235623,0.00680635638048267
2021-08-01,-0.010647475012141005,-0.008345394018698507,-0.010987455468707708,-0.006032026822550715,-0.005509405520850885,-0.010193981927244706,-0.00519839242001771,-0.004421444330486152
2021-08-02,0.004958748346427946,0.005021629665237975,0.002178995725983025,0.0009419751990842643,0.006675812558509141,0.009439211167218338,0.005455949001235166,0.005778299640285127
2021-08-03,-0.008493217955867348,-0.0061391446835639555,-0.012858460114450352,-0.006495041281097129,-0.0004068531549063048,0.0008688670298746431,-0.002964522589453306,-0.007462578707540452
2021-08-04,0.01950316372565222,0.014039350718859957,0.021451482820424916,0.010489011627727123,0.006012704774038474,0.01740949391084951,0.005887689407815152,0.003904498194390772
2021-08-05,0.007614403359382873,0.005429493847687383,0.00903648372494229,0.004351486193345742,0.0013802585598298258,0.005497937770240684,0.0019210695272594968,0.002322156806798231
2021-08-06,0.008758305520772391,0.006567057843990077,0.010164026873190408,0.0054324423923441155,0.0024565799322682964,0.006658848039352487,0.0030149500614034493,0.003486729356806936
2021-08-07,0.04786400023301021,0.035106819059941875,0.05179162983662633,0.02424104517936891,0.0181238422914719,0.041247260515545836,0.017482022712707858,0.01428276211509137
2021-08-08,-0.0430414614207517,-0.031489845955286484,-0.04585351198825615,-0.021137510054693175,-0.017912470877892446,-0.037695223195882595,-0.016205112656258805,-0.010805212914136766
2021-08-09,0.03648833922506913,0.025856427087007448,0.03813971114554044,0.01243240935050676,0.01170103938946082,0.03248756191669375,0.011273983162913956,0.012540433901781202
2021-08-10,0.04219853357927759,0.030342139445524437,0.03774440905054621,0.00866221566263937,0.023137518911283496,0.04741585656191697,0.01717927411931688,0.010519344640898948
2021-08-11,0.034768333260905684,0.02207206436397333,0.03712178842729004,0.006131817967236099,0.004396709372856536,0.029710095493278157,0.0037262870241309707,0.004305958021220348
2021-08-12,-0.01877817894887308,-0.011265422876923382,-0.02036044930311224,-0.002892625449116084,0.00201505785828452,-0.017671655588348975,0.0019029166129895,0.0017369056785476065
2021-08-13,0.0589315664376288,0.03770842924808086,0.0596364944273758,0.007961511185629265,0.012630778429714737,0.05591375404920098,0.00844228631111339,0.004105646109272625
2021-08-14,-0.003580358494565301,-0.0021147653348331744,-0.0036016509478856338,5.805760381699303e-05,-0.0018910114090618354,-0.0025179200220906525,-0.001095841651416559,0.00024155158499696296
2021-08-15,0.010414680937297905,0.008778410559776566,0.006896208647364433,0.0024176719765390707,0.011929049286195736,0.015827440257402972,0.008368108475627028,0.003185123426344948
2021-08-16,0.012541932027923986,0.007767938047877098,0.013824590460884627,0.0013862208747030928,-0.002440032387518891,0.011287514281666345,-0.001521647205555818,0.0014961461292394753
2021-08-17,-0.02733696569347886,-0.017435492846228768,-0.028236267978653407,-0.0039789645111557555,0.0046184520137238306,-0.030705091987034194,0.0038750047163546714,0.0010913757913589702
2021-08-18,0.005683870207229327,0.0068349803829781215,0.001375415060334411,0.002176257727810202,0.014285336265843293,0.011286730136698855,0.01123504080957989,0.008515403754057122
2021-08-19,0.010732678018129648,0.008674423872826995,0.01078630831614116,0.004186601202677575,0.0038155488090227743,0.010839632524072168,0.004455281903296493,0.0078049924994229225
2021-08-20,0.010972328004417626,0.005144320177267521,0.014341226220042398,0.0030662054187849254,-0.002483538637058646,0.005263652789596719,-0.002960225643983376,-0.007436966643084628
2021-08-21,-0.0025071046261225392,-0.002093879623636096,5.066950223993736e-05,0.0013055740514613683,-0.006609680765574721,-0.005772151797307257,-0.0038218848899841413,0.0007323444206697911
2021-08-22,0.0038994172107726477,0.003514893568841614,0.0026860907094564818,0.0008976945580528987,0.004658143792795859,0.005359561430194872,0.0037128409943225655,0.0031752269401120656
2021-08-23,0.02175899494130191,0.013752141213989311,0.02307329446576393,0.0044097263866217625,0.004509427292235856,0.01884301687397426,0.0026994010622425437,-0.0013007245688113956
2021-08-24,-0.02171393957241188,-0.01849421526124359,-0.01732570049093719,-0.00749618547754726,-0.01984914798592441,-0.028349774725558174,-0.015682427779455096,-0.01110431712289446
2021-08-25,-0.0023893614698427316,-0.006846348259945537,0.0017935745610217814,-0.0029285450039481875,-0.012869328990047797,-0.008125784209215272,-0.013439005292142838,-0.022177913738186297
2021-08-26,-0.02299452527632992,-0.015478748756724043,-0.02135884036910701,-0.005409258967593391,-0.014275982023468666,-0.024201914866989405,-0.008396141267350539,0.004855583779447228
2021-08-27,0.01798055571502177,0.01299535893589532,0.01710035466582874,0.004183489674359474,0.008909954077963517,0.018263699098416037,0.0068670594758339365,0.004658000692082929
2021-08-28,-0.009533633165203758,-0.0069648938600135385,-0.010281279103219614,-0.002261598407535152,-0.0008037640130515327,-0.007928491058715152,-0.0019310542230668048,-0.006254370347091692
2021-08-29,-0.0012023741738645644,-0.00025194311235426453,-0.0015915993578653276,0.00033384614574064547,0.0010538659857785555,-0.0005558319142317938,0.0011608470650414733,0.0018148852179469994
2021-08-30,-0.017974737278503065,-0.013441610359502972,-0.016823792686318326,-0.004359749352956346,-0.009704366460353513,-0.01863891306671158,-0.007849932637134462,-0.00669948452035418
2021-08-31,0.009386440567792653,0.007013060077841582,0.00965330932707649,0.0033979609102398394,0.0035221814788381736,0.008577881416203248,0.0034087714390547987,0.003988241588722767
2021-09-01,0.043496414590342744,0.027777348402846503,0.04987146373246084,0.015247450328601652,0.017933324742419304,0.04141248084331073,0.015202446536812998,0.012196186874470494
2021-09-02,-0.0024693846144538695,-0.0008482566815614388,-0.004148453396265315,-0.0018284139705400807,0.0013410442253426712,-0.0005772062844039977,0.0008865604923407332,0.00146988857672558
2021-09-03,-0.0009469157588526014,-0.0002302880370460492,-0.0016450646183043041,0.00024778861484239014,0.0023962263980236652,0.00015553685338674935,0.0011158483465926899,-0.0032738921167144554
2021-09-04,-0.008499934313251087,-0.0049977004503784775,-0.009970187814449043,-0.002225179251496815,-0.002564351805330415,-0.007897492934530393,-0.0020630284095344785,-0.0016800935800625363
2021-09-05,0.011185164939076984,0.008137411556403507,0.010933033727871872,0.0034315841130762173,0.009996639736661166,0.01359550962120197,0.006988543525354216,0.0008307996746318718
2021-09-06,0.005543872187713803,0.004223124480744258,0.006081381743414362,0.0028040002628844205,0.002643109202654228,0.005208053973005407,0.0028847362930224524,0.00462492585208507
2021-09-07,-0.024179853622684353,-0.01655309225704428,-0.024809904437123262,-0.007237414375978061,-0.01936077891945299,-0.028057298552272087,-0.013003885148014606,0.0015987444568143967
2021-09-08,0.0026500173849084625,0.0035028759095774007,0.0011796237400524237,0.0013491330165905956,0.004464740814707873,0.004418145901810581,0.00433994601248819,0.006933245720603013
2021-09-09,0.003696928442828948,0.004221461003506388,0.0017382737792288677,0.000718070890780114,0.006217320320337167,0.006528130662086081,0.005225889726755656,0.006360594018707203
2021-09-10,0.0023348546990953774,0.0018957611947807845,0.0016912844138201476,0.00040599622633947835,0.003916813238632626,0.0038749194867723252,0.002344482102645555,-0.0013111220850944366
2021-09-11,0.002039588550211947,0.002444104224611356,0.0010479207392709144,0.0008789718847785659,0.003416100784466629,0.0033797036273830023,0.0030212631208649606,0.0037629155559418303
2021-09-12,0.0006511005227242227,-8.591198163812926e-05,0.0007999908014579922,-0.0003197768961115433,0.0010890303128329151,0.001089666681879587,-0.00010613841319771456,-0.0041680093833832725
2021-09-13,-0.006073150500444751,-0.003859714723611058,-0.0069569090612551,-0.0025705129139040584,-0.0036764681527339522,-0.006040483155188438,-0.0024986248910662512,0.0011134551195187126
2021-09-14,0.0074079456133427125,0.0030653894809863926,0.010883582023770171,0.001905469333062128,-0.004263133735222329,0.0035502192196102656,-0.002035092534273132,0.004262585060818668
2021-09-15,-0.002425728084411848,-0.0009009589583241766,-0.003703977509334945,-0.0006277622294160306,0.0018011814638991721,-0.0009588581859232546,0.000941377125296522,-0.0013402350330809058
2021-09-16,-0.003935760571653511,-0.002077795946992941,-0.004954733871683889,-0.0009383629769756805,-0.00020053502384077924,-0.0031794614531354868,-0.00033031117680054666,-0.0010537228702461716
2021-09-17,-0.011010453015352396,-0.006362926182432565,-0.012411041453289359,-0.0021563028243262233,-0.005381756803180439,-0.011454109967457013,-0.003300025376638497,0.001192232707761387
2021-09-18,0.0015395579138274562,0.0013006567251076888,0.0010866910032944048,0.00030349352114162373,0.002562631609989698,0.0025517636216231088,0.001602192548726262,-0.0005005532001859183
2021-09-19,-0.0012936408494529776,-0.002420724446151885,-0.0001820327966805923,-0.001135603476630585,-0.002151099322194255,-0.002141999840741323,-0.0029810317891085067,-0.007780964281898209
2021-09-20,-0.00022683325288140366,-0.0005660858087600447,4.571399047307418e-05,-0.0002925596231802928,-0.0003775082919567127,-0.00037590794579532913,-0.000697505307046911,-0.002250053307810956
2021-09-21,0.006767563379073641,0.006687248356493767,0.004244908633093659,0.0019712237148025833,0.011264646391794152,0.011216874956933008,0.00824080831178343,0.0037502489879191643
2021-09-22,-0.007805476649797065,-0.007120532476019459,-0.005234797156703756,-0.0018900368601986364,-0.012934482293131735,-0.012880237823811749,-0.00876123091818665,-0.0006381793861197992
2021-09-23,-0.001745946225101176,-0.0018546059992974513,-0.0010233447352612371,-0.0005942602152467909,-0.002908247277265973,-0.0028958915618231313,-0.0022857175656679613,-0.001772166567418695
2021-09-24,0.003027126363003514,0.0023924549694541585,0.002225270317908187,0.00048500029261622094,0.005048204917495224,0.005026695282664962,0.0029498660498270433,-0.0020322063265033794
2021-09-25,-0.00044856352761270664,-0.0008087180031866927,-8.061109738339112e-05,-0.000372626200676328,-0.0007465453073935708,-0.0007433803006894544,-0.000996584662069969,-0.0025243025433249336
2021-09-26,-0.005910591340619728,-0.0043079752636803505,-0.006257884250806277,-0.0033732250989245106,-0.003755944794064421,-0.008911054114902317,-0.003020736593809631,-0.0015321221759778765
2021-09-27,0.0011411715024693785,0.0009672192044083503,0.0012417759241194,0.0013978580271064671,0.0018957118389990135,0.0012911458073416708,0.0011905909170470115,-0.0017225001805916892
2021-09-28,0.0011231093023606642,0.001295040376965448,0.0007285644319669574,0.0007876888080198644,0.0018643018604561127,0.0016920611138659396,0.0015937641683625623,0.0013901984197431433
2021-09-29,-0.008590617053762274,-0.005279179664973708,-0.009982260543470374,-0.0030413695853008385,-0.003946718781523344,-0.008219376345215796,-0.0028929598552303055,-0.0001953819379892396
2021-09-30,0.0033721126653486503,0.002033100890862824,0.005256001394750636,0.0026541144217360328,-0.0013838207682357845,-0.0009041933058769068,0.0001681172838332832,0.0033535743418735236
2021-10-01,0.0020466555690383803,0.00217371605002517,0.0021972650859784313,0.0015368801336021751,0.0012701725325515354,0.0017363916881517985,0.001924741080874558,0.004969480366956469
2021-10-02,-0.0033681812795718787,-0.0019357560496645362,-0.004688796564282847,-0.0015559767256147102,0.00043374900624369603,-0.0021094676802869473,-0.00022710392419089722,-0.0013044572588260322
2021-10-03,0.001911633683089897,0.0009771145147184873,0.0004356395951484296,-0.0016661102300930828,0.004043516103311256,0.003063954495136409,0.0015188306214870759,-0.0020914812599782794
2021-10-04,0.004617720990992312,0.0033249298250445517,0.0002891742440135702,-0.0014065703917113858,0.011066041534758311,0.00978612553270631,0.005340241114049068,-0.003362017899802453
2021-10-05,0.014949062924515779,0.009529884212829258,0.015480600761646464,0.005287550020285151,0.008975902473110278,0.01564260481865511,0.00609515412430784,0.0003998002001713255
2021-10-06,0.02845294076418921,0.021101403324582248,0.022171209132103496,0.008398487309539234,0.03299528653638343,0.036271647928113264,0.020992643381878857,0.0019599449183797303
2021-10-07,0.006619114561807377,-0.0008563965376351384,0.021300261702841612,0.003578244968848996,-0.024780809191740027,-0.009560777617112494,-0.014184933468960232,0.0005143068611425124
2021-10-08,0.008499032401440239,0.004500749693274352,0.009499597195869241,0.0009582030475467415,0.0021494538746881643,0.008307116562446032,0.0011698759121843642,0.0008624099230484815
2021-10-09,0.005002131227237881,0.003716341784566206,0.0060265210009882355,0.004875326851757841,0.00133260607818761,0.005508434152688865,0.0020504739680109146,0.0016403131053649709
2021-10-10,-0.023272762220536255,-0.014819843971718231,-0.029349556437511342,-0.012364478700333461,-0.004624847955830968,-0.01772670177294257,-0.005823407744998547,-0.004782688694338785
2021-10-11,0.008603315429165738,0.005688650603579106,0.012453208375770889,0.005823094962516744,-0.0011411709145191184,0.004621106361534257,0.0014100501911749716,0.005405012485373053
2021-10-12,-0.005476813177679761,-0.0034169112328899993,-0.007820168566035346,-0.0035296084339301037,0.0005195384480772368,-0.0030691160786702485,-0.0007118750319108315,-0.0018085401954783876
2021-10-13,0.00993753204309853,0.0066991040601696835,0.014370529413866923,0.007077519658957232,-0.0003950827028713119,0.004745263248932855,0.0021225985592371005,0.004783085792218714
2021-10-14,0.006094005910468331,0.003583936603031691,0.009867627676575891,0.004325353184057131,-0.002858603218599441,0.0019030112756411883,-0.00031200201860123245,0.0027447740853109347
2021-10-15,0.01490425761764932,0.009778234389792416,0.018778058521151008,0.008357598838871518,0.003038908003631414,0.011309152225224587,0.004136540759081628,0.004427404393336973
2021-10-16,-0.007547600361878483,-0.0043695815923958025,-0.009221102876695622,-0.0030504989626265328,-0.0016245477531961667,-0.006156165832430246,-0.0013701433967463878,0.00032274889606979484
2021-10-17,0.00014219464893143542,-0.0016212375556576885,0.0030148179281523717,0.0005180586998117116,-0.005348329059269003,-0.0031716283431633663,-0.004074919006093056,-0.006519638355537918
2021-10-18,0.009145963997005966,0.007607485486823132,0.009303063910878453,0.0051105153870114614,0.006117716614613373,0.009419685789006541,0.006100050728987695,0.00918122489587862
2021-10-19,0.005920407126987491,0.0052337744842931196,0.005428885742546097,0.0030882363868769487,0.005021841010801999,0.006801073656967413,0.004723150007080769,0.007260481310426039
2021-10-20,0.007544021085229555,-0.000331727105104987,0.016164022976506487,0.0036184449545664872,-0.012068374142074146,-0.0016442856113446285,-0.009553672656784593,-0.018590149346806667
2021-10-21,-0.009947540226693136,-0.007376781607902014,-0.010297474595665684,-0.005893345852650675,-0.005850146853554435,-0.011135857204346183,-0.005174273803774283,-0.004019054923514188
2021-10-22,-0.007769871734632276,-0.004700193639374172,-0.010262808524096773,-0.003829885505300636,7.361245294900003e-05,-0.005298448901709643,-0.0010151354455710145,-0.002283558444509852
2021-10-23,0.004124692801523,0.0034182377246473805,0.002948270364109141,0.0004814555067143374,0.004257118372018174,0.005908302091159535,0.003270741786717577,0.0054279613328075075
2021-10-24,-0.007953335421520148,-0.004883269705033949,-0.0125264369829168,-0.006767232983643823,0.0025923120721790356,-0.0027696293660137332,-0.00023182556214211634,-0.0010853614142909097
2021-10-25,0.020432481379964524,0.0136206204434859,0.026583276507663806,0.013380776802949992,0.0035567740219964645,0.014166399286721264,0.005675337628653185,0.0045705552118352555
2021-10-26,-0.001588995724844164,0.001763825391724769,-0.0012570890895247588,0.005802224127594556,0.0017860561984069257,-0.0028326027600039405,0.003922464232281908,0.005914751191257294
2021-10-27,0.010633921576008789,0.008829422450606299,0.014024079085363456,0.010476199765491905,0.0030577971153109306,0.006686547035259401,0.005600106499860578,0.00751349414709594
2021-10-28,-0.01110016534549627,-0.008376369040049188,-0.012003279383188941,-0.006822938829860183,-0.006073780792138576,-0.011153563162721957,-0.0058045709992111255,-0.005408717157704807
2021-10-29,0.0007458484809473905,-0.001746917111334502,0.0017554726463776683,-0.0007846070445127674,-0.004840060945693699,0.0025735390745167735,-0.004440570175936826,-0.006072567687524187
2021-10-30,-0.004683139751795012,-0.00413105140409654,-0.005790521817480091,-0.00391173437363317,-0.0013851478965812454,-0.0034647545558838195,-0.0027916185933993267,-0.006548440934740306
2021-10-31,-0.0037352595199931144,-0.0024998138084070714,-0.00397938562048073,-0.002026436300699517,-0.0025068243008816472,-0.0036641104239685178,-0.0017119120222692948,0.001016729485608812
2021-11-01,0.017281895096258593,0.013547490961165016,0.0207427512013624,0.01376421404862747,0.009555519178242303,0.01469987222377737,0.010213469259065975,0.00933160924205414
2021-11-02,0.017995356094169256,0.010991273068651398,0.020480605876180516,0.008102574391245843,0.009233750607636157,0.01756757339236887,0.006581737463346684,0.00398572381706215
2021-11-03,0.017058948361378497,0.011817634181703701,0.020860027804904258,0.010037650660293065,0.007232031691734782,0.013944591598840839,0.007383630427463602,0.007410817451237351
2021-11-04,-0.007167270689521481,-0.005179767764257313,-0.00860046273023357,-0.005111816600087516,-0.0038384841636967654,-0.005630469683322895,-0.0036111506408686663,-0.0022416615409366785
2021-11-05,0.001642202946293213,0.0013559950499835596,0.0017926120480925782,-0.0010294116249030512,0.0007437850230047236,-0.00012312941238915031,0.0009196087948134514,0.003132560083433526
2021-11-06,0.024591944559831345,0.018255649997070317,0.03155430529453915,0.017408245656946274,0.009263333943513653,0.01680108531659324,0.011694002305189131,0.01224357119138521
2021-11-07,0.0015093321158428452,0.001057939475830259,0.0014974818294748622,0.0009000892998088804,0.0013043686322451926,0.0016002206295620582,0.0008823613953531208,0.000299401642363072
2021-11-08,0.004895924820418367,0.0033441168216041305,0.006210835111253321,0.004415614456124628,0.0023580183741313265,0.0036049905330538764,0.002143976588777645,-0.0003480314644093909
2021-11-09,-0.013687671492705033,-0.010156580371336783,-0.01660026500188255,-0.010020613422891364,-0.006555976390946532,-0.01151101427346784,-0.006978529508605642,-0.006228177095448469
2021-11-10,-0.025348743596953695,-0.01738332505010439,-0.02902684976031349,-0.01731764683543233,-0.014590429150131121,-0.02508733742986049,-0.012051435983218221,-0.006216275856592238
2021-11-11,0.00484731537942328,0.0023159036164940227,0.00835286839733398,0.0034833573971310328,-0.002224915306092795,0.001653550811055511,-0.0005709390588222776,-0.000953683638985996
2021-11-12,-0.0020331166050375823,-0.0005930393452571251,-0.003017206784783488,-0.0013478629490028557,-3.211548123405968e-05,-0.001128202720147255,0.00039426015960786963,0.0026673698517026513
2021-11-13,0.005191460847994143,0.0031413173209054114,0.006580975546572794,0.0018814184821967215,0.0010378751473503196,0.004509592064360169,0.0013143076954661142,0.0025810113711070433
2021-11-14,-0.0013553118213657433,-0.0016863694392545447,-0.0009074947062238506,-0.0008865045509181466,-0.0019000558333855987,-0.0019301297432903315,-0.0019411272891381298,-0.0032539551811976088
2021-11-15,-0.007244734779632803,-0.004922114754687102,-0.00903747976282266,-0.003965991459280736,-0.00234917924396295,-0.006141822030238713,-0.00278494065910713,-0.003731462733201934
2021-11-16,-0.013596235435239483,-0.00860081664083806,-0.018342932581433897,-0.008089440822985896,-0.002237120076450502,-0.010011269205854774,-0.003746037981142662,-0.004432350390477537
2021-11-17,-0.0017659896581568278,-0.002085729350206769,-0.0009964143974806842,-0.0008536134609517861,-0.0026727505767717716,-0.0027476304113116918,-0.002453450347954372,-0.0039944558513287575
2021-11-18,0.009440076004237272,0.007301105870710932,0.011502843945179643,0.0070871349720144396,0.004581070899008438,0.007889185906208783,0.005233721771424341,0.005537870539280277
2021-11-19,-0.00782638574613327,-0.0050709575789549466,-0.009882726457721014,-0.005639120061578061,-0.0031315529606402285,-0.006337358737856498,-0.002917075870024445,-0.0007385839814899272
2021-11-20,-0.003942598096866837,-0.0037617878638084097,-0.005024078348833744,-0.003929141139019371,-0.002572271537666577,-0.0009966770108325075,-0.0032112194089504156,-0.00274904245790785
2021-11-21,0.0012895380433534684,0.0014467431871744087,0.0006956673786468638,0.0008899303929740163,0.0021842608504196396,0.0019561101979679507,0.0017735129144203182,0.0020364329912981104
2021-11-22,-0.0008546964531830123,-3.548474726049976e-05,-0.0020500742469836248,-0.0006190200901558413,0.0015621412568932096,-0.00012841100632113883,0.000922946024850273,0.0009578718351573061
2021-11-23,-0.0009059867320627408,-0.00026959493300518706,-0.0014490285437724136,-0.0018125366966551878,0.00043805255079009585,-0.0027001922353552575,0.00022521885948313057,0.0009168288378667291
2021-11-24,0.008734966606277839,0.007259851722887129,0.011051142278888062,0.008483878279376071,0.00430641032597388,0.006911775868211351,0.0054997652605453095,0.005090624277435885
2021-11-25,-0.0069830296107758795,-0.005723683297760996,-0.00788658854150811,-0.00518961668889477,-0.004368009104382936,-0.006837051148974876,-0.004600082959597362,-0.005337560616697618
2021-11-26,0.02181369408467951,0.01867226064015649,0.028829409853915192,0.0195344079801776,0.010263899686937004,0.008401186886140815,0.013969224714448445,0.012765254746984058
2021-11-27,-0.006326986326127556,-0.005110278355800656,-0.006989368845007484,-0.00402258539674569,-0.003950646610595519,-0.00627206280924412,-0.004062760296288681,-0.00526918012855305
2021-11-28,-0.012256153972300864,-0.008689952113062735,-0.014431970375360585,-0.007578298947840583,-0.0059016744176914855,-0.011691400790971206,-0.005833633724930347,-0.0061086068702890265
2021-11-29,-0.005999190966166951,-0.005933612290397263,-0.007525905717273514,-0.006610534049352212,-0.0043195959767961915,-0.0018031816058418028,-0.005289337983356535,-0.0042788966683188455
2021-11-30,0.0010227722242860616,0.0016743297634190613,0.0005007293639453336,0.0010232667691306909,0.0018584715531423741,0.0016516560749851022,0.0020943112507753594,0.0036452361015437257
2021-12-01,-0.002463072681587608,-0.0034922476622546903,-0.0014051986903522431,-0.0027386302913352365,-0.0041051211359793465,-0.0035358744715806205,-0.0045585090448186025,-0.006072294704309211
2021-12-02,-0.0018597230684948176,-0.002535639983988299,-0.0008727144632410802,-0.0014219305149203408,-0.0031046490193248444,-0.00300384385687278,-0.003313372932129015,-0.0046512979277556245
2021-12-03,-0.0029121287110246666,-0.004046079237365267,-0.0014962498475057538,-0.0026784286405175353,-0.004867621583177294,-0.004476701792121814,-0.005291220596058988,-0.0072688593338673165
2021-12-04,0.02259999215140058,0.017936288181289332,0.03027110960669912,0.015854639375195212,0.0065374786045278785,0.01672685923593257,0.009129050414327124,0.011404909465298397
2021-12-05,-0.0002510005850928284,-0.00034020095394845466,-0.00010915182842013615,-0.0001668177914744621,-0.0004270801501874632,-0.0004223498919369704,-0.0004493390824092146,-0.000641339175975357
2021-12-06,-0.011455733937994619,-0.008449927070745272,-0.015961183421190718,-0.0074629464145760365,-0.001912674758472176,-0.007903471599945679,-0.0031210221345746624,-0.003785969742409664
2021-12-07,-0.0025143575675541383,-0.0022324147275228383,-0.003230164715700196,-0.0010571870247042953,-0.0015721857455142454,-0.0014806878961022346,-0.0017444102479941938,-0.002353247221896643
2021-12-08,-0.0008420194051963176,-0.00113757588570988,-0.00036805474771499396,-0.0005565043777651775,-0.0014179170104262567,-0.0014105437823297331,-0.0014939164668446837,-0.002135394210994269
2021-12-09,-0.0007836513392652802,-0.0010590333649602292,-0.0003423790946441801,-0.0005177800110960409,-0.0013203892642555898,-0.0013135134859551647,-0.0013912671807495246,-0.0019899464238421565
2021-12-10,-0.00018315639306011133,-0.0002475874073912016,-7.998613121700544e-05,-0.00012098427908656993,-0.0003087695995071551,-0.0003071596018589984,-0.0003253673080087541,-0.00046565599751284634
2021-12-11,-0.00020104950213638027,-0.0003222258264649131,-0.00017778908438176853,-0.0004453765801123243,-0.0003389768352626058,-0.00017615513347954607,-0.00042348642876286575,-0.00048687211198725395
2021-12-12,-0.00020230627057777673,-0.0002881488080079968,-0.00011443086170317569,-0.00022430860843515493,-0.0003411428553402191,-0.0002926142652923776,-0.000378738950779092,-0.0005075528923427371
2021-12-13,0.000803389910588637,0.0004123200810720955,0.0014202145647717226,0.000550731152570992,-0.00032193223607029377,0.0002419758666263194,-0.00022621408180068127,-0.0004004531399086179
2021-12-14,-0.0019654279070767853,-0.0020835734407000255,-0.0022811732388234585,-0.0022628376130517736,-0.0015081212703067465,-0.0016200064225696553,-0.0019113456304114488,-0.002294006542958877
2021-12-15,-0.00590475695804537,-0.004522454350011585,-0.008139104891517436,-0.00412975450592456,-0.0012915591420051141,-0.004126941694412705,-0.0019727836281432224,-0.0023822693769136967
2021-12-16,0.0008392652448795262,0.0011573407936519109,0.0004092433345438594,0.0006995902490965938,0.001409825672318991,0.0013304606145589004,0.0015181517480691408,0.0021199497522514776
2021-12-17,0.0004901074527241517,0.0006548335473125592,0.00020183926265730751,0.0002796208111135713,0.0008228297196710713,0.0008429470348450785,0.000858674081408724,0.0012464666004107022
2021-12-18,-0.0027745633033440372,-0.002364365056481856,-0.004093316125600057,-0.0031182546732189194,-0.0007341483441544801,-0.0014124272571332669,-0.0013012248294225635,-0.0012116714692518831
2021-12-19,0.0007445168658700291,0.0008868716737885072,0.0011043865128675717,0.0015796423216439602,0.0005243009264634544,0.00021190923533865482,0.0008299184091652728,0.0007449831729559553
2021-12-20,-0.0013182379011571045,-0.0006251894226418506,-0.0019486365743866354,0.000962091709520393,-7.392467182729267e-05,-0.0006199591382544424,0.00013255212630702216,-0.00019432261437744863
2021-12-21,-0.014460637797873543,-0.011874960995348339,-0.019502270383026796,-0.010797944961281815,-0.004887241341501984,-0.010010421091753706,-0.006707624120924012,-0.008158941926426262
2021-12-22,-0.011563178510258044,-0.009390344415361719,-0.015021006777708859,-0.006687497193635025,-0.004421693738768991,-0.008761176197224212,-0.005483906067448187,-0.007354364760813114
2021-12-23,0.003407852437619475,0.003820137353804269,0.0015523382237409744,0.004468836732524581,0.002968029731344343,0.0076438181855002065,0.003621546418162321,0.005213094015343981
2021-12-24,-0.03634257177842676,-0.029727137840752538,-0.047883829504817205,-0.029130804713123397,-0.011380879569064098,-0.028983947893408354,-0.01620783452075928,-0.019916163619133793
2021-12-25,0.017602247683345323,0.013673177843440234,0.020297410518017638,0.01253763094561244,0.004553246292453019,0.02081015099337028,0.0063483980867302964,0.009385805758340157
2021-12-26,-0.001245080103162082,-0.002373058588230209,-8.849968923230112e-05,-0.0008687926482766708,-0.0036858581585100855,-0.0018161881746926905,-0.0038555005282580436,-0.005325872453078834
2021-12-27,-0.00806191874761374,-0.00560277185722176,-0.011123965630472828,-0.0038707312584460403,-0.0011333986988157972,-0.006236951158538529,-0.001690139085997534,-0.00250358611834933
2021-12-28,-0.03251198087973819,-0.020710134003111048,-0.04525996399024314,-0.010790296906080642,-0.0020022158760678896,-0.0259136750237544,-0.0032500816294676457,-0.006675648286915739
2021-12-29,-0.00020424331393537038,-0.0002697495028690962,-9.314820670554286e-05,-0.00013057176064031634,-0.0003203386038553692,-0.00033037816143989063,-0.00034065881160722037,-0.0004914212695934547
2021-12-30,-0.002855164653628357,-0.0016823095226490318,-0.0042328817471587515,-0.0009557684928530238,0.0001111531446568968,-0.00206079682987443,-2.058418232129311e-06,-0.00015251608336684912
2021-12-31,0.00038255353905282624,0.0006878933197300376,3.12602851957083e-05,0.0005157230741396824,0.000924449070958472,0.0006914651338452582,0.0010181771103144283,0.001379648258293194
2022-01-01,-0.00853329120554185,-0.005089487555814576,-0.005333307003463655,-0.0013307998510361653,-0.0011627807933674756,-0.007292048384708427,-0.0013730738457476254,-0.002663561328752356
2022-01-02,-0.0003385627784799418,0.0006257612034044383,-0.00021092098367177855,0.000269904252458293,0.0013097431526055293,0.0005789782562014745,0.0015022747781170207,0.0018572576488341355
2022-01-03,0.0029647638951727853,0.0009551990382659848,0.0018467803363739562,4.007708097627651e-05,-0.0009243691742635017,0.0006899405305469846,-0.001051673167211425,-0.0011462138457622646
2022-01-04,0.0014650996351130874,0.000813878360906566,0.000913643266025807,-8.264380690677843e-05,0.00012062291121044661,0.0016563738478216484,0.0001344400956132381,0.00041047456785835287
2022-01-05,0.033830810052968376,0.0219965188577524,0.02906811040237925,0.012528105258689248,0.012212541914755118,0.0257891537263653,0.010650535175130278,0.009759683068518042
2022-01-06,0.0040147749012602275,0.0025781766598787738,0.00246064757779315,0.002766172658729369,0.0006773862165708938,0.0014608425552054358,0.0009003042827503263,0.0012154234053301553
2022-01-07,0.0481659138183774,0.031353076873673946,0.044952684505976254,0.017110951554021273,0.0193855849329886,0.043124107052423644,0.01572887732647373,0.01280429467305615
2022-01-08,0.008137786019399433,0.005557403309404402,0.012698469307730633,0.001580125307468072,0.007003315212251524,0.008828553594618125,0.004363252236985427,0.00030629855729083125
2022-01-09,-0.019393738855619767,-0.012342113463991935,-0.016148285760164763,-0.0060970531300892855,-0.005986980441307875,-0.020282817640170224,-0.005122578318496963,-0.005750710359341469
2022-01-10,0.015933620782935184,0.01206290370115813,0.018113222035996468,0.007067885435481343,0.011134310946802126,0.007369386388685023,0.00904054439787504,0.0049586393909303
2022-01-11,-0.034923147820302314,-0.024239054109891633,-0.033131125647334225,-0.015599373146208722,-0.016564659530308088,-0.02373476757668917,-0.014003957889220047,-0.0103976875717354
2022-01-12,-0.015167469010939802,-0.009140437700765666,-0.016062233060394747,-0.003796263817321677,-0.0060835067780763115,-0.004452789699060033,-0.003908320631624044,0.00018039936871832934
2022-01-13,0.003316883061675128,0.0027814661805279396,0.002346935150299467,0.0011936517654168176,0.001893641034530058,0.0016926860239265956,0.0020752896875544415,0.0024553860772243002
2022-01-14,-0.008785305703760654,-0.011442766542534564,-0.008882336421315948,-0.005686743211884131,-0.013429140972287422,-0.013207043477765561,-0.013938038761386124,-0.015653261555141514
2022-01-15,-0.00017188773845601876,-0.0001992474207166595,-0.0001235121289567238,-9.86201042280116e-05,-0.00019006019277036874,-0.00018262050868088933,-0.00021324737758779874,-0.00026494372764604716
2022-01-16,0.0007742011821988336,0.0007714425346586311,0.0015931414499837624,0.0002755804934898532,0.0013125604041064028,0.0012976418457831226,0.0009786085506602517,0.0004616386674173517
2022-01-17,0.0007280227598149905,-5.723713003935021e-05,-0.0002515489070056796,-0.00010666219603210467,-0.0011796352066903775,-0.0012919460521299692,-0.0010152745814993162,-0.0008378286530047492
2022-01-18,0.0014749787025101612,0.001000134865365218,0.004962738931370516,1.3706553435236452e-05,0.002964921557044469,0.002979044190567779,0.001448922956729744,-0.0010704669811573912
2022-01-19,0.005847360485407092,0.004835094010227024,0.011623179965157318,0.0016489761221659487,0.008018153024354699,0.007730986910976916,0.005394022045868624,0.0010988433724416539
2022-01-20,0.007072038596627116,0.005993087660680603,0.013070966135052084,0.0028610927174780587,0.009287847899317943,0.008562205234741703,0.006551385111481849,0.0019500114036010874
2022-01-21,0.11079524994252354,0.07151447334881075,0.09534187854794549,0.03713347728718014,0.039157073587187376,0.10122070889407753,0.033128778536289975,0.031577023330137434
2022-01-22,0.07099339446990038,0.04335520267402185,0.05865362712060942,0.011954594318056488,0.018099647748920235,0.06411275254382924,0.013934289335829138,0.01431925480335656
2022-01-23,-0.04592115730890749,-0.02830420515018447,-0.036996634434439034,-0.006808878808321832,-0.010521977391542014,-0.038012494014395944,-0.008132381938104167,-0.008781943559560306
2022-01-24,-0.002273059196962885,-0.0005935064535565581,0.003965783564323864,0.0003374133812146617,0.004784958249170935,0.0023765632649278075,0.002738203608655935,-0.0011005380922261168
2022-01-25,-0.0009916988106491455,-0.0010351365529141573,-0.0018246521363391652,-0.0004440629858349063,-0.001659696247770409,-0.0015042952017239172,-0.0013107904034911405,-0.0007441740620198386
2022-01-26,-0.004433320011349906,-0.003935890989506731,-0.010794629499900345,-0.0011374758755724162,-0.008075835959479933,-0.007423852931673967,-0.005205014150130957,-0.00033084183251950983
2022-01-27,0.0008468619906989963,0.0007082591262395427,0.002181519712461269,0.00017110591606753713,0.001548327871171478,0.0014254755468945375,0.0009378313282960484,-9.768107276184782e-05
2022-01-28,-0.0012841133727776852,-0.001125655913128541,-0.0031763571917775286,-0.0003064355287860962,-0.002346115457110172,-0.002160227527051973,-0.0014901795324116195,-4.49795497220731e-05
2022-01-29,-0.0024802495208458945,-0.0022549513813191688,-0.005946369292270537,-0.0006648692810792134,-0.004536317534873656,-0.0041761169222542215,-0.002986267016562264,-0.00039040595525752507
2022-01-30,0.0010440779821206812,0.0010258258915885078,0.002321445013418734,0.0003489308249656144,0.0019135380074823496,0.001760958729589047,0.0013595135865866385,0.0004509933300383345
2022-01-31,-0.0030336760776943747,-0.0029686713797338654,-0.0067663829046733116,-0.001003660305677535,-0.005555156753854654,-0.005112985323367606,-0.003933030146569967,-0.0012662216144671186
2022-02-01,-0.0009838443952442377,-0.0010811796101142023,-0.001288218277428123,-0.00038759103982502805,-0.0016397406587403962,-0.0016397406587403962,-0.0012323696141079558,-0.0004232896493726601
2022-02-02,0.004710089640746564,0.004412021940976449,0.006783318754820468,0.0013421304882402674,0.007855306741605117,0.007855306741605117,0.0050297515758701145,0.0005395307364647692
2022-02-03,-0.0005365950181814874,0.0012171951500925078,-0.0021496261802527866,0.0010026747630749063,-0.0008921198217877645,-0.0008921198217877645,0.001386762435696209,0.003293742637117001
2022-02-04,-0.009592466221816172,-0.010463525383763292,-0.012609505070506054,-0.003740842119753479,-0.015953697168932957,-0.015953697168932957,-0.011919178991344738,-0.004002234445498128
2022-02-05,-0.0010297270653321588,-0.0006485042338309484,-0.001741102695776764,-8.15460448065152e-05,-0.0017236599655425567,-0.0017236599655425567,-0.0007398104520004675,0.0004929166842438612
2022-02-06,-0.0029172817362414357,-0.0036824860113056058,-0.0034469521856852954,-0.0014627479892878011,-0.004886631909226878,-0.004886631909226878,-0.004201345853842862,-0.0021720006362650804
2022-02-07,-0.0033091225579826053,-0.002386425459970354,-0.0052479845419612,-0.00035086705509594125,-0.005340365535208367,-0.005517644440702691,-0.002679539120129953,0.0008985241925888591
2022-02-08,0.001986377142056557,0.0015963702601845156,0.002481127497424311,0.0006446589490287865,0.0022352877522303187,0.0026955433654595735,0.0015928342559602023,0.0005958231970582244
2022-02-09,0.0004686435464408206,0.0005759368678841138,-0.00016655794173702675,0.0005461917503038655,-0.000545593284384503,3.36040746007731e-06,0.00038003772149308225,0.0013793366056299218
2022-02-10,-0.01116489068783208,-0.004278693698507924,-0.011615623772161835,-0.003099259397123426,-0.0014258103939156475,-0.008647105312432435,-0.0012751141704883465,-0.003137176876966962
2022-02-11,-0.00933211722420016,-0.0029277562128343913,-0.008910680833406298,-0.002456702836701183,0.0011981962245758923,-0.005952205469996117,0.00014959362079256726,-0.003177934340799165
2022-02-12,-0.0010522452363187368,-0.00018187600319417125,-0.0015755370609371907,-0.0001481379992232038,-0.0006826924666285562,-0.0010624279627006632,1.2648783006510277e-05,0.0005046203102941548
2022-02-13,-3.697853624694164e-05,-6.530400925651878e-05,0.00023820067082530602,-2.489288185011567e-05,0.00036057577927513896,0.0003623504287233916,1.3050089344071475e-05,-0.00032064458927195656
2022-02-14,-0.011912159624934285,-0.005494294163610383,-0.012745706977893278,-0.003798682012197694,-0.0039359248067961814,-0.009047248262256004,-0.002972379419722039,-0.0032683140759101363
2022-02-15,-0.005848613287689429,-0.003145357027649943,-0.0067214992464042006,-0.002451424502880273,-0.0033807537056007248,-0.005219997874905471,-0.0022765240847785195,-0.0016324470416235438
2022-02-16,-0.0030119467250323472,-0.0016926977907172165,-0.0033493237596848523,-0.0005932921241685272,-0.0015381147568532692,-0.003196769317872657,-0.001213891750950268,-0.0008415274031953435
2022-02-17,-0.010709017529842999,-0.004741291037833559,-0.012024250584494606,-0.0013633308747496018,-0.003782279021381809,-0.01053690011812605,-0.002525142663390592,-0.001764377704221181
2022-02-18,0.004050010315162059,0.0016439677316162791,0.004226688321910062,0.0009540013483214153,0.0006773702999206023,0.003332373041594064,0.0006370153259230657,0.001141854343176356
2022-02-19,-0.006334364478631893,-0.002249828341830531,-0.006739452159121833,-0.0020475714298195053,-0.000866117005720519,-0.004691073363951038,-0.0005890512707756568,-0.0016341476386544014
2022-02-20,0.030201236389518164,0.012002671887884222,0.03141390655431121,0.008895899824997257,0.004822359843639926,0.022922143708001566,0.004429758578707704,0.008944632583537632
2022-02-21,0.03694294367711846,0.014953200726361818,0.03833822564978398,0.01259590334339985,0.006305666451000415,0.02672695362842752,0.005621044374559755,0.011534113563412815
2022-02-22,-0.028317898006283985,-0.011019373412808477,-0.029416300194014998,-0.008286984861253267,-0.00387514977052808,-0.021210979704516866,-0.0034205669989864004,-0.008056529583045044
2022-02-23,-0.013044380276426347,-0.005022216971531082,-0.01307390572801601,-0.004801477052917719,-0.0018651097204986163,-0.005809439755046128,-0.0016093082559716734,-0.0035894540475267626
2022-02-24,-0.029652595035921353,-0.01224365257433184,-0.03036261764166376,-0.0090323662354362,-0.004641775173256872,-0.02186547619808484,-0.004735553732935632,-0.009509037641208806
2022-02-25,-0.0013433639961988929,-0.0005007482668429151,-0.0014573746648954978,-0.0003052395340955025,-0.0004850800395687224,-0.00034506701650535926,-0.00021932269134953902,-2.908550892951171e-06
2022-02-26,0.0037235033083473173,0.0011464954843838412,0.004455295441481917,0.0016570575394549134,0.000439632985074352,0.005211674358742741,0.00013823956801513437,0.0013244728993589542
2022-02-27,-0.005573210569875804,-0.0018967483376192086,-0.006622975879972963,-0.0029592123478988596,-0.0009098714932956321,-0.007576085096574034,-0.00045819081423143084,-0.0022868638243670795
2022-02-28,0.004666138577414026,0.002644321748468118,0.004194430828934504,0.005309075349922214,0.002267087840567205,-0.002493153993639632,0.0019065864751473612,0.0026471933286956835
2022-03-01,0.0005296361219952362,0.0005591487517370481,0.000557578323776244,0.0004077070512830414,0.000352967532400994,0.0016117454306077879,0.00052750826329801,0.0007182679833325101
2022-03-02,0.0009545167853752072,0.0007128773069328446,0.00022575168433672176,0.00043662951147967704,0.000385424162489533,-0.0018298495933006397,0.000585473723260698,0.00024541017932408417
2022-03-03,-0.0032230378982806623,-0.0016010596925423758,-0.0028468581943004337,-0.0012457986883109102,-0.0008459074128263855,-0.002507158663728632,-0.0009629886581592241,-0.0015173465534935578
2022-03-04,-0.011729488880566106,-0.004228180742055027,-0.00961756221691326,-0.0021915762292841214,-0.0013827267085552784,-0.009070514973606933,-0.0014016341630549189,-0.003225135307342173
2022-03-05,-0.0007319786750353005,-0.00140253295640996,-0.00046195509138772644,-0.0011023395079220058,-0.0009913337516264968,-0.0010946928655042342,-0.001530364392278668,-0.0015042599499225063
2022-03-06,-7.148250277597917e-05,-0.00016327815553348433,-4.2154599910224704e-05,-0.0001301181512747056,-0.00011774085813598437,-0.00011897830344135687,-0.00018277815174236848,-0.00017710778982048709
2022-03-07,-0.004347033667210266,-0.009934754809252573,-0.0025550410101136413,-0.007908794770876122,-0.0071604537242851395,-0.00724363377274565,-0.011121460380149271,-0.010772693456357098
2022-03-08,3.3039032642529786e-05,0.00012498071945747264,-7.201023398589449e-05,1.1321332330551718e-05,5.4576261903643596e-05,0.00014161246862489903,0.00014007755403450505,9.531575324250044e-05
2022-03-09,0.002016467280989973,0.00030618471210943715,0.000888878100648284,-0.000841829354576473,-0.00046606882175072474,0.002014005407414802,-0.00036035689760451685,-0.0003323773620892405
2022-03-10,0.0026757103969020737,0.0006319968483470896,0.0018288685700608856,-0.00021392364073405997,-0.0001346486114824969,0.002268948030378321,-0.00013702866317379466,0.00015685404385780405
2022-03-11,-0.01230630371415904,-0.004287987121999739,-0.00996843124519832,-0.002001027140897482,-0.001251117069046228,-0.009778816342813754,-0.0012584924466031557,-0.003166764770303638
2022-03-12,-0.0027699140980940507,-0.0009548799674480693,-0.0029535524140109474,-0.0008331373761491556,-0.00044138728359472687,-0.004005032346133276,-0.00030211762544890623,-0.0011976898628636588
2022-03-13,-0.0020125613968361117,-0.00029140204177000766,-0.0017772432029094743,0.00022084524205831965,0.0002054223255884569,-0.0033443939434701017,0.0003276107362607391,-0.0002174157611471954
2022-03-14,-0.011117187055181303,-0.010931912950085226,-0.008730794532438132,-0.008439919138512391,-0.007003465316367734,-0.011523634356486297,-0.010148325571829741,-0.011249244209285972
2022-03-15,-0.0026278634906755733,-0.00232154806753331,-0.0019680228085545174,-0.001943436974102527,-0.0015189359055134083,-0.0007228628517611569,-0.00208430156369871,-0.002185381031318605
2022-03-16,-0.0198886499708904,-0.007350252306580686,-0.018015010099867907,-0.005753528402017127,-0.0032965587906255913,-0.014482064187212386,-0.0028058336516571564,-0.006662205830119231
2022-03-17,0.0019512881680397475,0.0009368790167612401,0.0016259733628500737,0.0008771425064196598,0.0005515576163379284,-1.534687863086694e-05,0.0005674884174291149,0.000755474088863148
2022-03-18,-0.0009222148612671168,-0.0010588158307453007,-0.000663486760646376,-0.0008531469328726619,-0.0007088050934571377,-0.000618817127432639,-0.0010354186728459165,-0.001064581614891729
2022-03-19,-0.01059561099352925,-0.0026494336786573457,-0.008069817048881281,-0.0016189517954194488,-0.0006190798019703499,0.00044738110243471843,7.282339154232202e-05,-0.0007847921849775984
2022-03-20,-0.008911388009396611,-0.0037008379846171307,-0.00791287401334545,-0.002681178641461075,-0.0017064038439708821,-0.007759225042368491,-0.001793825402603785,-0.003488204737732109
2022-03-21,0.004356758566145154,0.002042579444377348,0.0038647689438913013,0.0011468253788522154,0.0008621725510748917,0.006449000563890314,0.001139847534290835,0.0021330324290936816
2022-03-22,-0.0064112652294488265,-0.003996591442438286,-0.0052509100201635515,-0.0028691186624902145,-0.0021938534942803453,-0.005728476520928244,-0.002953422306091096,-0.003860445017766151
2022-03-23,0.0022089375334924167,0.001481482544253397,0.0020857902262119187,0.0013943424937360258,0.0009725188519217465,0.0016781881276568998,0.001174497883660652,0.001586195897520522
2022-03-24,0.01720939123616914,0.008832649212343445,0.01568800640658258,0.007509630379839784,0.005006020721615145,0.013541136147097633,0.005670204623658824,0.008881846179560136
2022-03-25,-0.01125311865529397,-0.004882100395533584,-0.011051215932559028,-0.004865691896676065,-0.0028749170109732347,-0.007871221274826697,-0.002623840312668999,-0.005104837668674257
2022-03-26,0.009693575839089868,0.00331005799854993,0.009631572814091202,0.0034403664392000516,0.001779836402418399,0.006361401719116328,0.0011530991908274663,0.003383127856814234
2022-03-27,0.036351528963292384,0.021961147791281502,0.03399697919269141,0.0199534455034446,0.013713505593371715,0.028906017149063445,0.016170836350847047,0.023086565184570872
2022-03-28,0.0022575249549328944,0.0023709891586151774,0.001618776750455143,0.0017715800358461499,0.0015130501189367452,0.002042408475811642,0.002247339910775403,0.00236042370005079
2022-03-29,0.019364319974942413,0.00823569625764232,0.017351829380786665,0.006436978161763024,0.004047784985774519,0.014813374555678138,0.004101846418786083,0.007698852953975301
2022-03-30,0.0037304593447880503,-0.000370197862596863,0.003784013036591932,-0.00020323884157060008,-0.0006838864615164234,0.001842390658302574,-0.0016845330131955464,-0.0006498885964785554
2022-03-31,-0.03201197517208681,-0.014150111165515327,-0.02792619331135891,-0.0102722696762796,-0.006728669497644243,-0.025380259656920784,-0.007272613285636746,-0.012912838532499688
2022-04-01,0.023417355586535796,0.009126232408945273,0.019451756833173572,0.008460046731649138,0.003801863314100817,0.017498495977188815,0.003520066565079567,0.007757289870614427
2022-04-02,-0.012414018601282061,-0.00544284785249418,-0.00907246114481088,-0.002998475169119122,-0.0021145949165931746,-0.009664793761307328,-0.0025299186775680983,-0.004307230857638154
2022-04-03,0.016947218885650123,0.004762870240400462,0.013055368840032826,0.0035388726583472645,0.0007511353639810634,0.0108709946437975,6.084453781670745e-05,0.0026498294463102854
2022-04-04,-0.015328860451441877,-0.006462286537615727,-0.011184019855133662,-0.0035145552896494493,-0.002365416971632033,-0.010224382684468574,-0.0027764118322135614,-0.004734525518881271
2022-04-05,-0.015148433319433538,-0.006799593317485548,-0.011646599135059759,-0.004637142306811708,-0.0029285782774427054,-0.011979589992928119,-0.0033433924473159475,-0.00575794474593131
2022-04-06,-0.027641787974712076,-0.011206648289570664,-0.023133975612133952,-0.010540379798085326,-0.004915931935829441,-0.02451135805622454,-0.004683445187794993,-0.010325917815510902
2022-04-07,-0.0012590088361339315,-0.0021489683255672036,-0.001509284731775745,-0.002107020442144421,-0.0018319996331769882,-0.0013298000832548942,-0.002366990361319182,-0.0026874034420767945
2022-04-08,0.004110267156910721,0.0020879463517064927,0.003828332060947257,0.0023872098473778835,0.001247355457002866,0.002891615633314817,0.0012910735218487081,0.0021256415543114524
2022-04-09,-0.00840909145422481,-0.0035210628349485987,-0.006849185000119954,-0.0030296713208851013,-0.0015638681541974755,-0.0062939015822067465,-0.0016050528303951728,-0.003059176082676543
2022-04-10,0.003933350056339314,0.0016554110613091679,0.003971182231606385,0.0025350521376022697,0.0010093965129839805,-0.00045406884435719686,0.0008414351783151286,0.0013072496337255654
2022-04-11,0.027280233347153866,0.01150595323731334,0.023382649576442583,0.011598509008305516,0.005583976140079332,0.01323376319167997,0.005468155276032047,0.00955272848470461
2022-04-12,-0.03383655486253184,-0.0137016519729054,-0.02756618500706457,-0.011865974248307595,-0.005802509125429409,-0.02597102557958373,-0.005721846047196044,-0.01171197377866587
2022-04-13,-0.004766802585025095,-0.0025656773698459466,-0.004037057890388688,-0.0023007671178895944,-0.0014701165993413635,-0.0005375551764268033,-0.001694252455521133,-0.002083533987464693
2022-04-14,0.0015925432851287371,0.0003573766514431578,0.001093364293788576,0.00011245008367037257,-3.118209476592632e-05,-0.00013196421533502223,-9.042053483506411e-05,-6.184046872597138e-05
2022-04-15,-0.0012938834729245916,-0.00043243310826697695,-0.0009724961146045019,-0.00029397280456988043,-0.0001265575518255957,2.5372863281072445e-05,-0.00011354083224828048,-0.00016901613283908432
2022-04-16,-0.0002851726595904371,0.00018464645183466913,-0.00023597165749469158,6.898342318268491e-05,0.0002118968444837479,0.00027393833810433337,0.000333073855758457,0.00032924349563531914
2022-04-17,0.003656065336438453,0.0011502227477133706,0.002755906201673147,0.0008011189142988983,0.00029814200004508486,-0.0001407477724181832,0.000230848986307671,0.0003862992070977326
2022-04-18,-0.006281791103179059,-0.00332098954215703,-0.006160404469416888,-0.004180097142328892,-0.0021358515851465586,-0.0030774644678300254,-0.0021796420238732613,-0.0033640296288093017
2022-04-19,-0.0053669663788670306,-0.001981894999932995,-0.004624381635074008,-0.002167865520258086,-0.0008806984355611483,0.0001570480470860528,-0.0007501962130262059,-0.0011803020706963698
2022-04-20,-0.00028085356238827724,-0.0005869768209290653,-0.0001733774538666293,-0.0003008736166454776,-0.000449764886937386,-0.00046680183856612293,-0.0006550139098492515,-0.0006829697878788676
2022-04-21,0.0001322135156735431,0.0002764075324194066,8.160971302688837e-05,0.00014164091393550898,0.0002117653244408152,0.00021979067418417909,0.00030846721421982253,0.0003216415381280222
2022-04-22,0.00012780974550656706,0.000267162427208562,7.889544711389952e-05,0.00013692184517090123,0.00020469555944189444,0.0002124512790207383,0.0002981402413061283,0.00031086941637517915
2022-04-23,-6.646355909390183e-05,-0.00013891031496791035,-4.102917708679665e-05,-7.120137983286038e-05,-0.00010643749860865667,-0.00011046945735257079,-0.00015501233725474114,-0.00016162857248587043
2022-04-24,0.0021769260161519943,0.001606757617216881,0.0014567944999925742,0.0007864813282556972,0.001185633165789552,0.0022980736742535717,0.001349592761621693,0.0013923519047732186
2022-04-25,-0.025440587289009744,-0.010702744899441487,-0.019394305849787914,-0.007828174145858367,-0.00789184101868151,-0.019538056360748658,-0.005624184645762157,-0.006192884535810435
2022-04-26,0.02780237627280904,0.012194888713672771,0.02373990326238585,0.012391955426667186,0.008198126187585043,0.0029358715891974526,0.0068409386033056905,0.007513908505670638
2022-04-27,-0.01566793063084783,-0.007538586545728207,-0.012807349620668457,-0.006694194665312509,-0.006388183829059069,-0.006925324682223562,-0.00485489716474957,-0.004338867784491452
2022-04-28,0.006015269758513031,0.003670065666195557,0.00525024543911408,0.003429896766612314,0.0025585975424028814,-6.0461314214268844e-05,0.0027776197735432857,0.0029449243542047157
2022-04-29,0.05525453570792899,0.02519748779237215,0.043458758062029874,0.01999818748384888,0.01761617277837364,0.041431695455933726,0.014558177356023754,0.01767164206481641
2022-04-30,0.08331310940294215,0.036607397553643235,0.06519350860450009,0.02833469325392639,0.026559641282546877,0.07165810001856932,0.019764498092037296,0.023984477020419826
2022-05-01,-0.017641274351465386,-0.008170465966294511,-0.018922432678878328,-0.0029697725599657204,-0.007948206366104788,-0.018455950583882937,-0.005533844256710639,-0.0021351827236901267
2022-05-02,0.0009901652648186528,0.0012139998915845825,0.0013402799759532197,0.0002952426130938603,0.0020396759070242312,0.0018781410335135,0.0014095152381475877,-0.00022945815466408578
2022-05-03,0.0035673555136028472,0.001451594669717259,0.0037782646051911276,0.0006992170109915006,0.0011633299953063164,0.003310150158866024,0.0008333839740357568,0.0006279994569758509
2022-05-04,-0.013934941968129581,-0.008633203431828667,-0.015629884304401005,-0.0030761244831027626,-0.010582784156671084,-0.016643819730764682,-0.007511729532703628,-0.0012440506373684445
2022-05-05,0.004066752316272989,-3.775779331684955e-05,0.0053161609194634805,0.0013323179807525093,-0.0016521881216220763,-0.003692607091378664,-0.001303779250871209,0.0007426048920045357
2022-05-06,0.003942187085118234,0.0019886310912859517,0.0041222226889905435,0.0012832722323504672,0.002014191260567622,0.004535254754897653,0.0014520870252558678,0.00097865510691096
2022-05-07,0.012131348085544105,0.005465905759507881,0.012520061595184966,0.002900699723270149,0.004844154716705161,0.01335780232261221,0.00352522711826039,0.0026303637039507277
2022-05-08,0.021887461883058325,0.008752354435362274,0.02280076992087576,0.004851730519153648,0.007069506077516308,0.022038940240790013,0.00484929329635283,0.0042152289213439305
2022-05-09,0.13055818791821483,0.05334567772093687,0.13569162024943715,0.04685601619398428,0.04200923305679612,0.12223292523435125,0.029806452518940072,0.038500279795719655
2022-05-10,-0.054822949805203705,-0.019376622788020676,-0.055253544237404285,-0.010605650347518293,-0.010421998164391762,-0.053134637093591265,-0.006949806608787985,-0.01210740546933775
2022-05-11,0.051015172944427686,0.025720920206064084,0.05782491939465025,0.0055362627158649525,0.0266058469856426,0.04459285486154696,0.018737879439278377,0.0018196119183941566
2022-05-12,0.0009075684327787876,0.0019398466274870832,0.0022538130923099977,0.00024312319805165514,0.004545588908707491,0.0014301176573370909,0.002715961043567801,-0.0019977279408876893
2022-05-13,-0.012031093943252724,-0.006474471379802769,-0.012585816083701849,-0.001223732682412319,-0.005911926590982838,-0.012867909356370853,-0.004721106545678811,-0.0017159440469063664
2022-05-14,-0.0016949066281750098,-0.001782981198788054,-0.002204552666891252,-0.0005724974745257255,-0.0029977920345604083,-0.0028165154927042376,-0.0020111989485139823,0.00037199319572486957
2022-05-15,-0.004144601395859669,-0.004917982180130794,-0.00505537526001067,-0.0016083287185986266,-0.007372925168493119,-0.006962827038858738,-0.005555366757955653,-0.00021339821622363248
2022-05-16,0.005031305629438001,0.0058411560385996635,0.006244284252810201,0.001633109646744043,0.009030001446270993,0.008610551492715769,0.00661070562472293,-0.0002488856234773047
2022-05-17,-0.002358023599251184,-0.002602091205364375,-0.002991830988842231,-0.0006995042595839006,-0.004181933900041288,-0.00400234350721376,-0.002937189440092555,0.0003683994636490015
2022-05-18,0.006920957681322555,0.007981915566166965,0.008611594373674552,0.0022392822245137383,0.012386270707622632,0.011810117259976943,0.009028225429120643,-0.00042938494206239066
2022-05-19,-0.0035535896234968715,-0.004062603707609265,-0.004426028198823079,-0.0014874435253354643,-0.0062912871000493625,-0.0058562757003443175,-0.004584708854697545,2.18730880492154e-05
2022-05-20,0.0023488625251723333,0.0028947380472644497,0.002824714202254253,0.0015831279098718462,0.004207469224661365,0.0036712605444518772,0.0032749121890868808,0.0007201284875621622
2022-05-21,-0.0015623990520927393,-0.001923100094680691,-0.0018664752329704672,-0.001269246565612941,-0.0027559097091809743,-0.0023213381258512895,-0.0021685821118273213,-0.0006622048079818132
2022-05-22,-0.002499654902729577,-0.0031130064315352964,-0.0029547145054881602,-0.0012922218461328349,-0.0044279236054624825,-0.0040771388935386885,-0.0035135603335218627,-0.0006224212876141123
2022-05-23,0.002463639421287378,0.00292897852060186,0.003020879958232463,0.0011130617987918571,0.00441764311923906,0.004080646102654262,0.0033145041360417315,0.00019791473364054208
2022-05-24,-0.002633417881566496,-0.0031872455322709686,-0.0031642281080259452,-0.0009741171791667252,-0.004666025366683189,-0.004451569396450525,-0.0035975040880852085,-0.00022919598558110462
2022-05-25,0.0010789769277092772,0.001215384680686799,0.0013718274291762203,0.00047668274001872834,0.00194771010458664,0.0017797479874584587,0.0013776082756880622,-5.8572312002064654e-05
2022-05-26,0.024652202695283704,0.01260585260033081,0.026126269187732785,0.00519579194554214,0.011789580757470563,0.02484348923545615,0.008897796139717163,0.004474712985792973
2022-05-27,0.01744916290009631,0.007955819480498108,0.018665307601702427,0.004722398135171382,0.006674445002369749,0.014817237053956893,0.004909045864025813,0.003769476378313129
2022-05-28,-0.026047858706357077,-0.011357172503853784,-0.026514479026063974,-0.0067181995390067995,-0.007983428329096305,-0.02466099288420204,-0.0062824112747788576,-0.007110645059109952
2022-05-29,-0.01039218037346843,-0.005053561369679645,-0.011424249146930888,-0.00277082967627648,-0.004907170230995201,-0.008927373126973599,-0.0034576458240678787,-0.0016822531412515574
2022-05-30,-0.010298479021283427,-0.007124717312719249,-0.01279728922170794,-0.004586936662571574,-0.0096173394354037,-0.007945349068412481,-0.0066771039884308695,-0.0009776229763926736
2022-05-31,-2.861971798071575e-05,-8.080707108958803e-05,-5.352618297190829e-05,-4.908680357677471e-05,-0.00013066830347279094,-2.8146573711174116e-05,-0.00010554281761515687,-1.4816732770850364e-05
2022-06-01,-0.00713324998648379,0.0008311699528902119,-0.007561202576106941,-0.0006231259184500079,0.011274305090105555,-0.0016453916842098504,0.004457072768511055,-0.005203491041231856
2022-06-02,-0.013366198817458772,-0.0046346661240845004,-0.014936756391013271,-0.001927281679115078,-0.00548504407067627,-0.013540013958347323,-0.0025592522147471126,-0.001674497506037701
2022-06-03,0.00836215610470749,0.003712962605843974,0.010629673278444895,0.002692857915909476,0.007698050687240311,0.0044725876970726575,0.003144367291689079,-0.00016387296386398685
2022-06-04,-0.003921081417398657,-0.0020924978896489435,-0.0047367601455608165,-0.001619546043196362,-0.003547405924643424,-0.002655138547709384,-0.0018511142858135654,-0.0006041630405973153
2022-06-05,0.0016254619231692146,0.0009848027381162625,0.001795303838205909,0.0005911856439525287,0.0021965392554682134,0.002447347320852198,0.0010112062656061865,6.275280822269026e-05
2022-06-06,-0.007589152308797495,-0.005200900485206811,-0.009413946773713046,-0.003732764972768562,-0.012083059366710879,-0.00682577718778448,-0.005647407287062464,0.000201787065636106
2022-06-07,-0.0008067385413126683,-0.0014387712936944556,0.0003121025728529025,-0.0011833791093741929,-0.0006889538718788773,-0.005273561841073462,-0.0014976230805038035,-0.002358098051784309
2022-06-08,0.004225424142901091,0.003996841032008096,0.004614777745230576,0.0025474264442208075,0.005452397059065925,0.004061261682009798,0.004156531737830445,0.0019472487393052847
2022-06-09,-0.004330560953802761,-0.00208846341693452,-0.0046671278868021405,-0.0013381962646584903,-0.002000786135183001,-0.004464383367983012,-0.0015137742627819894,-0.0014732031156986188
2022-06-10,0.020932832565881923,0.011021916461146499,0.02265283001880157,0.007716658788806373,0.015970381292136,0.025219798558029916,0.009311245388075692,0.005781629711223521
2022-06-11,0.05528278905153738,0.0237574057458434,0.061720087064757075,0.017796363990309656,0.0260309888233117,0.05046338515391476,0.01613150815648699,0.015770807622723107
2022-06-12,0.07020320562068139,0.025170300677451646,0.07936768261753858,0.02154248009207492,0.026883716019459457,0.059547990233394237,0.01360439848692267,0.01789916750519641
2022-06-13,0.1178213461687909,0.03895534952497372,0.13117873586664933,0.03061970901204175,0.02737515441228276,0.09728749979983968,0.015256677587563203,0.03253533765804611
2022-06-14,-0.02407602967066349,-0.009911353096931644,-0.0273063279900148,-0.008083849702822877,-0.007592578438971796,-0.01511844797440218,-0.005193516472345903,-0.007571170269843244
2022-06-15,-0.02820317826111307,-0.012801056024952736,-0.03286166283512444,-0.008560366276647082,-0.017897405636741998,-0.019214671508281482,-0.008961599858671418,-0.004083637083217094
2022-06-16,0.009401060655004873,0.007247638251521958,0.010116839999690238,0.004758508132175301,0.01824785453921426,0.016492181641627367,0.008359726298378644,-7.475445100955618e-05
2022-06-17,-0.0040596617862802475,-0.0020317106591900822,-0.004248024143839883,-0.0011229639807753817,-0.004708308075887623,-0.00679347650045013,-0.00186906784277185,-9.20228731259697e-05
2022-06-18,0.0029494073687424756,0.0020349122439579734,0.0019245109186832505,0.0013407477699951581,0.007710038683192763,0.013568418708200613,0.002701810512882458,-9.09319801574271e-05
2022-06-19,-0.03402915847237312,-0.013493379436648554,-0.037976825982179545,-0.009606272063675802,-0.015148575157302772,-0.029811865924536107,-0.007725751415910218,-0.007794396921766668
2022-06-20,-0.0024922099666001797,-0.0012788429087087008,-0.0028595826308629186,-0.0008792726782182768,-0.00447030998097976,-0.004144186346867182,-0.0014403651511233613,0.0006985480908549802
2022-06-21,-0.0017807422377267912,-0.0016026952294342048,-0.0018632140527448976,-0.0011220140215170665,-0.00320048760717476,-0.0028747943868496144,-0.0018054131176941433,-0.00044970712261078707
2022-06-22,0.0012953438651552094,0.0011893054390719417,0.001341290951017841,0.0007395838304864545,0.0023314080395670147,0.0021473911189971544,0.001340007545924629,0.0002930829018255125
2022-06-23,-0.006098933337787751,-0.00437176815933391,-0.00665951218037515,-0.002868626231977996,-0.010965740420276798,-0.010102074406687705,-0.00492499274628097,0.00011610499345579006
2022-06-24,-0.004464900975619893,-0.0037685426357663763,-0.0047167980379786475,-0.0023802303530814496,-0.00806729107790383,-0.007425423880396299,-0.0042477924631817,-0.0006115793717191741
2022-06-25,-0.0042186353233770015,-0.0034726493831869925,-0.004481836736075049,-0.0022015085277772915,-0.007650014273651431,-0.007036793931490042,-0.003916154046925621,-0.0004721406846754753
2022-06-26,-0.014168808744775415,-0.003864649705071045,-0.015641127693258122,-0.002656132749969644,0.0014147312557830016,-0.009976144387834998,-0.00010582016328562746,-0.004823063944574861
2022-06-27,0.0003549005701111054,5.21386403041817e-05,0.00044491546798957563,6.156023909021436e-05,0.0006357475037256652,0.0005931237400398967,5.8602503452040886e-05,-0.0002488362489138875
2022-06-28,0.003574900991483829,0.002330050403834345,0.003969803733809358,0.0015513327418163966,0.006402064938195991,0.005953209834324399,0.0026189003677404682,-0.0003064175906009245
2022-06-29,0.0007986570908256261,0.0005851100995604671,0.0008683520950470347,0.0003791548106053284,0.0014262467921310658,0.0013268429907952555,0.0006574551308920129,8.659055854836169e-06
2022-06-30,0.0011609445359607258,0.0007970207083534956,0.0012670367868652685,0.0004050672613252271,0.0020719226816525442,0.0020023000683230033,0.0008955023511835534,-0.00013723677600051935
2022-07-01,0.00035447426897838863,-4.587396885675493e-05,0.0004231238712132998,0.0001428875508908247,0.0005907904482973143,0.0005345540711183168,-4.828113942778502e-05,-4.207928144926987e-05
2022-07-02,-0.0010566863639417132,-0.0003014153574635235,-0.0011688293088757608,-0.0003659422862800166,-0.0017607279988297601,-0.0017241202391397393,-0.0003172324587236171,-2.7870475965322784e-05
2022-07-03,0.00022629629396127515,0.0008339522424507748,0.0001080940425531916,0.00033627853648305315,0.00037733735566134076,0.00037897258757328787,0.0008777286877662538,0.0005425669893392695
2022-07-04,-0.0024641579843514678,-0.0007526293976892371,-0.002715372703487341,-0.0008417787083381245,-0.004108235506729828,-0.004040234559069512,-0.0007921023368370925,-7.974425611079406e-05
2022-07-05,0.00023039883795184768,2.9349011869213244e-06,0.00027045308995930377,0.0001283893133857718,0.00038475425902758823,0.00033343629199287156,3.088949133307317e-06,1.3715521238965037e-05
2022-07-06,-0.0019370534964490802,-0.0007353360753526928,-0.0021076601354528056,-0.0006996586053810595,-0.003234281015064615,-0.0031882930250201652,-0.0007739324897432473,-0.00015632415354675032
2022-07-07,-0.005354051757163561,-0.0008394746047973086,-0.0061062489275926024,-0.001558589290620981,-0.005655660654044563,-0.007430979282590519,-0.0006261868651765145,-0.0005404414810006713
2022-07-08,-0.0045536313142696926,-0.001399434592852289,-0.004921364499066895,-0.001263033448306383,-0.002030733687551604,-0.0029921599339246085,-0.0010375109462139205,-0.0011453360457861104
2022-07-09,0.003338281812587631,0.0002771946279265138,0.003821360514844718,0.00047196213035438346,0.00041141432213287645,0.0027194292259013378,-0.00010919944843335642,0.0005950326149285768
2022-07-10,-0.015469622198326944,-0.003768254364414676,-0.017452983162860116,-0.006913234636965843,-0.0022492325114844623,-0.010451096015528495,-0.0021280071544065517,-0.007258687261011312
2022-07-11,-0.017858689559585094,-0.002766632926778298,-0.02042093539689597,-0.006248593593915492,-0.0010478876516219467,-0.011800763025765456,-0.0006960530814005697,-0.006781052782842753
2022-07-12,0.009536611310726834,0.0027949972456645868,0.010772953364877562,0.004225495238077553,0.006028637700109714,0.0104904676410741,0.002196519956438225,0.0036568075430527883
2022-07-13,-0.017598901804429617,-0.002419756257417773,-0.020693308655233812,-0.00877932907229319,-0.008754071814521477,-0.019189081980693332,-0.000987508865323336,-0.007202470169005928
2022-07-14,-0.004885412867688364,-0.001536077845632954,-0.005582909017561871,-0.003484192755425265,-0.004696300422504598,-0.0056738225142975275,-0.0013625646744917686,-0.0024952286415659934
2022-07-15,-0.0017190792267978662,-0.0007244676985575253,-0.0019657000085405683,-0.002372539538278559,-0.002512048442481791,-0.0015458908848992208,-0.0007385281423433816,-0.0015406764079246853
2022-07-16,0.009238118154367118,0.0015671835260403567,0.010743480415075267,0.003736082732389899,0.001318000902425973,0.007943987507735615,0.0005946360441722742,0.003978447614047426
2022-07-17,-0.00859274247615143,-0.000981168466355882,-0.00991709562206172,-0.0030096228516779846,-0.002901730141618224,-0.006894260091931542,-0.00017417655367354934,-0.0024746970011678797
2022-07-18,0.07209396597722169,0.011877492931282629,0.08237455483775988,0.025108670897717452,0.017660609382040022,0.05240803951989232,0.004829296169936967,0.02365315293062952
2022-07-19,0.015194719765601635,0.003420200764599087,0.017211783825680484,0.0059862231749188526,0.004683207747970245,0.013565519080705893,0.001956305390012842,0.006002277628002121
2022-07-20,-0.038494657981004536,-0.00639569517972881,-0.043617230787510314,-0.013272878178311505,-0.012419744585342906,-0.031901139940075936,-0.00254893752601733,-0.012158587616978826
2022-07-21,0.00531798016620148,0.00014708795456217866,0.006134291628428688,0.000582538154589856,0.001847314675607704,0.005041859482797886,-0.0003918963574414354,0.0003860526826347215
2022-07-22,-0.013914097230242797,-0.0032160464395158063,-0.01561033106640102,-0.004224308101549577,-0.0038470548095231325,-0.01157964451464081,-0.001870052901591705,-0.004515917299077041
2022-07-23,-0.004738393248592062,-0.0006634175585982437,-0.005438138607378508,-0.0020090031563970686,-0.0030329844044967827,-0.0045096543156976955,-0.00032167997240039567,-0.0013253132815946487
2022-07-24,0.005071746694587566,8.321943422984138e-05,0.005878144476732549,0.0005108886848352502,-0.0004743968915516677,0.0034926295707830017,-0.0005995099962434929,0.0008674852558007279
2022-07-25,-0.025381411014212183,-0.0039614933156005535,-0.028813190456956468,-0.00576311213550569,-0.0036187167185842057,-0.019870003065673946,-0.001172527636545308,-0.00679460352612263
2022-07-26,-0.00020954331752988593,0.0026327990655719198,-0.0007501442625599454,0.0009125873118119968,-0.00012473865359852304,-0.0002214392812423319,0.002778406858424533,0.0018797224447386581
2022-07-27,-0.00109752231933647,0.0006533523503668799,-0.0014032189710736593,3.52086270514055e-05,-0.0017956482865819888,-0.0018306150649277059,0.0006852235636076423,0.0007006843958618557
2022-07-28,0.009050074482708345,-0.0005164175111269809,0.010709567928069411,0.001705622244727155,0.00039999536013977867,0.0062959382742312844,-0.0016444791904839595,0.001502882418732089
2022-07-29,0.0058642603778346295,0.0003400240242298831,0.0068007384978542,0.0014176542822787264,0.0006086901990360294,0.004260280377651511,-0.00033868205309894026,0.001423945741934661
2022-07-30,-0.01722191621988783,-0.0032440558218958713,-0.019840387468354256,-0.006065832487037099,-0.0032975943759385668,-0.016139703697923006,-0.001469371960296407,-0.006710186239466029
2022-07-31,-0.012232380473963704,-0.0032615991504372195,-0.013877879341512899,-0.004993637430214219,-0.0029222680730281655,-0.010530933902009348,-0.0021116382744543073,-0.005396289701688819
2022-08-01,-0.011246830127611629,-0.0008961772952364713,-0.018524983872477762,-0.00014744631557744604,-0.0012567280888769645,-0.008374734117833441,0.0004068398549274637,-0.0029527930376589185
2022-08-02,-0.019147344584665695,-0.002122287979065727,-0.032453423247194316,-0.00034058595279960166,-0.0011644102746286213,-0.015429601666470914,0.00011392050775045458,-0.0038764822301501673
2022-08-03,0.005059312173118889,0.00015146550654879882,0.00880470548262507,-0.00022587058181113256,0.0003344770642442474,0.003110743131348194,-0.00044852187984470833,0.0009122352995958739
2022-08-04,0.0036428966912447243,0.0012175101223224178,0.004807695566612889,0.0015182257359806384,0.002055186440211617,0.002050263011899271,0.000977912816944268,0.0030881631526826422
2022-08-05,0.004693674323440158,0.0003410659668589865,0.007675975939414251,0.00014161364585877346,0.0007517427943906484,0.0032805284848719182,-0.00017431443290628253,0.0015019974801073652
2022-08-06,-0.0018322977984590188,-0.0004377209604452057,-0.0028539369142587287,-0.00037692613578001275,-0.0004658698190865323,-0.0013273002324555563,-0.00026376909648129763,-0.000826512777190478
2022-08-07,0.011062541498922128,0.0051605769101363535,0.01679943565792341,0.004574812582233813,0.0033824508121931746,0.008934308645741159,0.004279220459387336,0.005897990574668515
2022-08-08,0.007441874322665419,0.006385600007143052,0.010355655945387548,0.005947720893453428,0.0034344532717110908,0.00676735619565676,0.006024076515077,0.005639456636635591
2022-08-09,-0.019942424257297885,-0.0033619490680624558,-0.03230482375528318,-0.0021407302612572996,-0.0031986052034539904,-0.014990040018591447,-0.0012416132033781888,-0.006533201907645653
2022-08-10,0.022249183788572297,0.0036870627134743803,0.036606336706539115,0.002288257995362762,0.00337657958242617,0.016725561105835385,0.0013477311893058054,0.007024649939904558
2022-08-11,-0.006101264677617261,-0.0007103960102396254,-0.009969704982289423,-0.0003398771928848826,-0.0008513116025795338,-0.004507248045226092,-3.471357043988442e-05,-0.0018160236797199946
2022-08-12,0.013901954126476773,0.0013002608132809952,0.02282603438966546,0.000505615366413993,0.0019024268244263959,0.01011178454840347,-0.00024854818871519784,0.004062553917687172
2022-08-13,0.0020949071718721138,-0.0011486858913029251,0.0035834906909228957,-0.0011734676882163,-6.480052488045415e-05,0.0015839032510436353,-0.001479687080536862,0.00014896149772268094
2022-08-14,-0.01554184906263661,-0.0055594900957839435,-0.02387789116531466,-0.004689495597197737,-0.003977525867545542,-0.012310324348980552,-0.004151732949844985,-0.007186213196615615
2022-08-15,-0.0181038995760629,-0.004766396022243666,-0.02799830679838339,-0.003974260562951662,-0.004369727742991818,-0.014739858411919163,-0.0030417823513270875,-0.008083923078262892
2022-08-16,-0.003447531162725016,-2.2702516891378905e-05,-0.006287560906351838,0.0002652658410410337,-0.0001341118506433061,-0.0008801106749331079,0.00040454060257255636,-0.00031142914390715887
2022-08-17,-0.02119108800071106,-0.003002641054746534,-0.03463962253155934,-0.0018998904031594594,-0.003530532998090457,-0.015512127306395194,-0.0007709676665877394,-0.007068451578253429
2022-08-18,-0.00110294972565384,-0.0006928572456984457,-0.001641849378727642,-0.0006337877910766105,-0.0004086502701093861,-0.0009323528376932348,-0.0006208596436910583,-0.0006917020639254796
2022-08-19,0.0038820393604579234,0.0006460224259480186,0.006583982053386002,0.0003517569676738177,0.00045736117413588994,0.002992590517377939,0.00023569694677562597,0.0010591449786447069
2022-08-20,-0.0020780251049210908,-0.00020285071157029718,-0.0034833213593979716,-8.818731103223453e-05,-0.0002844708413253062,-0.0015022598074151722,2.1100014827849107e-05,-0.0006064835449311851
2022-08-21,-0.002306041083526168,0.0006503268444048182,-0.0041613454177273634,0.000767107940476369,4.0670212845923946e-05,-0.0014438624120039023,0.0009657320237701259,-0.0001559560685583965
2022-08-22,-0.0016768852955493935,0.00014510865125172653,-0.002943885009023253,0.00024455083327433637,-7.758068009619658e-05,-0.0011491919482622495,0.0003505224625154888,-0.0002733701467994453
2022-08-23,-0.002715696142637949,-0.0003403161297542118,-0.004196011415780775,-0.0003729669810164959,-0.0008282483063436186,-0.001694866129048033,-8.823620439873704e-05,-0.0013735626592899825
2022-08-24,0.00020637835498474915,-1.8597452446428354e-05,0.0008066369106229787,-0.00017267317579056904,-0.0003173456696262552,-0.0005350042652518985,-7.206707263031142e-05,-0.0005097964179123017
2022-08-25,-0.0017856437155430495,-0.0007744330919975362,-0.0028558066765142346,-0.0006693714730402982,-0.0004886447640548422,-0.0011893330505619304,-0.0006286981188280132,-0.0008384461196509002
2022-08-26,0.021755205932218476,0.007042093810476477,0.03554311224956489,0.005872129632501445,0.005168256077024911,0.013381746505252473,0.0050994496776258285,0.008986891437356289
2022-08-27,0.005569247582980993,0.0016231655431923591,0.008785329565069671,0.00137927284551379,0.0013866364125638762,0.004153380106323653,0.0011177479916426782,0.0024888077318885433
2022-08-28,0.013345384460083536,0.005126396325760037,0.02050446707052936,0.004572300581832695,0.003939520917093101,0.01021086883586684,0.004015980977521982,0.006834637878510484
2022-08-29,-0.02718162629234004,-0.005999757936546677,-0.04215353985278086,-0.0053285719275608205,-0.007227325259293346,-0.019075471429389396,-0.003442041081244861,-0.012570183212225992
2022-08-30,0.007572097988982529,0.00193580862257891,0.012953811474023157,0.0013339455002659055,0.0011328310395928264,0.004184602367722148,0.001179191691997459,0.0021504175549897065
2022-08-31,-0.0031024660843839433,0.00046295012115834866,-0.005624294875783457,0.0006469253576682359,-7.231403363028733e-05,-0.001169726754781523,0.0008638296123643663,-0.00026955118353082236
2022-09-01,-0.004922576371526555,-0.0011584743038164061,-0.003145707544569748,-0.0007430781359644407,-0.0009755403050782929,-0.002629943212692424,-0.000543863101403205,-0.001711470893759559
2022-09-02,0.00022401408527028852,-0.0013160741963867348,-0.0006190834756625381,-0.00144120315303118,-0.0005586086785625815,0.0009317890712110275,-0.0014921515128445983,-0.0006150378815332076
2022-09-03,0.0013464393147058168,-0.0007726960096013588,0.0002562209380866964,-0.0009709058537152041,-0.00021854368099620815,0.0007369008184270865,-0.001056972718118189,-0.00018466378537905634
2022-09-04,-0.0020617751520552213,0.0008189830342297469,-0.0005692669609705958,0.0010493574655409577,4.6774791879718295e-05,-0.0011381217811873708,0.0012046640733483732,-0.00010778869852042835
2022-09-05,0.0005490263279188873,-0.0011157461916276768,-0.000338588219410986,-0.0012590137257995544,-0.0004478753400107258,8.919059967162053e-05,-0.0013165635384812862,-0.0005917991329937982
2022-09-06,-0.006767140715308236,0.0004809657505117683,-0.0033236812673536516,0.0014769389285966183,0.0002998906294089999,-0.005020803707035543,0.001618479040757689,-0.0003487421035535416
2022-09-07,-0.01723673836298851,-0.0038234934361882837,-0.010855840676166168,-0.002349229309134392,-0.003285590228765841,-0.012840631894988429,-0.001652774047219676,-0.0063625135841884435
2022-09-08,-0.0006933398253662138,-0.0006687775313507112,-0.00069292865045674,-0.0007003422525670206,-0.000502119516279666,-0.0005548751665042517,-0.0006490289722228481,-0.0007635227211384167
2022-09-09,-0.013312290991650731,-0.0023887170333013693,-0.00799073462982663,-0.0013239840019816616,-0.0025171139517721334,-0.006248980034652491,-0.0007132490741350118,-0.004343530279070352
2022-09-10,0.004023061452382049,0.0006233027582255767,0.002374345611903129,0.0002514662950533201,0.0005924176598754083,0.002958795523749847,9.81851910569561e-05,0.0012439371542868282
2022-09-11,-0.0043816482119137445,-0.0010641210295547286,-0.002802755759207654,-0.0006904512730462283,-0.0008295971367249166,-0.0033204521549541695,-0.0005301883686938798,-0.0016200690170331189
2022-09-12,0.004837002120740653,0.00033174086575456436,0.0026031043460687745,-0.00011741294642598899,0.0006050485682624637,0.003389259394984228,-0.00033417407747008424,0.0013250420506229713
2022-09-13,-0.06047537710732525,-0.010077450525964307,-0.03625358277845976,-0.004330370514399907,-0.008735317703142917,-0.04507418175888052,-0.0021681083883155787,-0.018563444516274303
2022-09-14,0.0034378361867816757,0.0007674363698185843,0.0021909034205383673,0.0003838775321225574,0.00032927214602924135,0.0027597130467449734,0.00033764777971470616,0.00085071208986087
2022-09-15,-0.0062467840372428755,-0.0015274355204042884,-0.0040605690596860235,-0.0008373661935477169,-0.0006566587329810464,-0.005054529114672954,-0.0007566011362407458,-0.0016325630019082813
2022-09-16,-0.00021981104472288334,-0.0004884888662233382,-0.0003672954326611646,-0.0005370683556734669,-0.0003358205801046559,-0.00021086376634299345,-0.0005129610004753337,-0.0004914406971005073
2022-09-17,0.0011377374549639383,0.0011920288666654255,0.0012469244000724504,0.0012118654960424288,0.0004893175205568661,0.0015809240579213648,0.0011311139954884634,0.001252316222068973
2022-09-18,-4.746038240490722e-05,0.0010343056756030636,0.00022582562699380434,0.000471405239947975,0.004638607543781101,0.0006282957307483598,0.0015410286883725465,-0.0013053196221043447
2022-09-19,-0.019546827299486272,-0.004038559271897513,-0.011391591913563467,-0.001671689368354788,-0.009034006258658705,-0.017869461561994943,-0.0022679466638932683,-0.004857428297191982
2022-09-20,0.008767012577834892,0.002388504886946351,0.004981815741732994,0.0010528184404508178,0.008522920957904202,0.007189495917075839,0.0020700505791678664,0.0014820131912253404
2022-09-21,0.004010179255964347,0.0016916374407447558,0.0029768724389134748,0.0012374488895246763,0.00117594234705464,0.001772510300430075,0.0013166244658229652,0.001044735973113046
2022-09-22,-0.012735698145281079,-0.003330748704729626,-0.00795629330404096,-0.0014190232031673139,-0.0060445635455100176,-0.0069503304495879,-0.0022571372786721645,-0.0012977858419124363
2022-09-23,-0.00745701506657032,-0.001955832184341105,-0.0043774904974937965,-0.0011849671315133457,-0.004979149384189879,-0.0035265899845640775,-0.0014714693540239,-0.0020133974401351958
2022-09-24,-0.00031167973643613005,0.0011134546706655071,0.0003157943224985894,0.001263440575146229,0.0018873900558929143,-0.0025701486733722017,0.0013971339279977319,0.0005268663307821614
2022-09-25,0.00016163014700109596,-0.0006600401082568174,-0.0005866185094839855,-0.0009134559906221719,0.0023829260778031915,-0.00046594966405210845,-0.00048334577626210667,-0.0009894350625024048
2022-09-26,-0.005528534625372311,-0.002222733167976133,-0.0035575762872262135,-0.0013666141748157287,-0.005745332051002195,-0.006159464244002578,-0.0020919410677562003,-0.0013868035006772937
2022-09-27,-0.006999897904390068,-0.0021008822580382276,-0.0041132496300477885,-0.001073821824332817,-0.006546192423800382,-0.005943860510947592,-0.0018380281978968966,-0.001373655776162489
2022-09-28,-0.0034364244173967565,-0.00031924696377830984,-0.0016507681462647986,0.0003103628554499797,-0.0026389928083612336,-0.003919897799061467,-0.00010096623276531876,-7.262091569078408e-05
2022-09-29,-0.001774917675795136,-0.0006276594018275521,-0.001100555816344594,-0.00030962036180605694,-0.001795898440096814,-0.0022799489656290368,-0.0005771275028352446,-0.00028956157179558985
2022-09-30,0.0014946122475083675,0.0003781185837083388,0.0008836807909549165,0.00018108487466524242,0.0009128093479034174,0.0015162108171640509,0.00027262548439980876,0.000347064419185143
2022-10-01,0.002449318779578813,0.0009619547216347304,0.0015241506466009414,0.0002975299364855789,0.0016218855864024162,0.0025979540608587572,0.0007783408374684478,0.0005186437233078323
2022-10-02,0.007005812953896845,0.003075939605177579,0.0041995125088621485,0.0004660196800998406,0.006063108547160874,0.008284795235132257,0.0027154729423100486,0.0009638578889127677
2022-10-03,-0.007218045235758897,-0.004346136162029002,-0.004831060433551537,-0.0012203227266614199,-0.007617656861732903,-0.009325725226623007,-0.004191714359376798,-0.0013910208364350445
2022-10-04,-0.0012458046298647126,-0.0020250158918311296,-0.0007370664704978943,0.00013321019289534196,-0.005046985350279562,-0.003751315067339482,-0.002461752627178203,0.0005396271274765627
2022-10-05,-0.0016558303766656534,-0.0014999675527975587,-0.0016233258494977312,-0.00116046159351116,-0.0012768447302769262,-0.0018819825035355925,-0.001451157317164891,-0.0010819892827017116
2022-10-06,-0.0037687852108170246,-0.0007867781426471926,-0.0027261302005103846,-0.0013428761278366872,0.0006723387694342069,-0.0020970000032158272,-0.00013609573541797422,-0.001979475904775783
2022-10-07,-0.0011871411728289108,0.004368862139355403,0.0014918497181919488,0.0031664249511418993,0.004248245121800078,0.0017843267216444366,0.005291668459559073,0.0016331015599512788
2022-10-08,-0.0014936821716806904,0.0019272994057155368,-4.955919461300497e-06,0.0009745337287259115,0.002447641842693816,0.0005965151257528511,0.002551699556779658,3.942773138649628e-05
2022-10-09,-0.0033380770671497793,-0.002875975068018171,-0.003367852330673577,-0.002372256663636186,-0.0018118504474929323,-0.004355674143255287,-0.0026884525387897546,-0.0023517858120387803
2022-10-10,0.022145759508734562,0.012983699207461164,0.017432112364926595,0.008492445182813516,0.013180062231580619,0.018958680135920506,0.011495119008187279,0.008687576048173728
2022-10-11,0.009728859167629835,0.0057797140734741565,0.007037247321087795,0.0026189544329425756,0.00819560706276246,0.011289604863458681,0.005360167114374029,0.0028900048334074067
2022-10-12,0.004686243205463148,0.0026927251755541966,0.0041386451538238085,0.0027637700953370586,0.0011133174461249657,0.003732795827965533,0.002196213584848603,0.0030433531024061165
2022-10-13,0.00015295358370140996,0.0169283854619714,0.00852600276699498,0.012910000348459062,0.015269838841366352,0.012154162904372342,0.019589298371194712,0.008411902167437878
2022-10-14,-0.008392787246870412,-0.002319326444975964,-0.004933746032752688,-0.0007308563005753061,-0.0039000602406822726,-0.009905618348117312,-0.0014613953287500227,-0.0021318965083504788
2022-10-15,0.0008737440098221566,0.0002826511098926255,0.0009661555929038487,0.0010129050316436878,-0.0010304212223272609,-0.0013541390467433942,5.814145143386252e-05,0.0010048161974216218
2022-10-16,-0.0007253500925852295,-0.0016009910802876573,-0.002659170525031284,-0.004290371847017288,0.0036341984873775415,0.004326029536152378,-0.001229635049661585,-0.003883747248759325
2022-10-17,-0.005109121137510452,-0.002586909688715158,-0.003046398536153126,-0.0005692456786829125,-0.005391526066287574,-0.004817263575670669,-0.0024592264564888516,-0.0006541285158784854
2022-10-18,0.008239370183113869,0.002047280792357022,0.0027060774564374892,-0.0029489992921060055,0.010666591190272709,0.009983563821006831,0.0018999254420105694,-0.002225961076749271
2022-10-19,0.0038991480053013425,-0.00016108014852008105,0.0019742074685315885,0.000358149712866541,-0.00027583161518059086,0.0015586530123406024,-0.0008439756732210464,0.0013084336157911966
2022-10-20,-0.0005796935274364003,-0.003966290503580989,-0.0008552493010445626,8.612599950887349e-05,-0.00845617680118034,-0.0057895330644822055,-0.004986114674567976,0.0014199687779719334
2022-10-21,-0.013011210702940179,-0.003864512952058101,-0.008019149538671878,-0.001875015885569806,-0.00559070823012017,-0.01167415255372463,-0.0025093509362275,-0.0035324932698799047
2022-10-22,-0.006787075693980888,-0.0007365885094769341,-0.003467171233534163,-6.129477245806453e-05,-0.001989309997677241,-0.005337829657782797,0.00013830849815331885,-0.0013241292439370377
2022-10-23,-0.012960446564802604,-0.0067508076372496785,-0.009634730826294461,-0.005119963271784394,-0.007547040187448051,-0.010527458096305373,-0.005817389217049748,-0.005834957016380569
2022-10-24,0.0027005543835752336,0.0005944442827887536,0.0015823540654038805,0.0009724508878036153,0.000981792209915125,-0.00017413777205145856,0.0002969438154259855,0.001289521364761524
2022-10-25,-0.004934392464721014,0.0039805255273227475,0.002418037110504857,0.008146314454059802,-0.006548430343524386,-0.0020160997564769353,0.004361906984674021,0.006914942035755346
2022-10-26,0.012711553779097783,0.0018449045035304687,0.0065009983105093596,0.00014581667299773025,0.00466991014333197,0.013013330407784565,0.000355576246713053,0.0026453207153476583
2022-10-27,-0.020010314383892315,-0.005752799841160041,-0.012181406679926812,-0.0029382215928103928,-0.008350175719060621,-0.017883659050617826,-0.0036724606485265634,-0.005540242056734607
2022-10-28,0.022743522683260072,0.00380448431550976,0.013290939352517565,0.0022248511829473946,0.0037128888484637425,0.01848190367728597,0.0007348971401080132,0.005946823589246219
2022-10-29,0.035612231747400254,0.007846795082650298,0.01958795054025432,-0.0011521124368774772,0.01539414052340429,0.03431444962253322,0.004021311218992794,0.003166480713906127
2022-10-30,0.0009538223987952655,9.82543271729564e-05,0.0018918373229824073,0.003355410050731543,-0.004581124397158664,-0.00021789873287533155,-0.0005291120015184545,0.004272206250033359
2022-10-31,0.0048326559765555785,0.003398549367898158,0.0035934715079122374,0.0015507563123132464,0.005193970381950262,0.0062184958569403235,0.0033340829229547056,0.0015953975605746983
2022-11-01,-0.0014558621986206833,0.0001362141113109472,-0.0004513659253760046,-0.0027793817839672414,0.005246514641876346,0.0029136676317656667,0.0017960047381198356,-0.002810970473916602
2022-11-02,-0.025592935891482697,-0.01193603485392833,-0.015290693595165493,-0.01024658137847566,-0.009868149145635363,-0.02112852787209407,-0.0066514612039688835,-0.008350955902485519
2022-11-03,-0.003650636252238216,-0.00020438467955598898,-0.0005523732114205328,0.0017513441724738203,-0.0034158777447252375,-0.006840893378161201,0.0003352851569786875,0.0026696007121927217
2022-11-04,0.06911772768067725,0.03220409806665486,0.041696460106620134,0.02780462454814686,0.02406020416015745,0.062389647256967246,0.017586417759457056,0.02475278520473162
2022-11-05,0.0022176280945171638,-0.00153968421614486,-0.00025145016748098,-0.0010045107134945208,-0.004743481446766409,-0.0016483597405335336,-0.003577909122620309,-0.0011488772473874902
2022-11-06,-0.04299344889756269,-0.017376040096292733,-0.02660187617124263,-0.007749836474807234,-0.010697219903533409,-0.03995882438164223,-0.006534684394134127,-0.00930937378768691
2022-11-07,0.0021364468543685206,-0.0063585472753744645,-0.004873068093760787,-0.00509113788248297,-0.008351153967991883,-0.003606667094067509,-0.009759445296258506,-0.007473717907340556
2022-11-08,-0.03751257316556771,-0.011633072503809795,-0.022594472784807102,-0.004156824601569471,0.004027449415446533,-0.02712897809201481,0.000941465414343214,-0.008010479308876807
2022-11-09,0.05428915156229388,0.026199433255335216,0.03614018073256371,0.01040857689264143,0.026911441109042256,0.05675992270240018,0.0166934046904566,0.01201052326004786
2022-11-10,-0.028139393414943977,-0.013120994033558398,-0.017409861464525236,-0.004173990809523597,-0.017928042593478615,-0.030728041982197283,-0.008814734458624246,-0.003164636959219891
2022-11-11,0.0023818065157927043,0.0017858420349380238,0.001797268401985187,0.00043810848580843763,0.0038834128560632994,0.003956301168941509,0.0020267894752661816,0.00017413490161592599
2022-11-12,0.003724236943754738,0.0027429956338112776,0.0027528727071745294,0.0006426777110816584,0.006063093784203293,0.006176444380721795,0.0031123345407115476,0.00018923742339669672
2022-11-13,0.0010865926982911878,0.0018720655345831495,0.0020421183758079138,0.0011066928567927885,0.0017648709631402153,0.001797662995663085,0.002123353343974762,0.0018149582321708574
2022-11-14,-0.012138882636296207,-0.005354365047016817,-0.007545094577783645,-0.002083686960766582,-0.0056653617168335585,-0.010748992970908876,-0.003074178910494358,-0.0018449644409599842
2022-11-15,-0.0010203332747385765,0.0005460267300372166,0.000746626174645094,0.0009310274566464362,-0.001645346590079105,-0.0016844749922141646,0.0006177485678421102,0.0020647720217040868
2022-11-16,0.0028445666926558227,0.003000950013409596,0.0031582782907030905,0.0012758517173957775,0.004589900470344936,0.004699238227497505,0.003394888185472882,0.0016519021875247102
2022-11-17,0.002370313617173806,0.0017075820364932106,0.0017129778076942308,0.0003857291432426156,0.0038180162925269766,0.003908541305789032,0.00193097989063976,8.058082258058345e-05
2022-11-18,-0.00014358730821507914,-0.0003819616974820284,-0.0004262925632703543,-0.00026228168730758146,-0.00023095173533940988,-0.00023640627244372187,-0.0004318362978911247,-0.00046145350254806015
2022-11-19,0.0016467710960481096,0.0026821639982286564,0.002922258324189348,0.0015506630712495504,0.0026489658562957727,0.002711542996684674,0.003032538527994906,0.0025071822459622464
2022-11-20,0.008618759384248682,0.013285617231919468,0.013443909050128464,0.007196741522218812,0.017853102670918268,0.01608462380315268,0.015874793697971106,0.010063312768455953
2022-11-21,0.015556076160529975,0.010863338626658009,0.0138140343981474,0.006636194755953402,0.008190614721984955,0.015476903820037658,0.008682231892896398,0.009018498842424345
2022-11-22,-0.027183729028980905,-0.010412505810584342,-0.014709851675061291,-0.009250633684356876,-0.006001533141422126,-0.019425462693231886,-0.0036966676629099095,-0.007199631070168386
2022-11-23,-0.012176947118544165,-0.005017478911020461,-0.0065016256152825224,-0.0051224876424006156,-0.003774031386092931,-0.006587574483604487,-0.0023787912458578695,-0.0033746762314434543
2022-11-24,-0.001815996899375785,-0.0034896734612744986,-0.003796363451878522,-0.0018553022863652133,-0.003467034713906369,-0.003761575561522796,-0.004037763370512617,-0.0033118516714511735
2022-11-25,-0.0008550325778680493,0.0002040392649743125,0.0004067718408827665,0.0010779668441068875,-0.0022452159883203666,-0.0025807175642173384,4.021514368894233e-05,0.0018383133807258758
2022-11-26,-0.003343737094797228,-0.00547440204020711,-0.0059440622395772,-0.002918415357414267,-0.00578231907541638,-0.006144886922980541,-0.006247033615868779,-0.004889463758227648
2022-11-27,-0.003343135701784267,-0.005075883529348351,-0.005488865202081867,-0.002605575605850515,-0.005722873551055005,-0.006064931570057235,-0.005790470094435905,-0.004269978337642857
2022-11-28,0.0036144785852105475,0.001851634591715767,0.0020170092259607373,0.0016901372234047474,0.0025964686744702876,0.001834631065935122,0.0014434268416860174,0.0007924976135527326
2022-11-29,-0.009685728174247073,-0.006356161920621392,-0.006511316933651135,-0.002349130781215364,-0.013009011348341289,-0.01288187035193381,-0.006678106140143863,-0.0008135830635283621
2022-11-30,-0.008899683740387554,-0.006183692555773148,-0.006242729925165705,-0.004725127238569759,-0.009676573369144733,-0.007570349251342467,-0.00605908204999493,-0.0030165906070399456
2022-12-01,-0.0072348741982767315,-0.004387467173572763,-0.005825351338461474,-0.004067739382396452,-0.0008145332935888999,-0.005309485981571474,-0.0025422774548613312,-0.00468678168411878
2022-12-02,-0.013342092335496344,-0.009327881419922534,-0.0108691902947801,-0.007456316606605288,-0.00825902753438423,-0.01322172753461658,-0.007614793487927797,-0.007962677509538505
2022-12-03,-0.01094720063910965,-0.00663188455346577,-0.008533588474157455,-0.005664789253294626,-0.0031534981591174027,-0.013339857704042973,-0.004315259469631626,-0.006948664103004347
2022-12-04,0.00872386168405246,0.0010885541846024011,0.002509547260794397,0.0012316381291781941,-0.0015035502686157577,0.007770817338223759,-0.002244265468055529,4.696472110947026e-05
2022-12-05,-0.013497391823237536,-0.012966070973934637,-0.015127492278838067,-0.011197992023652353,-0.008640374077058945,-0.01661726510240526,-0.011838566410981046,-0.014465272284064143
2022-12-06,-0.003049581107543018,0.00036185033221516834,0.00026204473737580014,0.000914404308604275,-0.0012684150982221383,-0.0032880161149169327,0.001247666352145853,0.0021510612307154824
2022-12-07,-0.011473137861395914,-0.001704244906525733,-0.0032049874140117718,-0.0028488443767905177,0.0020133764671962937,-0.009985870355667142,0.002663908387555183,-0.0008510164901027096
2022-12-08,-0.0002221186931132952,0.00013830285953848686,0.0002986811194611615,0.0028830895828839565,-0.004731816728713425,-0.0006299611236400487,-0.000790089414427214,0.003286138224110169
2022-12-09,0.003228301517401588,0.001543367640403742,0.001943940768291994,0.0001730182324726875,0.002835370411919549,0.002985811147262053,0.0012132425007055192,-8.90991547279753e-06
2022-12-10,0.001007352426310853,0.0014674691227191728,0.001847880992426599,0.0012917576880103442,0.00030146101266734427,0.0009147984506738209,0.0013756163381181718,0.0020001724795730568
2022-12-11,0.008837428417862989,0.005225104208585498,0.00630281516834837,0.0026823744995438897,0.0066845572663791555,0.009507610660941999,0.004240443721211599,0.0027820538501699098
2022-12-12,0.009201314489915407,0.007926284526344324,0.009545497708361472,0.005833631683290217,0.006115883366704513,0.010307075537295114,0.007067657488109939,0.00772391709036721
2022-12-13,-0.009822101138506352,-0.005464874427673494,-0.007604298330959446,-0.0003661278033680802,-0.00741782171479965,-0.009397748149348044,-0.004289019330118811,-0.00146226667668835
2022-12-14,-0.004969818789656039,-0.006636709236970794,-0.0074909777047108975,-0.0033082116541956184,-0.008381970283236992,-0.006084103567799592,-0.00760734991326934,-0.005248842354149676
2022-12-15,-0.012313069770864615,-0.00156692681350045,-0.0030158693672734443,-0.0020781891963606485,0.0008448030732404787,-0.00757647036165709,0.0028627108119256366,0.0008197863102421475
2022-12-16,0.03959658160009002,0.03355103312395261,0.0394526479164008,0.018695890739614283,0.03856720645442807,0.04102906951745816,0.03243212827277805,0.024424953405413077
2022-12-17,-0.008765410281646945,-0.003692750700881549,-0.005024661926571047,-0.0029166405284904474,-0.001936170824331376,-0.007398784591911224,-0.001482355920295952,-0.002584462978212452
2022-12-18,0.01187339210202367,0.0107369725888825,0.013274982851021829,0.007136586745637154,0.008020638510840205,0.012558535268735831,0.009726138210570836,0.010331612792972036
2022-12-19,0.029428407913993402,0.013312593897754441,0.017496256019122,0.008575826703423061,0.011290110434480924,0.02529116242942268,0.007090411177669321,0.007484735016538215
2022-12-20,-0.028093716707922874,-0.009271909882729896,-0.013074409034159748,-0.006517725367552518,-0.006327633588490267,-0.021690832686242573,-0.001727389048346725,-0.0033825249167376
2022-12-21,0.0076657263129235815,0.004069711217698318,0.004783047425463854,0.0023848738635613956,0.005318671655366167,0.007074636796540666,0.003058380355014948,0.00186978376616815
2022-12-22,-0.0006596082997511735,-0.0006684352431407726,-0.00042994165116480294,-4.922807864101624e-05,-0.0024373921583344693,-0.0014736914743113936,-0.001062069181882155,0.0001872309644626006
2022-12-23,-0.0011256248415113048,-0.00015416839475381033,-1.7522657866911435e-05,0.00028286765013095007,-0.001604149742556038,-0.0015384484832555113,-0.00012715698119460906,0.0008170114895142447
2022-12-24,0.008724037862382197,0.005638414272831831,0.007072376846031989,0.003841664077030045,0.00444121658218889,0.008040682427492079,0.004267514196533553,0.004547975846104098
2022-12-25,0.0012286642956587702,-0.000686431116985709,-0.0008349237331658992,-0.0005225751083994121,0.00014897817512842787,0.0002547531378054622,-0.0011933676163873959,-0.001637212207401852
2022-12-26,-0.011647254153853053,-0.004904296159595436,-0.006045604152497734,-0.003199468585107652,-0.005655308960175672,-0.00895269623372535,-0.0026293338684032484,-0.001729930371135199
2022-12-27,0.010885494306092324,0.009392098412434984,0.011389105813892535,0.007061184866506537,0.006524424980716741,0.008902773561561494,0.008210576439311605,0.009022709830449517
2022-12-28,0.039754759101428026,0.020420923146014503,0.026378248069040884,0.012150128478459723,0.018651411414029616,0.03644291988416732,0.013104055047611397,0.01245252445726364
2022-12-29,0.0035866669566109216,0.004507938947893204,0.005517494055893676,0.0028807171684340177,0.0032098192356651532,0.004421326819825673,0.004557795528737521,0.004828636392677101
2022-12-30,0.00356685234882104,0.0017734010170986228,0.0014256841671413314,0.0014501018354171197,0.004069074438276752,0.00408903202741804,0.001624830339150838,0.0002801238683700426
2022-12-31,-0.005643917355728357,-0.0032374532263733866,-0.0040027452162194966,-0.0020929917476201453,-0.003095424979979076,-0.005358182984387445,-0.002320549164329252,-0.002169828847139368
2023-01-01,-0.004830244831485176,-0.002650070475047333,-0.004009981418042955,-0.000779569458995759,-0.004659140557408459,-0.00599325436510223,-0.0021973518742844952,-4.770595809539045e-06
2023-01-02,-0.01784888520763425,-0.009012186023145205,-0.01019472018191441,-0.006801249264513882,-0.007904745373435058,-0.01674502443552233,-0.0046258439907046565,-0.0022351788614670097
2023-01-03,-0.001495446152578157,-0.003990585980584497,-0.006386303437725546,-0.00039135157723645987,-0.007084539548362116,-0.007605254773770744,-0.006024131846268131,-0.005740046490601969
2023-01-04,-0.025274836311648657,-0.013466275071041901,-0.01609373135434051,-0.008292866524220056,-0.011598553100010938,-0.020724526086635844,-0.007481676481817462,-0.004441578322881222
2023-01-05,0.0011324137673238508,-0.002958692027296931,-0.0037571034784691986,-0.0009488512451565764,-0.0014805511669817673,-0.003934553861312579,-0.00445262348802328,-0.008333549435658167
2023-01-06,0.0008948348317094051,2.1016713807052827e-05,-0.00021709811597789476,0.0009603511645563352,0.0011491279181845091,0.003695288961748995,-1.553569602451838e-05,-0.0009860430711714648
2023-01-07,0.00274484316341238,0.002496240332595297,0.0057305737129057606,-0.0017145568614853417,0.008080057312215966,0.009205942172531994,0.003958827864532728,0.0005881889276092248
2023-01-08,0.029414580241360188,0.019199972384147123,0.01981400129051187,0.016690133716554912,0.013269640781009014,0.02838054705612077,0.012977116901821708,0.01439658674561215
2023-01-09,0.02990966503937619,0.019377470466226555,0.02120499356695829,0.014355487736453733,0.01293288715835195,0.02755225807120847,0.012753832413674514,0.014529921951125232
2023-01-10,0.018229570530875695,0.010270553300369618,0.0136879955728127,0.005325087870224621,0.014112675542984164,0.02005630819674769,0.007611328703411094,0.0020422180100876423
2023-01-11,0.02862556928350029,0.01684666027604723,0.018029140402912338,0.012948604273194442,0.010162403267629733,0.024261705625786587,0.009403486875613785,0.010295507296268977
2023-01-12,0.029671575410839854,0.019960185476751578,0.02244728982559285,0.013953032387126859,0.014824524542459395,0.027585416303843816,0.013839843337299042,0.014775814301115464
2023-01-13,0.048212215980320786,0.03393508946509903,0.03914553665955135,0.021614062633054265,0.02507586506682768,0.0462080738731598,0.024460984205339212,0.027526272538204687
2023-01-14,0.06713309812686821,0.04208345362492724,0.04466017301498821,0.03222919181772096,0.02365480743218441,0.05704922445224619,0.0243650628959156,0.02941834243525509
2023-01-15,-0.017693857316472706,-0.011176148984680676,-0.011900175748059233,-0.008170701967001436,-0.005306817917361591,-0.014913418625627478,-0.006129567336912512,-0.008289140744918272
2023-01-16,-0.003688188567776459,-0.0029823569104200716,-0.00587332320624684,0.000463213365264696,-0.010203711924141943,-0.007571552951041205,-0.0046360178268015795,0.0008865779122044064
2023-01-17,-0.0013634442213192267,-0.005072564898307873,-0.005330391175946853,-0.003264627387364325,-0.0013012926414556712,-0.0032790850704957266,-0.005966083164209058,-0.01142657329505718
2023-01-18,-0.06140283214157303,-0.03654322072616398,-0.04198662467658717,-0.0236446819705549,-0.025871352814043753,-0.05818693063382406,-0.020691317306957502,-0.02021736440935917
2023-01-19,0.022730572934068417,0.01743368836162599,0.021941146354154385,0.006889867439256623,0.010974931269220787,0.023358426670215305,0.012997945626057474,0.017856180717206186
2023-01-20,0.050438258680818394,0.02832300752323906,0.038530316832371805,0.008613880358331548,0.026384432692818982,0.05250354705525386,0.01667840740116364,0.011917074844213983
2023-01-21,-0.015521902069547044,-0.006049542291113801,-0.005339843787544299,-0.003710440566381948,0.007368605850149573,-0.010924279863852969,0.002587997914473554,-0.004544502585792357
2023-01-22,0.0022639152096398368,0.0021077834124525676,0.0024521328289088193,0.0008255899579915184,0.00017539688139514787,0.0029200491744583623,0.0014997912998406992,0.0034305189589635796
2023-01-23,0.019109235520989323,0.008184993018799758,0.0123928731482381,0.0012834869981898866,0.011689994444968993,0.01999560751316195,0.003593537040913807,-0.0032321083628485572
2023-01-24,-0.0496156659121025,-0.022149703235341604,-0.0281758544566269,-0.007977966044893113,-0.012344104856309449,-0.04652282630830464,-0.00519121386281554,-0.0029343053387452063
2023-01-25,0.03561769077734367,0.015060442175218259,0.01818812959226942,0.006607342711566448,0.005317325206373491,0.031593916871552274,0.0021829083455938984,0.0024828046798560477
2023-01-26,0.010194641765651,0.0054398680562647355,0.0071275639805623865,0.002109385919181398,0.004099347835089425,0.017826405393781008,0.0027751511018268464,0.0037208227290019655
2023-01-27,0.020034413141601048,0.011672727849539995,0.014271151512446293,0.00604751552641263,0.00928746975876453,0.02075486037262695,0.006722127835128618,0.006016627328613142
2023-01-28,-0.012352816003598225,-0.006898898309130809,-0.007264825037066334,-0.00510916145735718,-0.002929358860235595,-0.010118570106794917,-0.0029296032330800837,-0.0038586189755745897
2023-01-29,0.044325202383258454,0.020869573611399326,0.022026339225988394,0.014598341169308441,0.005307816277741286,0.0368215749425115,0.004382973855241518,0.007355794646038716
2023-01-30,-0.07475236202166168,-0.0447189032570976,-0.05296156544170908,-0.024647545769802492,-0.03042385252918949,-0.07328889695743564,-0.02459981708194319,-0.025887664559850667
2023-01-31,0.03560815405398038,0.02138595626319919,0.02740931002627969,0.010074138821494015,0.021207279509892395,0.04123777464590089,0.014172467477945696,0.010598978042595327
2023-02-01,0.01911029817819876,0.006101480124959993,0.018715619961088684,0.0014774367647327417,0.003564083157553336,0.016892269202230043,-0.0004148865581887268,-0.002934952210465225
2023-02-02,-0.011468803390219053,-0.006998736184345277,-0.011710161964756377,-0.0015406788006017322,-0.007442410131050677,-0.011695584081216636,-0.0050420990674630755,-0.0028708336111728317
2023-02-03,0.014916255278075486,0.004721871401853884,0.01437516095453571,0.0018261413493660251,0.0018545178153657087,0.01255294424923094,-0.0006789259517415389,-0.0019130183032883587
2023-02-04,-0.0022290122563105707,-0.004431200432340256,-0.0025821870701584746,-0.0019314559308365163,-0.005689349667362277,-0.004340604693530633,-0.00578638760551338,-0.0056213051984480185
2023-02-05,-0.030084273352729153,-0.01570001872337945,-0.030791404682605397,-0.008254141744578005,-0.01692438111022393,-0.03081402586503225,-0.009374251190798773,-0.0028299342777875426
2023-02-06,-0.012650127027687216,-0.007296929672739857,-0.01231220889798636,-0.00387987968565844,-0.00537503624797714,-0.012031359658763438,-0.004356418015643617,-0.004189873298671241
2023-02-07,0.0346497134486246,0.01798770243689421,0.0345504817044873,0.01131774699765645,0.01603101159767465,0.03308115613925979,0.00997745740037008,0.005674785132247857
2023-02-08,-0.007408579852906151,-0.007098948234389912,-0.00813671078415025,-0.002720397015080819,-0.009485605000972322,-0.010362066285273402,-0.007599231878988918,-0.005490670536638294
2023-02-09,-0.048175682610355486,-0.022487852219208168,-0.047249541746086546,-0.015316971269013926,-0.016648364799254516,-0.04309731116911377,-0.009092097982838932,-0.004622744980373317
2023-02-10,-0.004843230835572086,-0.004250672289700923,-0.005825176829592327,-0.0009200504939151138,-0.007580889726271835,-0.007869501056955164,-0.004877035613177143,-0.0017985850141065296
2023-02-11,0.00250421687551599,-0.00016350735903465912,0.0027156933021446257,2.9333569026373264e-05,0.00048460934903242313,0.002209497752298476,-0.0011708266915987137,-0.00275582700523376
2023-02-12,-0.003830807650468457,-0.0026116062717757745,-0.0042335518010150446,-0.0007051183538940845,-0.003873174293912691,-0.005057689906739791,-0.0024066452556571207,-0.0008991434706726045
2023-02-13,-0.0020567790946396324,0.0018911761617138143,-0.0026989925266681443,-0.0001869374827010705,-0.0004694207833918728,-0.0015600396767410454,0.003012861264290521,0.006703539174187079
2023-02-14,0.0054460540524390415,0.0066218773570012514,0.006203677063536783,0.0015080303204322455,0.009056888418454957,0.009170130370254747,0.007786088381121588,0.006275241813374925
2023-02-15,0.007905499703461156,0.0069550166488694665,0.009697878775701026,0.0016680171016138826,0.013099946411028506,0.01315670461180533,0.008168350709755176,0.002553041956658311
2023-02-16,-0.025323592890558987,-0.019543510702680927,-0.02510411644410181,-0.007835129866829297,-0.017344410257275927,-0.02800747105896444,-0.016414445534001648,-0.016769234585257687
2023-02-17,0.038654232093401124,0.019865524485501915,0.038266264205464716,0.011515121348985118,0.016673451133729117,0.036756413565372036,0.01082541807353979,0.007128746302843599
2023-02-18,-0.007757547613755386,-0.008504664123951199,-0.0072518426762210675,-0.0030743392206815383,-0.006140412807611278,-0.00903008600683046,-0.00820542779080011,-0.010891577699108363
2023-02-19,-0.006605535187445402,-0.004112903550102243,-0.005475408784676441,-0.0029020379849259985,0.00038699535760076557,-0.004320049857246857,-0.001787144556699474,-0.004993487212415063
2023-02-20,0.0022399117276223914,0.0011741635013251554,0.0024739542447434863,0.0011970165226341406,0.0020007233674479096,0.002433030863494674,0.000921487091411895,-0.0002505694633280571
2023-02-21,-0.023131049994745793,-0.011457461872122656,-0.022364591533729404,-0.007715232280345895,-0.007686731057162109,-0.02039149494527211,-0.0052290445735746205,-0.0043375661583182025
2023-02-22,-0.011564657093274068,-0.005828860289667808,-0.011121485042363537,-0.003313095354813684,-0.0037100297024679667,-0.010360638136653456,-0.002744318623319583,-0.0026200821676475353
2023-02-23,-0.001396502164198214,-0.0007928518977153087,-0.0014866767694230783,-0.0003587728897562301,-0.001057885299818851,-0.0015984115612307267,-0.0006017094055484376,-0.00015125500023919922
2023-02-24,-0.012988429572262527,-0.00693818432396831,-0.013597583969703229,-0.003568918265499833,-0.008602413813475259,-0.014066696226797935,-0.004757805815663313,-0.0011119154472882102
2023-02-25,-0.003951818472493928,-0.0005639881914187881,-0.004119839015494565,-0.0007054058393358162,-0.001038575898402045,-0.0034295096190189696,0.000768013491607923,0.0024607320920702856
2023-02-26,0.0007471658446407432,0.0006430121895860979,0.0009149402239461774,0.00012351430486289138,0.0011995884680772214,0.0012497234557147716,0.0007469538742161302,0.00022778304579889217
2023-02-27,0.00016170267208433266,0.000691375156983294,4.9101783890151225e-05,0.00018696553169372373,0.0002594992902843595,0.00026976626337513627,0.0008030512054863492,0.0014126861536048736
2023-02-28,-0.0026355791408970014,-0.003596174318232842,-0.002868238127994192,-0.0008393811666517703,-0.004229145003961715,-0.004396424103928595,-0.004176588991374892,-0.00408088672998864
2023-03-01,-9.226200959095995e-05,0.0010353282228656895,-0.0018968439481703006,0.0001818085165243534,-0.00015377001598493298,-0.00015377001598493298,0.0012350689487675946,0.003230526660793487
2023-03-02,-0.004397684870883188,-0.00415198141149906,-0.006462773309356422,-0.0009215488812745736,-0.007329925675520714,-0.007319937695636985,-0.004952014443672396,-0.0026228730133475075
2023-03-03,0.0039807606507631,0.01142964624189402,-0.0012640056350603928,0.00170660314481952,0.012551057636619232,0.009945654643263887,0.015342871253810232,0.021067815393469243
2023-03-04,0.0074976569365943005,0.004903282257973197,0.008755319859222833,0.002113336405636494,0.005624331857590282,0.008483956693463822,0.003874241003497681,0.0023825101796340173
2023-03-05,-0.0024667160243623163,-0.004114471064175734,-0.0004200334996357703,-0.0008903064326170311,-0.003663725284784603,-0.00384352356925588,-0.00477272370695833,-0.0069224251932665645
2023-03-06,-0.0039373455773047935,-0.004961497166751436,-0.0036295280716394044,-0.0010619732921708213,-0.0063291010148132576,-0.006419132295656097,-0.005846765823174139,-0.00611459890210032
2023-03-07,0.006212587783372046,0.008188970018150256,0.003641379424707626,0.001993236339945453,0.00818014949408682,0.009086987071071789,0.009135679207728226,0.011806919179615386
2023-03-08,0.012375938095090624,0.008224351193358983,0.01614451955157627,0.003199174916696496,0.011555524073917354,0.015311155177636353,0.0071952162026537765,0.002903213735571665
2023-03-09,0.019148585354490787,0.014764914571273855,0.020354993805961546,0.005722803152824831,0.01618397019859578,0.02258162409818716,0.013065081518766746,0.01133881168234637
2023-03-10,0.001183635189588856,0.002729381301880977,-0.001378089441110818,0.0006460321060912147,0.0012590793950691742,0.0015412755255741458,0.003051465113465497,0.005848550847432804
2023-03-11,-0.0040375934124924,-0.006464957667935128,-0.0007852360435908125,-0.0014965780559072213,-0.005541688188691535,-0.005977697163608847,-0.007370929706847224,-0.010849372130960842
2023-03-12,-0.02355153429640798,-0.011833844897136172,-0.026753092427417413,-0.006570243878252322,-0.010209832966780756,-0.022392851988431238,-0.005679914819520333,-0.001499277152415287
2023-03-13,-0.0006110596689617978,0.00034858410408540765,-0.00105616417834105,-0.00029958715564785846,0.0005228150389483394,4.3677436915392824e-05,0.0008581400127763477,0.0014271877973721495
2023-03-14,-0.008064948811502718,-0.0029288093445376776,-0.006611431233341825,-0.004284420491419385,0.0011047408581321137,-0.0024972289307748923,0.0007146777431068397,0.0005806938449641908
2023-03-15,-0.022058041003418568,-0.011641279364636777,-0.020112553268554666,-0.00720151801158591,-0.004715540402717134,-0.018060340371677495,-0.00473249498110754,-0.0062842016133590525
2023-03-16,0.017061815269496867,0.009298954376212884,0.013779483618974145,0.006130766451802705,0.002178080919207689,0.012934478786397535,0.0036482510142522412,0.006670894829514252
2023-03-17,0.03179405277392762,0.018210732877869656,0.02643882283222286,0.01152387688577935,0.0050754060705857145,0.02708808442405081,0.008095050883345192,0.014589241129252408
2023-03-18,-0.02544993871602813,-0.011172195280176678,-0.025946547758430354,-0.006787600863980021,-0.004460747841632797,-0.020913903067494004,-0.002386556140177262,-0.001420243902097772
2023-03-19,0.012227603586790817,0.007088240212756046,0.010466182857895709,0.004349066506155342,0.0028656868370269878,0.010100633701603565,0.0034665800682216886,0.005126053159874913
2023-03-20,-0.01908521404771435,-0.0108243388850628,-0.017285036576245905,-0.0067082773340248585,-0.005041067696020246,-0.016102174786526726,-0.005258021244453415,-0.0068961921235969155
2023-03-21,0.023261660323362108,0.009115044898356869,0.02156985282871546,0.008805115328315056,-0.0009653271619325602,0.015314417078798371,-0.00037537889866724354,0.0011064490036580075
2023-03-22,-0.03461938151155815,-0.014307973124680242,-0.03436855585808349,-0.011891732545241177,-0.0025122132779034183,-0.025614348119228213,-0.0012271729775068195,-0.001102350296818433
2023-03-23,0.017123863196768365,0.010243828372207862,0.015754133280806527,0.0056821653898704114,0.006027442355332108,0.01536201260183333,0.005861159891060802,0.007024351510598898
2023-03-24,-0.02145663373539267,-0.012259393099837135,-0.02061323808558097,-0.006759144294283671,-0.007465510501066044,-0.019320844405607114,-0.006593931038656273,-0.007184340222834626
2023-03-25,0.0011104638322880765,0.0033693563680776348,-0.0002860340074906878,0.0003294982774693272,0.0040038740465103565,0.0031181459340582653,0.0045895411157864385,0.005954751592618202
2023-03-26,0.0074504643061325745,0.001783790640256905,0.008001456286499297,0.0023313816735464543,-0.0010510190584694398,0.004593388703004754,-0.001623064032865104,-0.0022329994160176165
2023-03-27,-0.022545471805555498,-0.01425691951086486,-0.019393167767315853,-0.006871816307178133,-0.008169057544214315,-0.02037096316544813,-0.008678092740599002,-0.011391821007910976
2023-03-28,0.006716950312586996,0.0019261180863874557,0.008923495875828216,0.003908111968965622,-0.001040440587656592,0.007437431826210345,-0.0010293921327927094,-0.0006842709248757545
2023-03-29,0.014557230017206893,0.011157811276093802,0.013692941520850682,0.007585346898118179,0.0069121811482886625,0.017647927931378437,0.00846928423014123,0.012136164028191529
2023-03-30,-0.010625512040879605,-0.009078365950658064,-0.007969416235692783,-0.0039057451915097048,-0.0066657490375848375,-0.011192911495904805,-0.007675530893056666,-0.010266128070181077
2023-03-31,0.00861996158603695,0.0039935219906559235,0.007706509739990083,0.003186007266359575,0.00048389810986478727,0.0062951887813124385,0.0008603572069795045,0.0017577937391492124
2023-04-01,-0.007554552170609763,-0.0043389433049054685,-0.005455821651793944,-0.0032703636640270756,-0.0020031988935306218,-0.006204196714959161,-0.0021601048273285077,-0.0026861245278685885
2023-04-02,0.0028585578297087044,0.0056447216876699645,0.009056827165589388,-0.0005591218381379422,0.007011253625924619,0.006164041568636716,0.007339751881726204,0.01039301847022484
2023-04-03,-0.008712112680079695,-0.01098622054724844,-0.016722058957785214,-0.0013138605521997731,-0.011390682905556098,-0.012600849203855033,-0.012163577141042683,-0.017212025369521898
2023-04-04,-0.00018305475387198902,-0.0023971053644532333,-0.0041454408007489275,0.0010434154276717654,-0.0037157385988933096,-0.002427338480558445,-0.0038091516553692803,-0.0053955078389455145
2023-04-05,0.004466117102603589,0.0036320283308798663,0.005132877573222967,0.0016488319047252126,0.0026234881396010345,0.0044853850281046355,0.0029535991378616005,0.004231958199138905
2023-04-06,-0.003301631790337463,-0.0014088773994868494,-0.0015651667492277903,-0.0018292427522998132,0.00010994095851700021,-0.0020513289413964632,-8.631654943579736e-05,-0.00015884209072694903
2023-04-07,-0.000960180798672755,-0.00010424690276172498,8.876813871962775e-05,-0.0007016737855689176,0.0005241329927663115,-0.000283219496305991,0.00047601324834426373,0.0006677146850488509
2023-04-08,-0.0018908592213956329,-0.0018112812378635675,-0.002641334661461142,-0.0005799546508608591,-0.001548639432217264,-0.002163695401424738,-0.0016995147543280268,-0.002421575359761364
2023-04-09,0.0033624199171067553,0.002232659348319048,0.002962504780237931,0.0015314998468495395,0.0011654585968530798,0.002856280413710651,0.0014001865624326416,0.002007598516073447
2023-04-10,0.010829314852355321,0.005407989681887605,0.006451268727231345,0.005737866203841066,0.0008975472288778574,0.0074546725012891125,0.0015816396229680824,0.002332377720087415
2023-04-11,-0.007508191535765203,-0.004726214937568524,-0.00535932967782655,-0.005841638600473602,-0.0018871472269252091,-0.007014874925183415,-0.0026394576510133418,-0.0036088389941656457
2023-04-12,-0.0046402718581652945,-0.00805744772715232,-0.01298132615648044,0.00038851528320601845,-0.009642315613958006,-0.009962436765914684,-0.010140256107147765,-0.014560904564474978
2023-04-13,0.017402840038197344,0.008074568371647425,0.00821589031366495,0.011706946411597783,5.83854148998459e-05,0.010249138941217864,0.001369817638607184,0.001624240412570381
2023-04-14,0.008834896319491912,0.004861728289358975,0.0058391957436571,0.0049173682686030765,0.0013126797189098747,0.006354116162021059,0.0019403321799728705,0.002750828916783952
2023-04-15,-0.00021702672778937048,0.0011781811046293336,0.0021459633255148415,-0.0007701637221564013,0.0020863050256107046,0.0011533918258313039,0.0021129764764708627,0.0030087293783795455
2023-04-16,0.024222086444546632,0.01291706947548976,0.01467553004049438,0.01488889144951843,0.0027233631957763807,0.01641506390111221,0.004552927097564519,0.006194036377543173
2023-04-17,-0.02634869538492746,-0.017052905198179032,-0.021778243694904154,-0.013557897382197419,-0.007914723112586773,-0.021440617276868634,-0.00987777464604072,-0.01399775596907068
2023-04-18,0.025237940025902517,0.016073629274893607,0.02065290779260204,0.01271174325403977,0.00729073795755296,0.020395872770457985,0.009134257409338275,0.01303062722856928
2023-04-19,-0.08148835046878147,-0.04698296712649582,-0.05705498661461791,-0.045183245597648164,-0.014956722267091185,-0.06034917724496394,-0.020899181429669466,-0.029509120763863108
2023-04-20,-0.0016962505476867172,0.0022937907751686766,0.0036335437417333244,-0.00011039154824897684,0.004552390049725027,0.0023503902587224375,0.004809540222156393,0.006599361388619544
2023-04-21,0.011770186303960038,0.014617940692254847,0.02258443032808579,0.0023973238180837572,0.014900721497342779,0.01851465303133934,0.016043874019302774,0.023158751634040173
2023-04-22,-0.00824811796395622,-0.007820917925846476,-0.01209787116721815,-0.0010830349112131946,-0.006829680360627705,-0.009896758890981681,-0.007342147655660202,-0.01074167740128686
2023-04-23,0.004914089479474251,0.0032309232093022,0.0048685458232073636,0.0009440313279374883,0.001850885045916353,0.004369367579844397,0.0020624537260264726,0.0031705790130688123
2023-04-24,0.005944453033081409,0.0067518935671149515,0.010550105336011773,0.0005849353779500537,0.006642180306732814,0.008206182584814911,0.007091914476039058,0.010263626747509065
2023-04-25,-0.001067275927355218,0.003310929886459312,0.005449517079502082,-0.0009539144450807051,0.005803137175395466,0.002894127536802817,0.00603321679220656,0.008305611226011655
2023-04-26,-0.004035663131283436,-0.0014998392715515425,-0.0011429973905316743,-0.0020191423384512456,0.00047013278330954625,0.0009715403304607101,0.00027844663589171424,0.0007792975981328041
2023-04-27,-0.0008942602137598703,-0.0012953421012487166,-0.0020223503565036005,-3.9887163204718335e-05,-0.001428248049404012,-0.001463281018128049,-0.0015147273969483184,-0.002148457921471575
2023-04-28,-0.0019360918348134142,-0.002805568676015372,-0.004383379569138072,-8.628274861876103e-05,-0.0030938400808198352,-0.0031698389488146275,-0.0032814539597839365,-0.004657302184908266
2023-04-29,0.003940580006630196,0.005715228605243253,0.008943540711041855,0.00017528872914215668,0.006304289221649606,0.006459643858868093,0.006687846908636536,0.009505048344577263
2023-04-30,0.0003168271817664163,0.0004587001414543147,0.0007155054032041178,1.4146472703298564e-05,0.0005056815389679638,0.0005180629124871361,0.0005362431916083195,0.0007600044388276845
2023-05-01,0.0004596578970444299,0.0005371203844057136,0.0011491447426110746,5.9640562650932286e-05,0.0007660964950740496,0.0007660964950740496,0.0006473707708543476,0.0011491447426110746
2023-05-02,-0.0015915170504282256,-0.001859578771986671,-0.003976052449752859,-0.00020658176425683586,-0.002651716202525873,-0.002651716202525873,-0.0022410326258511513,-0.003976052449752859
2023-05-03,-0.001956682803818984,-0.0022868639658044383,-0.00490004106006672,-0.0002536291133844052,-0.003263605019625116,-0.003263605019625116,-0.0027570201129721987,-0.00490004106006672
2023-05-04,0.003362732653496316,0.003931478861578706,0.008446062964746436,0.0004351415666940885,0.005616148462369069,0.005616148462369069,0.004741985814115581,0.008446062964746436
2023-05-05,0.0035075996529780984,0.004092030716365933,0.00869471397608529,0.0004633629334594644,0.005844965938317601,0.005844965938317601,0.004931655276712588,0.008671114669154469
2023-05-06,0.011403907488659317,0.014559124454371467,0.028632536803334423,0.002243663749487104,0.022459807545492285,0.02068479778552644,0.018610712243462016,0.02849810649848563
2023-05-07,0.009200989013339239,0.01078752356820787,0.02172096370375962,0.0012936266405707787,0.015636387416705467,0.015455055334719702,0.013094705618341746,0.02137030264726405
2023-05-08,0.05474325118411926,0.051747886039200636,0.08829426791850722,0.013696437014429942,0.06267626294937888,0.07589871465842274,0.05364092163359474,0.07953891653018612
2023-05-09,-0.0072790621892361304,-0.007456373009539761,-0.014575690151782112,-0.0013861865803139215,-0.009140916171037385,-0.010137498414648385,-0.008073217195306206,-0.014389138152298267
2023-05-10,-0.0066199735655014524,-0.005733822800513055,-0.005814167100319233,-0.00253251246413932,-0.00705073024597161,-0.008656197056807653,-0.005697854443246592,-0.003463526271048779
2023-05-11,0.009687217271018907,0.006026646116320444,0.0014564358556212688,0.005133577449192001,0.00432854965220264,0.00845697752076195,0.0036381777771089564,-0.0031333977968854786
2023-05-12,-0.008685168268699948,-0.004988761533425096,-0.00044610909859170536,-0.004854282294291773,-0.0027100201461043682,-0.00936993913179678,-0.0024132617565999293,0.0033693593169628173
2023-05-13,0.0023185998959390796,0.0006774355069924161,-0.0020874800123091325,0.0019003728167228005,-0.0010129239009614016,-7.38524940675576e-05,-0.0006902697963574378,-0.003589939823025938
2023-05-14,-0.006010401418586304,-0.0036640914035325285,-0.001813487708034421,-0.0038809152938221827,-0.0014682834190143908,-0.002067943407542271,-0.0017636910297519407,0.0004448083880887508
2023-05-15,-0.0025509426974582145,-0.0024988003761921146,-0.003880420322758008,-0.0010526997405859563,-0.0029546230974184123,-0.003887379860252572,-0.002620496912938179,-0.003705851504600103
2023-05-16,-0.0004695437335576068,0.00028892886337194705,0.002015640814974478,0.0007047254114262608,0.00011907650111379398,-0.0015194691209732118,0.0006121346079762816,0.0033600413234965445
2023-05-17,-0.013668196711999306,-0.009619055666684381,-0.004242544829051057,-0.007222492360362693,-0.008832601721171434,-0.00952329267824453,-0.007285737077273956,0.0024077562163809154
2023-05-18,-0.0026437562749627216,-0.0005488532135471365,-0.0035755075628725675,0.001434799263401173,0.0016415404314686377,-0.0026272252209683243,0.001176783776948929,-0.0028912026942534657
2023-05-19,0.004559860114595959,0.0039604761217356945,0.006424864445958396,0.0011682249306894652,0.004329065660828002,0.0056617302935451,0.003775759639270114,0.005565751790161728
2023-05-20,0.007462041429430799,0.00802646039288139,0.014648748316842973,0.0014944560611448666,0.01077788990567974,0.011343625942411272,0.009167746699725692,0.014012731035442063
2023-05-21,0.006639271255008969,0.008199501477469456,0.008129513138347632,0.004265220194070257,0.012926177982760889,0.010825790518250632,0.010453227685214093,0.0064206570372939455
2023-05-22,0.00029748779901351955,0.0009034820564818231,0.002091882831808653,-0.0007532313879798981,0.002333241107701898,0.0025460018705591825,0.0016601937908166228,0.0020467370235254154
2023-05-23,-0.015801068838498668,-0.012446313217029275,-0.015905259151770258,-0.0063780811392327484,-0.011625401168554933,-0.017665967144198522,-0.01052780495192016,-0.012370582434847776
2023-05-24,0.0021327375315072826,0.004793278408022412,0.006801561908347709,0.0004327012646899054,0.010236926271021749,0.009338557997703856,0.007832630521451197,0.006648213584049369
2023-05-25,-0.005299595658072312,-0.005311238267624792,-0.010228352402459829,-0.001105267163105865,-0.006349629931201747,-0.007544816048688935,-0.005645743662088494,-0.010029985037849633
2023-05-26,-0.0025832297050974464,-0.004429333756351694,-0.008293884288991698,-0.0007421332619340792,-0.00760929420513743,-0.005910566567408707,-0.006334602560422259,-0.008727557944505429
2023-05-27,-0.010033149973365992,-0.004909814604303824,0.0003976645357043014,-0.005644967577392205,-0.0007526522022090118,-0.0067532498104518526,-0.0010768931069097005,0.004892033556381964
2023-05-28,-0.0055062293385685435,-0.0036648693848988067,-9.586594292571278e-05,-0.002217549104811231,-0.004111891885689836,-0.005317212943599221,-0.0028950109416749996,0.00342085167772002
2023-05-29,0.010492995098906251,0.01276460159180234,0.026663650904754945,-0.0008068930094356617,0.019444382035484552,0.017077640697345256,0.015943440136404027,0.025554282012836115
2023-05-30,0.010636991578165889,0.006785777889076591,0.0019568747098394237,0.005301755873274884,0.005567464642846061,0.009094559841681197,0.004523604067386194,-0.003038135396972873
2023-05-31,-0.006703791701238128,-0.005347710950282999,-0.008120397134456463,-0.003194258359123506,-0.004248428263052671,-0.007411142748821353,-0.004348330282508576,-0.007617820812728965
2023-06-01,-0.002805088694379986,-0.000849891741871388,0.009108305205412308,-0.003764034063260688,0.009599025693098338,0.003498783824818348,0.003865874933945149,0.011694080662604555
2023-06-02,0.002599303790527798,-0.0007387873470246538,-0.00844471338157238,0.004155708912290243,-0.011687632870935674,-0.003942533573381146,-0.006418721417288192,-0.00920326660524229
2023-06-03,-0.009497154173749153,-0.009717127421609255,-0.00967199882010293,-0.0028627291542959008,-0.011617656967642874,-0.013166166841761279,-0.010497769105697378,-0.005104776233499401
2023-06-04,0.0017484288874609806,0.00019095034327165533,-0.0004980076421295175,0.0008474611563240936,-0.0024649259088100044,-0.0007606240124152866,-0.0016247354783492547,-0.0010071214637446494
2023-06-05,0.01099185976544169,0.011340919345002223,0.03681660951105994,-0.0019112314586922233,0.033770763368889345,0.02825301738927671,0.019260730904079697,0.03773279906457471
2023-06-06,-0.018575953043869917,-0.015091720072975946,-0.016549132489983676,-0.00955167256717759,-0.013087674532024592,-0.016608243567740467,-0.012375641359838522,-0.011824767330185958
2023-06-07,0.03254162133863905,0.0268148853224455,0.0206421812124561,0.015097253431491224,0.017906456020753227,0.02935739049551188,0.02043195321475618,0.008232711999143862
2023-06-08,-0.011152533379697438,-0.008522264021281244,-0.012116373709117776,-0.0038831939538823143,-0.008940817265521105,-0.011905793442878232,-0.007146554780400472,-0.009343080043937748
2023-06-09,0.03760474911538976,0.028033307429327397,0.03321949230022429,0.01277320953318454,0.02343529862469137,0.040257441581229986,0.020956278977508423,0.021569391655307253
2023-06-10,0.12525681470751837,0.09522980212124149,0.17234817713012082,0.03628638183110949,0.12786503358656953,0.1494626018788298,0.08900461943150181,0.15165184964096207
2023-06-11,-0.004445935818591279,-0.005128538846877014,-0.008913477270997104,-0.0008279075858068749,-0.009839065288648316,-0.008034918466352561,-0.007233599506750129,-0.008201328320682348
2023-06-12,-0.00031863969302942303,-0.0015621182178642767,-0.0024085893417946664,0.000187985228161713,-0.004187593241962367,-0.0024719763850250855,-0.0032565949190417934,-0.0022055012962098894
2023-06-13,-0.020167566574222508,-0.013498391263776898,-0.009079820417195171,-0.00429635030604367,-0.0035373382410727842,-0.017749562129936333,-0.0058885363123496156,0.0007490950683494123
2023-06-14,0.013951800862872184,0.011107547069984859,0.005265362217491065,0.004352587801389727,0.0044594433290902034,0.009364671448931734,0.006987488166572572,-0.002652909079963954
2023-06-15,-0.018500076238516586,-0.013912188450537767,-0.016399222667181305,-0.0035945789390716743,-0.012243714488385366,-0.021279128257864936,-0.010564232112045172,-0.00967352833190492
2023-06-16,-0.022049120827676603,-0.014795326100719685,-0.014711793182541717,-0.004138689191050037,-0.007896761374636527,-0.021379556455273042,-0.008001727885761863,-0.005593000420615618
2023-06-17,-0.010910686401255802,-0.008038145872165132,-0.011042304513139537,-0.0024339086945344515,-0.007912428638495785,-0.007309672790233492,-0.006257969758064523,-0.007097819553782366
2023-06-18,0.0016182265911543904,0.002414164462721789,0.004249968765053351,0.0005182755938594501,0.005217378355720305,0.003719818124187261,0.003881336158641498,0.004099787573620358
2023-06-19,-0.006698893221095127,-0.0062067940063833,-0.010584803544226496,-0.0018358273777603006,-0.009874397435369041,-0.009442890161971437,-0.007228078740336527,-0.009414102138045659
2023-06-20,-0.016856025556597407,-0.01963547338503947,-0.01638853040696948,-0.004712198484846573,-0.023931053641733934,-0.022211846103059846,-0.022767075559957117,-0.00668611551542449
2023-06-21,0.004217456638263584,0.0014268731958935437,-0.00021660510711600569,0.004637072941917863,-0.004039809247287929,0.000983082404922339,-0.0021521057038629506,0.0002649366312437217
2023-06-22,-0.005727289622977208,-0.004360403078426106,-0.0079066534969255,-0.002571359384237647,-0.0057774162319498504,-0.008157886257922011,-0.0040692529030103685,-0.007837261012136196
2023-06-23,0.005968970001481013,0.004217744274447879,0.004465184504710718,0.003547172809040958,0.0023548541689864377,0.00548430330782726,0.0025264229748005827,0.003575941740434036
2023-06-24,-0.0006353005982244522,-0.0008466617906598532,0.0021117910105500795,-0.0014411508422579752,0.0012810072379561735,3.417659677982742e-05,-0.00022068962682898898,0.002711493660104707
2023-06-25,0.003595683280244544,0.0027337668212224792,0.006651656450269956,0.0010720045516822488,0.0050366473997806496,0.0058385894641535055,0.0030493927445939435,0.006890618573908533
2023-06-26,-0.004239410939028302,-0.003440248243235921,-0.004083068970162161,-0.0026732878684360604,-0.0031142064541598287,-0.0053547062618713,-0.0028611903884568596,-0.003726308207978756
2023-06-27,0.009195777860244732,0.006802430113038339,0.015355002424274298,0.0037112389558129847,0.011052471060665784,0.012247703231677025,0.006904726247473959,0.015860655730492834
2023-06-28,-0.014771977394774864,-0.011224891079930473,-0.012622756363818027,-0.011207771073851484,-0.007908650868522141,-0.01811222762611176,-0.007987158064851901,-0.012633525403884852
2023-06-29,0.0027555518203612153,0.002001777772724687,8.1746691346711e-05,0.002637014114056536,-0.0005437928962161308,0.002188230108221463,0.0006562563613000901,-0.00038278619826552545
2023-06-30,0.01925113276714121,0.01451061621116129,0.0057477781176775156,0.017984125463116833,0.0010503685795931693,0.010779057021676199,0.00690214846464784,0.002876667450680801
2023-07-01,-0.009188497736841229,-0.00664614896700027,-0.00957056422934134,-0.004225054124764892,-0.005873040008775384,-0.00949036376927929,-0.004337292848365706,-0.009352158577238662
2023-07-02,0.01088950409500411,0.008973114137994705,0.003067065157833481,0.0068658700445669895,-0.0017049224740874349,0.00498265651307092,0.0026445107580110486,-0.0015624344258333537
2023-07-03,-0.004685913148180424,-0.0033185205484703847,-0.003015421947584962,-0.0017353533258786834,-0.0008974198030555018,-0.0028221912321486917,-0.0011897921174673452,-0.0016416423317874127
2023-07-04,-0.00692039845029699,-0.006132809037089349,-0.0025769042226487563,-0.005566698314087894,0.0002482131844444858,-0.004515442326321153,-0.002597775076750653,-0.0003443879560935228
2023-07-05,-0.01100837039779175,-0.009224405596036406,-0.006164747788772763,-0.007701816740841081,-0.001682853771239582,-0.008893302200052262,-0.00437400777247418,-0.0036179275231940818
2023-07-06,-0.01030467460415175,-0.008357339691576184,-0.00649410027368718,-0.006599000115661586,-0.002279881656426583,-0.008522314977412676,-0.004066725726062662,-0.004371237930683066
2023-07-07,0.016615988479166458,0.013282761813376016,0.009813174349826983,0.010082917675752682,0.00291013826591489,0.012895382505624732,0.005978914911735386,0.005881190325150982
2023-07-08,0.004033282943244034,0.0032495595460077316,0.0015478160373338424,0.002396425050753388,-0.00020816468896740404,0.0022949009914675095,0.0010729646391891598,6.10648286892495e-05
2023-07-09,-0.004208508619117417,-0.003185379689719473,-0.0017843392179864308,-0.0020062231038787113,0.00011420601531135438,-0.0017171671252463384,-0.0009230829416236957,-0.00010273119590083165
2023-07-10,0.004591970821191479,0.00448570331504532,0.0010181431345965295,0.004487565203851857,-0.0007758186156353162,0.007033421275408119,0.0018588610137469132,6.994747215136998e-07
2023-07-11,0.006002703112423994,0.005103773387013946,0.0021525694407600864,0.0042646831507232,-0.00037871559972643703,0.0033979709361452487,0.0019125203022807005,-9.818793806205154e-07
2023-07-12,-0.007237724691290582,-0.00598998478105173,-0.002755393342331095,-0.004597383682458368,0.0003805666822042718,-0.006305515610573641,-0.0020780748551532677,-0.00043874349122603246
2023-07-13,0.11808325100585886,0.08888101166449326,0.07717402858233731,0.05735861763174189,0.026137462414889994,0.0954244860529391,0.03789874099391681,0.04984202708990837
2023-07-14,-0.04442017922550131,-0.030317985848168836,-0.026227549208943362,-0.010905523985321377,-0.0044694016179276375,-0.036306331593068675,-0.0070895942271520015,-0.011632377008387968
2023-07-15,0.017126209381342128,0.011301023040938211,0.011386452223169002,0.0036940603625837476,0.0032152622728804877,0.014496897644011218,0.0030538319578187496,0.0065167907282069155
2023-07-16,-0.016293851995121175,-0.01062419657377657,-0.015809108252108288,-0.0037603253800815267,-0.008608103906979839,-0.01686712034981278,-0.005173100603312492,-0.01406885168263174
2023-07-17,0.0035644494095425426,0.0021339660719782863,0.0016686418139267667,9.575219236404201e-05,-0.000219425841619504,0.002080121616519162,-3.752817726161343e-05,2.6335638855079587e-05
2023-07-18,-0.0174862037180099,-0.012509640130845521,-0.0074727354588042605,-0.005783738008563551,0.0010725104902724006,-0.012432979927428466,-0.002427956424561193,-0.00048178685593819526
2023-07-19,-0.004000548837473838,-0.0028045136215131467,-0.0005656565778400607,-0.0010166034173780085,0.0015232959001871549,-0.002313614373379119,9.126340819072707e-05,0.0016901523693812486
2023-07-20,-0.012436340062231032,-0.007364399783793548,-0.014705224491671845,-0.0014100268767520592,-0.009229359590342755,-0.014561451876046108,-0.004263173534158802,-0.014585056261790828
2023-07-21,-0.006768958530378922,-0.00516057126410414,-0.0008422156074959582,-0.002902902282047393,0.002494002091194316,-0.0035135588759874106,-0.00046284886048678894,0.0028287492092593965
2023-07-22,-0.011342241252774395,-0.007738913843454611,-0.00688743507258582,-0.003219007431542446,-0.0015725987839726185,-0.009256315855445316,-0.0021825546793713896,-0.0035155187098162063
2023-07-23,0.007357625650828942,0.004656826617217946,0.005357404023410899,0.001265383338414745,0.0018708730657458865,0.00670848246706195,0.0013418052755710182,0.003532248725436775
2023-07-24,-0.008788078479056287,-0.005491925186137214,-0.008370273803373275,-0.0015824287323043121,-0.004380966386995176,-0.009046503637067068,-0.002468108588242869,-0.007266660536714196
2023-07-25,0.01665850376417087,0.01311750131028482,0.01081508018408409,0.009704423538325827,0.0038429952110560685,0.012531468485822123,0.006230583199988949,0.007077445700649203
2023-07-26,-0.00888777131169386,-0.006701151053214514,-0.007189310658864795,-0.0045396773045192065,-0.003480922894540068,-0.007644827956360502,-0.003569002689599335,-0.005845184991354143
2023-07-27,-9.080335113943611e-05,2.0693981872705376e-06,-8.903730421746709e-05,0.0001595054913699734,-2.087613020586486e-05,-0.000434872538240181,7.017080042305883e-05,-9.37424730527094e-05
2023-07-28,-0.0008366298149111406,-0.0007136878943276681,-0.0012889389890583488,-0.0007662749236640379,-0.0010429203307125731,-0.0006020251211180194,-0.0007774959035989847,-0.0014995874267827022
2023-07-29,0.0008303174314076854,0.0009268212434516013,0.0003286054927838122,0.0013278673194857117,9.156615388804898e-05,-0.002141813562727342,0.0006864403968009788,-0.00019923545987876926
2023-07-30,0.0026252539751308074,0.0015000846063776894,0.003521787299536138,0.00015204387023571626,0.0023592654545751966,0.005117226267879389,0.000982594036145282,0.003959706759430976
2023-07-31,-0.0020848776170763264,-0.0013854601443400712,-0.002661488860851867,-0.0007090534489360945,-0.0018200221449056959,-0.0023312544419062053,-0.0010490657563057386,-0.0028078665226744614
2023-08-01,-0.0023240230900047677,-0.0017992297624354816,-0.004190614866574967,-0.0014187315934222258,-0.004294930250944258,-0.003937139105359347,-0.0024316147514923813,-0.0063887267045786515
2023-08-02,0.0022269459856787944,0.001157971154283533,0.002534019043525995,-3.3685929725128346e-05,0.0015592992174886457,0.0053873914126882265,0.0006407614444901018,0.0029195924374109845
2023-08-03,0.0030861782272203686,0.0022048484123485296,0.0023808217026455463,0.0017109373138960771,0.0008089727193634792,0.002421773858736839,0.0010914675904351051,0.0014579885928515063
2023-08-04,0.0017135670292516404,0.001080807059294,0.002162417515493581,0.00043931940897082376,0.0017532276381275603,0.0021574401978963513,0.0009305249040420677,0.00269261858412983
2023-08-05,-0.002175762620185026,-0.0013418491697686935,-0.0029251326294828304,-0.00044752577772131914,-0.002506569624432124,-0.0029130902915037006,-0.0012518200281137423,-0.0038203427102733055
2023-08-06,0.0027863200326327933,0.001552240440994126,0.004706261666727806,-1.1371664865939876e-05,0.0046970346789477055,0.004659237319149827,0.001970119141279431,0.007047316652100403
2023-08-07,-0.00041231624746019635,-0.00020670334809639102,-0.0008297285863095604,8.424609972503577e-05,-0.0009026934020139921,-0.0008184287194077867,-0.0003436753243550714,-0.0013396181977908843
2023-08-08,-0.00682205223773686,-0.004547181296252665,-0.007204164163638481,-0.0026059369483569985,-0.004807510893074691,-0.007230313764295647,-0.0031691567960992683,-0.007570274806557655
2023-08-09,-0.0018492499750690206,-0.0012256296034442444,-0.0019871320808325004,-0.0006876100334064743,-0.0013525059477131698,-0.001991575402226879,-0.0008708475920224365,-0.002128528464958815
2023-08-10,0.0011183371109228415,0.0008036117456724167,0.0008417906460127496,0.0006371380694418088,0.0002603138995817413,0.0008553563392541831,0.0003891860647528392,0.00048110810871544496
2023-08-11,0.0018451251326794043,0.0011889417008890707,0.0021771478761609853,0.0005669971018996435,0.0016497673779643511,0.002175485168010423,0.0009426519369832513,0.0025595052393809522
2023-08-12,-0.0007669229450248003,-0.0004777949607237267,-0.0010002681284676039,-0.0001769752874494449,-0.0008340133296532473,-0.000996684420996091,-0.00042860516293949705,-0.0012772893082151101
2023-08-13,0.0010050784559285297,0.0007440216128551026,0.0006308811763872475,0.0006489100521200912,3.936979661596416e-05,0.0006475263493435835,0.00030148198355229027,0.00015085790773945658
2023-08-14,0.0006081877635934365,0.00024261424584741566,0.0015809069283486247,-0.0003414993800930532,0.0018820470686046792,0.0015530494839869036,0.0006413614584662022,0.0027784544351971544
2023-08-15,0.019343090786012627,0.012320238426892824,0.019626116142289467,0.00587204279706985,0.012367553338592652,0.020292005472520868,0.007783389721200144,0.019760998507262192
2023-08-16,0.014765076014574014,0.01100898068827947,0.0092136222423113,0.009663774533749864,0.0005263835924960331,0.009317445158060671,0.004455048699096587,0.0021103389570548718
2023-08-17,0.07270325923185073,0.04985060845909392,0.06674170228463445,0.03216637162670385,0.03584273092514278,0.0676254512124931,0.02926004074519919,0.05824992592457557
2023-08-18,0.0018202979663737768,0.0011725196090179293,-0.0004417196270508125,0.000790772690164251,-0.002515019968570442,9.11723144994752e-05,-0.000717140660788456,-0.0032815859103755367
2023-08-19,-0.005774826524364081,-0.003788354139885857,-0.00466383609470125,-0.0019742534991502845,-0.0018531864947718575,-0.005110760940550937,-0.001657167931744621,-0.0032156721814577205
2023-08-20,-0.006798484283314386,-0.004619138269333078,-0.0053948322445105945,-0.002830051975060573,-0.0019877709171061335,-0.0061440459979298125,-0.0020919511422293246,-0.0035527360958991054
2023-08-21,0.005168268121560602,0.0035746871322717786,0.004087043096685152,0.0022960390279733052,0.001732932121425889,0.0025043930085748628,0.0017474140611350338,0.002662346066936111
2023-08-22,0.008405905209215888,0.006414609096419223,0.00656772366657928,0.005511434916672033,0.0026133396645982854,0.004156634179756776,0.0035414607598086476,0.004069776276261193
2023-08-23,-0.019142812724062222,-0.012827731240140024,-0.01404166000523077,-0.0075444476900277686,-0.003721207605076071,-0.016588968259395827,-0.0049137768696094295,-0.007420496490176384
2023-08-24,0.006476097896471137,0.005177849870788722,0.0023612063236145594,0.0052559657296994446,-0.002200748848416192,-0.0002392938284342844,0.001389651298142176,-0.002934603743453239
2023-08-25,0.003138230597773986,0.0020819110385696294,0.0021955467666446796,0.001133751694445459,0.0007539847174955299,-0.00010088353676945693,0.0008206102783116598,0.0009783772255216351
2023-08-26,-8.822265388939854e-05,-5.439745708172114e-05,-0.0005857435617173364,4.644595023947414e-05,-0.0008850741465261445,-0.0002909182455653554,-0.0003526529407845548,-0.0012103854886623114
2023-08-27,-0.00909371152412904,-0.00626102171059206,-0.010002339623625189,-0.0036807405478114807,-0.007320543233927368,-0.009021643347572574,-0.004718477262113857,-0.011020006170884765
2023-08-28,0.0014393354940069707,0.0006712924174248964,0.0021537201373408765,-0.00038956619609025795,0.0019687845485664816,0.00309630054998577,0.0006546485532308888,0.0030761934293157232
2023-08-29,-0.032242853507046976,-0.023960864174319967,-0.024251022579225845,-0.019606882932698407,-0.007850725483353076,-0.020582220516336253,-0.012003111959601784,-0.013509231500989548
2023-08-30,0.009822113678151972,0.006338201864635275,0.011907817937596193,0.0027684894083264697,0.00946914475497219,0.011908740367174353,0.00522147267286646,0.014386091637855189
2023-08-31,0.003092614977445209,0.002443634932047893,0.0010028312312505352,0.0024912458420948812,-0.0013683578979711117,0.0010613257009557454,0.0005131723560094758,-0.0016498473926135292
2023-09-01,-0.004367672499104902,-0.003048523083979505,-0.005123071472787341,-0.0020184314168053864,-0.00406737430328008,-0.005568754318181305,-0.0026250499787696686,-0.006326268457155304
2023-09-02,-0.00027974727786355904,-0.00043860663088870637,0.0017601205318870708,-0.0030997254138846347,0.007170329230653366,0.003990510278552317,0.0021976034142839893,0.01030098250077604
2023-09-03,0.0030664484986571475,0.0019115946851347332,0.004281559043271892,2.3010743787679276e-06,0.005034429263323581,0.004397278090290998,0.002348433355011538,0.007446792930098365
2023-09-04,-0.0018245298581625919,-0.0010915595850184872,-0.00281536662630866,0.00048495490694045053,-0.004109736220885335,-0.004115437722695428,-0.0017461798647611516,-0.0061423200532040685
2023-09-05,-0.002940753601824468,-0.0008535565755758915,-0.001036835952255478,3.864780103230992e-05,0.006511042795199527,0.0012071132429778521,0.0030510919348133996,0.008959372875436007
2023-09-06,0.002422838294507484,0.001436454676478051,0.002058514948311983,0.001197479479979907,-0.0009768323882805845,-0.00028010338367129355,-2.4537326562893418e-05,-0.001355385514614728
2023-09-07,-0.009712890485898039,-0.00623231265599796,-0.010210100668533775,-0.004035056433738006,-0.004215187567282386,-0.00805687320061008,-0.0034308322353972178,-0.0068648695727979315
2023-09-08,0.006790324374368203,0.004303194430093163,0.006792358421531052,0.0034323228632490792,0.00125246001351372,0.0042493033579773225,0.001728923998048342,0.002600480868786789
2023-09-09,0.007307384294600906,0.004740968798898031,0.009919532503826064,-0.00034120843327669774,0.012421588873869838,0.01214427802738751,0.005991017988982721,0.017626496224509066
2023-09-10,0.027994679150727717,0.01915498350813964,0.029573961438773923,0.006534487687853288,0.021682602657134165,0.0309102646703251,0.01481343178528452,0.027107377002935504
2023-09-11,0.05195343581077687,0.03571841005639444,0.055035685705094255,0.021156382789137413,0.032902913752829506,0.05339380228062176,0.02490386231058921,0.04671718979845125
2023-09-12,-0.028638462161378404,-0.020950842214579074,-0.02713087881413209,-0.016215962697323973,-0.009816013930239202,-0.02526288649440862,-0.012089020322332346,-0.012123033811781243
2023-09-13,-0.019469585304754802,-0.013952722329327632,-0.01844976490709277,-0.011363510902250478,-0.0052726169582458194,-0.014217226014717354,-0.007386091341556659,-0.006706967265265146
2023-09-14,-0.015267925075388614,-0.011311788819433745,-0.014461001345374288,-0.011100054385591772,-0.003396249731855379,-0.009307234592051005,-0.0059996809142529636,-0.00457356254383758
2023-09-15,-0.012827357940562431,-0.011835734616168115,-0.013099823496976104,-0.009024728218901422,-0.013347017382656345,-0.012456150752292467,-0.011804832049888523,-0.013288092626476573
2023-09-16,0.002891375091788645,0.0010739651391856054,0.004736344922172419,0.0010834845326197055,0.0030180921241821025,0.0027540050556438558,0.0007137901477924686,0.00748134735665982
2023-09-17,0.010876141867177282,0.00948247865181891,0.011607109800950081,0.007041600388814657,0.01111605694204277,0.009395465775635478,0.00925610616727324,0.012039574881682962
2023-09-18,-0.005335579372058555,-0.0058359764970862555,-0.002982208809210448,-0.004678140367173674,-0.0011799401242396984,-0.0007418039644457774,-0.004396758306868604,0.004343403725551806
2023-09-19,-0.009955068472298557,-0.0052060590047799315,-0.011502372344973748,-0.003970900418183974,-0.00315468823701693,-0.006428513832232108,-0.0016053044436614345,-0.008622884751682065
2023-09-20,-0.010525124984004477,-0.007269823743221155,-0.010660883015181142,-0.0025430478835893762,-0.007142434426694623,-0.011032955961249374,-0.005296924283102668,-0.008343438050591985
2023-09-21,-0.0012040699453521977,-0.0004023968795926434,-0.0018308650489511247,0.0017405744415072064,-0.0031475633369380403,-0.005731582491186389,-0.000956338727584271,-0.004821404896931755
2023-09-22,-0.0013227840909691506,-0.0013771142610994533,-0.0007774745747345437,-0.0014015579082565567,3.594152079206441e-05,1.5685770521237685e-05,-0.0008831508112385617,0.001172591544968889
2023-09-23,-0.0048439035011936344,-0.0051565440083698845,-0.0044678699288701945,-0.0035671480230817635,-0.005803462171484936,-0.0038124243285680656,-0.005578650174598647,-0.003968761017436794
2023-09-24,0.0012659174619764585,0.002601728369705637,0.000971987926636306,-0.001913987563909085,0.007780653098435261,0.0051779884040186585,0.005312919581451286,0.004788418027058516
2023-09-25,0.0017726355302307,0.0013626345457677755,0.0015354624486845834,0.00041278880048915107,0.001071203740862704,0.0020929593692239653,0.0010140222773436752,0.0007400328640109646
2023-09-26,0.006185808380374877,0.0050282022103312,0.006746327887254778,-0.0018032364012011883,0.01089235681909056,0.011066957226897803,0.006535654049957649,0.010677079076393885
2023-09-27,-0.0019662364021831415,0.0016503686693365531,-0.0058281898316311686,0.0010595107471222738,-0.0023580332968070015,-0.0029145092987358156,0.002269074060786856,-0.011871762284066755
2023-09-28,-0.0034025230261168302,-0.0019114780412102799,-0.004875470237474643,-0.002208699657258107,-0.0030961287575743566,-0.0029009633509732183,-0.0014820802172670717,-0.0067009989442719945
2023-09-29,-0.007318400055080366,-0.005665681965777447,-0.008074497932051485,-0.003802920153485245,-0.006728496688936883,-0.00733151428088772,-0.005097541038400983,-0.008541903332479773
2023-09-30,0.003188152671095057,0.0046024080406492284,0.0009114781633789125,0.004099857800363261,0.0018340714716377328,0.005139807204583693,0.004399138091848452,-0.0026763567907261906
2023-10-01,0.03073020675808809,0.024262328721037205,0.020230297209397605,0.021638590987709875,0.015049986626815004,0.033621413896991914,0.020285006177711278,0.012084435827586794
2023-10-02,-0.03066427455307285,-0.019466979366327266,-0.022153223357216374,-0.01621483401449627,-0.015009256890342854,-0.0273209939790284,-0.014761047325841202,-0.017415208385297292
2023-10-03,-0.0027106291235227437,-0.017607954209328886,-0.009359933658354304,-0.0009287773953583454,-0.010737061903865181,-0.008276492923271046,-0.02121047016325381,0.004983233659856273
2023-10-04,-0.01238996661097468,-0.011888038250696778,-0.010139015811619023,-0.006710254861486786,-0.007766449428859992,-0.01309965680120509,-0.010886932080995735,-0.004401472616428259
2023-10-05,-0.008015571306410955,0.001755561543823411,-0.002746451820564458,-0.004358357326061325,-2.4700851405616064e-05,-0.0041348522737439455,0.0047237971614462505,-0.0073663318943615426
2023-10-06,0.005105064520000707,-0.0029004252047193195,-0.0010958040127052083,0.0047147797810322,-0.0026691082740572195,-0.0002465668420388129,-0.00555262006353071,0.002589472369984546
2023-10-07,-0.01008506387110362,-0.006109090963756547,-0.004184603441846692,-0.007159086965934321,-0.0020165004370869275,-0.0071280952303438205,-0.003927683463758442,-0.0011642795876701236
2023-10-08,0.001658197168702856,0.002069300965696712,0.0049661058144540296,-0.0007787252167771076,0.0046152921406526866,0.0024252587085021745,0.002713762408534917,0.005848680913752908
2023-10-09,-0.007183233013219267,0.009333470566977992,0.002512817750357836,-0.007667415185190398,0.0048446517343810665,-0.0002826288316831303,0.013983522557955604,-0.0094965706406276
2023-10-10,-0.0002456486899907034,-0.003544689640615447,0.00011847282091535357,-0.0013001026125778255,-0.0004129771117713793,-0.0004200645906310897,-0.0040022774741667105,0.004107065349420711
2023-10-11,0.002944496564950899,0.0026405993062100894,-0.002230375338172171,0.004370381419468428,-0.0024993073821814285,0.0008996957010662291,0.001505780722627767,-0.006068616710330054
2023-10-12,0.004992271461926131,0.0006364260628896703,0.003065830300642276,0.003044789644147582,0.0018235528453988264,0.005290602546809688,-0.000557604718798265,0.005626466974510062
2023-10-13,-0.006371273785676764,-0.004388791183216517,-0.004183452438069466,-0.003529768635976085,-0.0027463450223872486,-0.0055531883124371505,-0.0033946485896328067,-0.002452377045498405
2023-10-14,-0.00039883524050954777,-0.0010227014541880834,-0.0004353431793119212,-0.0002631332130996343,-0.0004348293176009429,-0.0004885203778370998,-0.0011108380545028491,0.0004560831866881262
2023-10-15,-0.0011953115567456068,-0.0009025931826732146,0.0015388913981704002,-0.0018081590027106843,0.0017371947889227755,0.0005558144094909515,-0.00026883408266721175,0.0035786564669759817
2023-10-16,-0.02330488472246485,-0.01076441655390062,-0.009281186136618607,-0.015331314295159878,-0.003683426453155289,-0.01577842967055437,-0.005153349384634874,-0.0054326646602582684
2023-10-17,0.033681319170671145,0.022382471612400093,0.024361745473652534,0.01672875134742137,0.016543116444216563,0.029806477809756614,0.017496713569925743,0.017287210795853276
2023-10-18,0.005648626762000985,0.0019209619306132608,0.007888150926403083,0.0008247462875210781,0.0063155103401056345,0.00617566949682418,0.0015680565818648122,0.011522807911187599
2023-10-19,-0.002488482060238106,0.005058521916706782,0.0023013006853537794,0.00040388429116326003,0.004487582568166858,0.0003609716578439443,0.007455431062264549,-0.0005236122953055804
2023-10-20,0.0019257940564218314,0.0036773131012374904,0.006690213253299204,-0.003678027400239068,0.0055947695619685085,0.005790236837371651,0.004644985245389874,0.005397807892485628
2023-10-21,0.005405917643640421,-0.0007374827492207793,0.003495346681369305,0.0029735182840306524,0.0019963334187869126,0.005539470946297086,-0.002189538652837037,0.008024087269871912
2023-10-22,0.03824497876121559,0.019972300937029563,0.04178414753841397,0.011627621489811661,0.03215858619069255,0.043355982014227135,0.016411339596176668,0.05059874096173376
2023-10-23,0.0432561246972226,0.03458746358800998,0.009883949364214824,0.030605781654605008,-0.00012893123047383022,0.031633054189622443,0.02447567411320537,-0.021101621434252565
2023-10-24,-0.0052102157712062905,0.006804994456668401,0.010382972138617084,-0.004230345181603064,0.014170726444972788,0.003562915630247362,0.012435634893283412,0.011904117410885559
2023-10-25,0.024078624214499703,0.018090278415119995,0.013513950398172093,0.008240811785041303,0.0060881782723030495,0.030286652564424126,0.013700454786755606,0.0003427249247349018
2023-10-26,-0.0008155418989671448,-0.0016535866617925644,0.0024844452389679536,-0.0006168637185174027,0.0030708552506653383,0.004026678506632473,-0.0009599230740222291,0.007892704288807497
2023-10-27,-0.024240124256597304,-0.018184098490921598,-0.020149397871820365,-0.010813702856624832,-0.014562553291151106,-0.0240992204060479,-0.01537999356133215,-0.014428664764487916
2023-10-28,0.0022885150175369295,0.006482401925469624,0.00670567928228655,-0.00048538457320741003,0.00679405309983939,0.003076966121810253,0.007946174889033753,0.003618112659682565
2023-10-29,0.018995345865438145,0.011577473292336977,0.012897479247558378,0.009614463388308032,0.008272833508017937,0.01772333493143828,0.008415741325063241,0.009756730145489638
2023-10-30,0.03347735603678046,0.02194704664481582,0.02928184160560683,0.014534601201328278,0.021493164960586224,0.03445481672610592,0.01793465901305376,0.02704827847627456
2023-10-31,0.026645912052091724,0.004689057750814277,0.0067363371197578245,0.016249046163371205,-0.001770382357990002,0.015327142818289343,-0.004220759886525832,0.006772769280361178
2023-11-01,0.025389253747334965,0.02179030352475658,0.023765341705434446,0.011825584395019571,0.010872650209831487,0.026587560715638763,0.015466015314277512,-0.002805815979764836
2023-11-02,-0.020997289983585674,-0.017994067259187656,-0.020824774638738296,-0.01114340977775561,-0.011369192454716497,-0.02483530541296863,-0.01370990390937893,-0.004365182185045502
2023-11-03,0.005096627627824986,0.0018102583256731526,0.0053021369857440825,0.004243912771727815,-0.002918124351008494,0.005087043535607609,-0.0019584362023356335,0.0023038938872321385
2023-11-04,0.017100564118386556,0.013773197502605512,0.01638753410586385,0.008847706112071117,0.008930737464434426,0.016425087809109944,0.009832235066359055,0.006619926843467932
2023-11-05,0.03630614343018273,0.027946851934972677,0.03733273019153418,0.01650783852357406,0.023924089116277514,0.04145200735957685,0.021172889070378422,0.028987517558403994
2023-11-06,0.044681877916671144,0.03237631027938097,0.042698360354604364,0.026668491643405064,0.014797850933150516,0.03888304976393161,0.01777620189202539,0.019981858397200583
2023-11-07,-0.03155582639528191,-0.024026548559243088,-0.03151512192989015,-0.014533996633654872,-0.02006835866452555,-0.031540718047729684,-0.017488643859326625,-0.02556296018434898
2023-11-08,0.03615999084972644,0.0268811063927821,0.03459178300487928,0.018697359799695105,0.013557519350907725,0.033048940187377605,0.015795505321575466,0.01377216051815011
2023-11-09,0.03120518752581114,0.01897871018510399,0.030333846337483223,0.017836095077218495,0.009480258495032388,0.02315395719246383,0.00713726178853049,0.02942877002543427
2023-11-10,0.028009294125347275,0.01693156250920075,0.02638142251325136,0.008296293772354106,0.0006233879389670749,0.02456381266649388,0.003239249266846728,0.003028212518846314
2023-11-11,-0.0024201688708631944,-0.0018378866742365843,-0.000921040194079044,-0.0034842496370634233,0.0022787184326546017,0.0030968157399465113,0.0002045572895820023,0.0038324966671456503
2023-11-12,0.0011860856144868205,-0.001740370340291858,-0.003432980588801367,0.0015827716887803905,-0.02318007618514207,-0.011068941998477414,-0.011898940102680994,-0.03603381381962306
2023-11-13,-0.027010666249579533,-0.01905499384871134,-0.02588152983845837,-0.013249848463059722,-0.005285649387972169,-0.025222238832556393,-0.008358340594635834,-0.0059128275796779695
2023-11-14,0.003815852134695856,0.001038335464297142,0.005269146618474086,-0.003845481618574528,0.005882811397517954,0.007285148101354456,0.0009027021010813931,0.014016797398262022
2023-11-15,0.028995666809629485,0.02096944426979538,0.02711934518639354,0.016121213615652746,0.007611448016862791,0.02345569853700682,0.010328515426550552,0.009343222210272839
2023-11-16,-0.052150077507886784,-0.03878665786068126,-0.049399145634909825,-0.024919450290345917,-0.016960906330960902,-0.046451587340681326,-0.02110428167122,-0.01517145506907289
2023-11-17,0.007377120969973462,0.0012853763852162632,0.006590621226501288,0.002227650083106582,-0.0074921107904048715,0.0033411725015508862,-0.006189420499452725,-0.00010623845556836744
2023-11-18,-0.014586200795298952,-0.011015547571536286,-0.01351295837200963,-0.004199636627206671,-0.004317498538789591,-0.013530948518637734,-0.005998886087908567,0.00045720380732575886
2023-11-19,-0.002249397386317113,-0.0007495569815740047,-0.003302203583913656,0.0012191384525526527,-0.004500643084241102,-0.004396386555746513,-0.0011156841508743799,-0.010599252245631222
2023-11-20,-0.0030297024221299963,-0.0028730734985396348,-0.003455861816630515,-0.0005631413553611441,-0.0035514558834561696,-0.00542233569738741,-0.0030530734556290227,-0.002429237237992385
2023-11-21,-0.016005520709132182,-0.013819612722715171,-0.01574156404906592,-0.010139991767750817,-0.007990725296450518,-0.017916991144450754,-0.0102174969922959,-0.0037681171293439102
2023-11-22,0.007293248975179179,0.005547764436177361,0.00622790787153881,0.003936384794546387,-5.8621839197818956e-05,0.00500363029522101,0.0022376285730873542,-0.003284208059808664
2023-11-23,-0.0015087937850493613,-0.0020979110208426428,-0.0013471190727216069,-0.0005978615200265457,-0.0018754937878094555,-0.0020833412061534943,-0.002423660060027623,0.00147785720813305
2023-11-24,0.0037671228213579902,0.003346196173165434,0.003854159470937254,0.0012408869155642976,0.0035904200569468686,0.004600348398072565,0.003144951848706902,0.0028183443687364294
2023-11-25,0.003020344903918592,0.0025887606700984293,0.0036211581172636235,0.0004210184939386004,0.005063265312247771,0.004891285294826848,0.0032158303899264824,0.006720414628532464
2023-11-26,-0.003340543638309162,-0.002734956007897718,-0.003581592775058268,-0.000953006267680169,-0.0035082235653279364,-0.004252430321138357,-0.002604046664652677,-0.004148213535044521
2023-11-27,-0.0025762021664139027,-0.0031816564334081043,-0.0024383863927668567,-0.0009287271558474954,-0.0031206848916263013,-0.003510759579935767,-0.003579356768637388,0.0008463177192244196
2023-11-28,0.0028848590790455484,0.0021954219230239094,0.002626575981648062,0.0013645211207284136,0.0006844136856764102,0.0023813854278219803,0.0011487079021346867,5.9070693869804e-06
2023-11-29,0.002018684739770192,0.0015591817014334005,0.002503587670047044,0.00021461106122952196,0.0034605030317598224,0.0033114469829088025,0.0019521541913934148,0.005385110879701299
2023-11-30,0.0018638358436740227,0.002052575137797824,0.0023709551861695725,3.8697843851240334e-05,0.004510228097452773,0.003780707434292572,0.003107290863508056,0.004649000565646475
2023-12-01,0.005978157190323819,0.004415331441482133,0.006745559533330005,0.002159940022758688,0.00402700759264977,0.006256351177296245,0.003214801078182535,0.006080038683374744
2023-12-02,0.008196836271661985,0.00732810012894248,0.007477583757412571,0.0025539490552046067,0.008576230700317433,0.01038065733289153,0.007246792521846582,0.0070846599280795725
2023-12-03,-0.004109341342216217,-0.004281387549341674,-0.00283361181828528,-0.0010742530629296706,-0.008797080552458291,-0.00959800654695551,-0.0063301127595211774,-0.01102500956708374
2023-12-04,0.01594981398311073,0.010428736542098025,0.020753966207627088,0.008667239057234355,0.006809678602235976,0.014722624308283201,0.005332227050641212,0.019280795524750895
2023-12-05,0.01822911940057882,0.012239267013353722,0.023454175516137477,0.009015870130672381,0.003464964934374571,0.015692975073561,0.004749600641536672,0.0066109199504011725
2023-12-06,-0.0058195949056763846,-0.005630101327030874,-0.004667224806889268,-0.0016863951137912896,-0.010568686598007323,-0.011803232481424923,-0.007609432856299768,-0.013661395711387704
2023-12-07,0.020879454499927425,0.014674144824157449,0.025457738348520137,0.008738555498099456,0.004333468361881857,0.017389480301581526,0.006289605298969854,0.002153868205342698
2023-12-08,0.05654804000872148,0.04049968863502293,0.06889992964597193,0.027666756421771615,0.016578237764784363,0.04964413188343105,0.01989650358935019,0.020276848177483237
2023-12-09,-0.01458391609396118,-0.00901211961271481,-0.020309080758684036,-0.00939148888448603,0.0031263291063583446,-0.008355297537541434,-0.0001791003713455439,0.00024052566270541017
2023-12-10,0.03245018069535396,0.02354311207003106,0.039106289456271634,0.016069473026394415,0.009039447045496642,0.026709727998085707,0.011398181501501002,0.009473189243327414
2023-12-11,-0.06921103676341114,-0.052528222434519205,-0.07854609772318207,-0.029735760878091218,-0.03373213287305698,-0.06542747708114734,-0.03288232014885313,-0.037320954473851586
2023-12-12,0.00863596018266874,0.007344644624910409,0.008136957152095831,0.0018167822797332254,0.008156655475821707,0.010790126037004457,0.006761246389869291,0.006450837983430824
2023-12-13,0.003525989300274492,0.0019271418290425512,0.004550259388452614,0.00015089750882096154,5.4297594113039356e-05,0.002968944107435104,5.720508441052125e-05,0.0006441730794267132
2023-12-14,0.0026155661567136114,0.002781886862610068,0.0019881688636363038,0.0008842715731607173,0.0022738511172354274,0.003139596532792999,0.0026969477198632037,-0.0021878065623355722
2023-12-15,-0.029724683864660355,-0.021410605568955403,-0.033761586880775164,-0.008168504985652818,-0.01412492353041475,-0.02942252194125857,-0.012645100762135555,-0.015557658302963167
2023-12-16,-0.004286175508645455,-0.002020878131616737,-0.006260826669541672,-0.0015093199302295241,8.707625738692791e-06,-0.0030149443880215904,0.0003562682341083287,-0.004870099950582088
2023-12-17,-0.011620798196435416,-0.008257628673912821,-0.014637787420738043,-0.006024138457900637,0.0009720650220657705,-0.007458820424852529,-0.0022699669465919455,0.007150858786500054
2023-12-18,-0.0002683652679645166,-0.0034336131390088915,0.004273625606983187,0.000623435039185235,-0.011011069445709362,-0.006079873082805537,-0.008617601876517101,-0.005552800698403289
2023-12-19,0.014409549445028072,0.010837488184141321,0.014657225580029676,0.0021613709703273963,0.015448435279490627,0.019008071230113718,0.010208317350921968,0.024699897562059092
2023-12-20,0.015414176076118932,0.0110585152688607,0.017992920600324275,0.005400166053934896,0.005928041175447115,0.014163322555844396,0.005992813593964521,0.005995534651360451
2023-12-21,0.023308161671935716,0.013808794085913451,0.0336773401492109,0.014374134241191746,-0.012161647824755912,0.009053892630668109,-0.0032076628982044475,-0.017939090795988866
2023-12-22,0.01027941377622683,0.00790477885735939,0.01013843440972342,0.0007179767003718387,0.010225817345057888,0.013473915718331663,0.007120662838598372,0.013168087438728696
2023-12-23,0.013204543478113572,0.009880577567987627,0.015304808027037787,0.006275502806124227,0.006172773085389559,0.01213677017948063,0.006015732513071476,0.008162437608851582
2023-12-24,-0.0006700133872507583,-0.000934286410951061,-0.00028417890395196347,-0.000553798775287091,-0.001769224162889003,-0.001239082242358637,-0.0014575601671604071,-0.0015240613149838922
2023-12-25,0.01585548536471651,0.010498503539663816,0.020451587005779693,0.007701503101677966,-0.001097325070718753,0.010565034818233527,0.0020071556575005155,-0.0028629879889020557
2023-12-26,0.026007274001720777,0.01641176742278431,0.03350039640832202,0.010180978652464472,6.347681899266843e-05,0.01903672475944938,0.0028824821890478186,0.0032835355325676195
2023-12-27,0.022662580187480665,0.01546214196521287,0.02778584107348775,0.009304181336265932,0.003461887930370266,0.018211986357158105,0.005306988992071961,0.004801490721953017
2023-12-28,-0.006144799443398109,-0.004706460802817614,-0.006869081279899078,-0.002203178250992578,-0.0017768703890055052,-0.005512084487577047,-0.0024510902145008285,0.0007440693302983925
2023-12-29,-0.002845486768546886,-0.0012078521440651094,-0.004758406752486243,-0.00227570693485362,0.0033726831550752916,-0.00016753320209029004,0.0018473209434905023,0.002313909304760576
2023-12-30,-0.0012822942701615997,-0.0012541739576664792,-0.0004891714454798806,0.000685847572690949,-0.0058416852268628455,-0.003918824855469255,-0.0030449561384974034,-0.010863522236930049
2023-12-31,-0.004854969595818834,-0.0045318362847116605,-0.004320119094360615,-0.0013061417160545276,-0.004072287991583095,-0.0057715538461165705,-0.004105177089654426,0.0003269765124805195
2024-01-01,0.00736062712928538,0.008889422993062212,0.003928339513121778,0.0014139882066643507,0.010915478808801799,0.011590738874991771,0.01061516033904618,-0.0025543403733943705
2024-01-02,-0.00910534286261436,-0.004451783882455564,-0.013688021962666672,0.0006513639374254799,0.0004745360721366353,-0.007566408459010519,0.0003242162249952588,0.00045583079999263144
2024-01-03,-0.009061735452764317,-0.011206901926203635,-0.00403552389025715,-0.0029438269414842166,-0.014905676866216437,-0.014541857764322635,-0.013934926212334867,-0.0013301160906661156
2024-01-04,0.0016961278916165722,0.0015245782671619915,0.0007726677716501408,0.00037393246593171974,0.0028065171545330844,0.0026928023775907133,0.0019009411696257526,0.004296951893980306
2024-01-05,-0.005504790936613196,-0.0053463521952302395,-0.0023554237717145292,-0.0005865038924756385,-0.00909847869157601,-0.009053555171658055,-0.006663667885864802,-0.009964262637534119
2024-01-06,0.0016045401811597222,0.000915208887750588,0.0005846395238578374,-0.0006798541787798289,0.002661648796025861,0.0028580556399339587,0.001142224752498511,0.006399533700456531
2024-01-07,0.0034255867176086136,0.00302995963623356,0.0013862137435492114,-0.00019206706614505767,0.005676452386190009,0.0058073013478782635,0.00378067800721556,0.007557843526064217
2024-01-08,0.00018406908910700184,0.00028177904930016504,-0.00013891469171443393,0.0001298862915424682,0.0006708271781305247,0.0004486618063408184,0.0004897870330300024,0.0008499931872485263
2024-01-09,-0.0054998607185879796,-0.004628927935895028,-0.005177339043622079,-0.0016647963289902687,-0.004997737461888873,-0.006595640558501181,-0.004224450564254335,-0.004498308269025008
2024-01-10,0.00951076353141861,0.0059068361918280365,0.01459680495649529,0.005316208603820397,0.0006457028425516674,0.006359181646808101,0.0016729366124949348,0.0028770048947841078
2024-01-11,0.0004875904551319862,-4.5628539682451144e-05,0.0012745787949491418,0.00040406757545150424,-0.0007351896611542262,-0.00014500696904439205,-0.0006408438931893033,0.000629302087448671
2024-01-12,-0.01698500859455091,-0.010964530346664506,-0.025258686717314637,-0.00809855354959449,-0.0017458608965040914,-0.012301267818294246,-0.0036996440002513464,-0.0019220785073390803
2024-01-13,0.0018563650257072642,0.001110534573657106,0.004109259001644803,0.0015876983177841562,-0.001691309049824778,0.00017069684661131262,-0.000411248305602323,-0.0037721136812326997
2024-01-14,-0.004766317731278716,-0.002764339400030627,-0.008555444293560548,-0.0028922674448564616,0.0015525196677084866,-0.0021883520655359393,0.00011051228680440338,0.0024391062665060762
2024-01-15,-0.0020974763771319607,-0.0022774268662509507,0.0015227395965994649,0.0008605480039094491,-0.00690793838962895,-0.005534099784284039,-0.004138894891396197,-0.010731216775354676
2024-01-16,0.0018673121662512756,0.0005263152112884972,0.005500102655967875,0.0018884764723178724,-0.003719457367134186,-0.0009967265457118723,-0.0019059056885798779,-0.0050863697506543714
2024-01-17,-0.0005747520863715342,0.00023911122856215414,-0.0037915129742067013,-0.0014733112259590869,0.004207350691980145,0.0021558122186663975,0.002238855112519387,0.006455746696136715
2024-01-18,-0.005502172195181448,-0.003133193001925788,-0.009699899008559805,-0.0028123554033249996,0.0016596553639905605,-0.0027824571718403656,0.00014471845381584548,0.0028252006066131984
2024-01-19,0.0005796582720092733,6.192233137377488e-05,0.00244941057766066,0.0011038955899593543,-0.0021371515465998534,-0.0009951149911688203,-0.0010879859821727297,-0.003009164058326067
2024-01-20,-0.0020788402191113664,-0.0013353055733486287,-0.003635797546723185,-0.0017521701773424783,0.0003781530375391293,-0.000919574991643659,-0.0002291912040831256,0.00037228631914000126
2024-01-21,0.004321966904315952,0.00331954853215678,0.003831618168242346,0.0010790405304121884,0.004268304534783449,0.005387419874759115,0.0030586164769768457,0.006513032104386507
2024-01-22,0.005639903709134501,0.0038605636863745935,0.00791841132595207,0.00323431900136191,0.0015843525034659205,0.004355041098527507,0.0019005826927758736,0.0027570359466849077
2024-01-23,0.0006335455598786652,7.643181804901267e-05,0.0029238945669328225,0.0015527952283159367,-0.002645775131645096,-0.0013601282159943437,-0.0012973973200414378,-0.003735384160987351
2024-01-24,-0.00019850513165440255,-0.0001733910817098893,-6.589568527934643e-05,9.996011941461558e-06,-0.0003511207954684994,-0.00034686176460266835,-0.00022481119840632595,-0.0005207308543452884
2024-01-25,0.0005035379506210129,0.0001797788031747849,0.0013983494882462899,0.0005377155354190819,-0.0008677799114010608,-0.00020901187559120864,-0.00041657530681510043,-0.0011919644313734164
2024-01-26,-0.006468481492307463,-0.004666204929122416,-0.008329247402066291,-0.003685384449612152,-0.002917584758221719,-0.005647313039728887,-0.0028886782884961185,-0.00473591340511031
2024-01-27,-0.0004534515136210721,-0.00040966554837580616,9.4272514343208e-05,0.0002517121412121926,-0.0011259265617335386,-0.001231285256466966,-0.0006609383115441455,-0.0016908299453184889
2024-01-28,0.0022320764092587917,0.0019532146545332965,0.0019463622382527278,0.0013232577368134542,0.002432380305598461,0.001998139739036714,0.0019332619793309982,0.0035575188163563948
2024-01-29,-0.00012448668284431678,-0.0001897245333582711,-0.0019348129443095229,-0.0024903629721186858,0.0020959721576071398,0.003010199000329345,0.0006824688034146331,0.0032510094789123534
2024-01-30,-0.002671918152414517,-0.0006016348379763092,-0.0040501408368265055,0.002319670208799189,0.0006213119349204634,-0.005323267941480027,0.0010295755896758375,5.087843144212965e-05
2024-01-31,-0.0016898864964724402,8.694215636393586e-05,-0.0060451803958902735,-0.0009897672133498863,0.0051129577044356595,0.0007676240940561609,0.003046779712830484,0.006961095369514185
2024-02-01,-0.0006368673821839589,-0.0003723499603345682,-0.0013598434502734512,-0.000978438876747349,0.0005583226058793651,3.0139116065493673e-05,0.00011546099288796474,0.000758256385346967
2024-02-02,-0.0015797785330769233,-0.0010297228832859906,-0.002132152373038888,-0.0009279685621031594,-0.0003557293707996007,-0.0011730824894921092,-0.00046201756452008075,-0.0006559730574557868
2024-02-03,-0.0005477711290312509,0.00031447295249558544,-0.00312122699977165,-0.0015859459490438746,0.003798542135203038,0.0015758777175288803,0.002057710533469304,0.005364635202633457
2024-02-04,0.0022617169906743876,0.0017668937748003125,0.00367275610462399,0.002953795768940066,0.0001697421387087125,-0.0008461823910019168,0.0008459272997085954,0.00010252630096185407
2024-02-05,-0.004163054053003286,-0.003904523753669197,-0.0028532078277107146,-0.0024168164231238155,-0.0060071211076054894,-0.0051997951812634245,-0.004489024124844766,-0.008873666271593238
2024-02-06,0.0008738350070541031,0.00044629546426761023,0.0004103993821236931,-0.001090206015319402,0.0010372463588705413,0.001418829233696029,0.00039707601610990215,0.001614721989361198
2024-02-07,0.002674421461530091,0.002787430160185151,0.0007696870834263159,-0.0005390040669483233,0.004725793680014087,0.006837456591746071,0.0036090619757193185,0.004083560429527774
2024-02-08,0.019268517359181662,0.013965871892340324,0.02106710223082683,0.007775427369127276,0.012015586250803057,0.019862380914473985,0.01013844923834804,0.01715423390248605
2024-02-09,0.013984134416917055,0.0133205125219124,0.012762747016791578,0.006073082496579718,0.012790456273273337,0.020085644567154202,0.012855386806901188,0.0055968879394611695
2024-02-10,0.0070637941054462255,0.006556172868511939,0.005132982559372803,0.0022910380406610444,0.00895858125311021,0.008994358078634641,0.007093670189465885,0.010028231312668872
2024-02-11,-0.006562526646362676,-0.004498129177092444,-0.009227819528386803,-0.006030102761715431,-0.0015721860422259922,-0.004787019406630284,-0.0022314004226541796,-0.004152024724383455
2024-02-12,0.0480980967243671,0.0378355308642452,0.06034630491715137,0.03714673117941262,0.02228272213255538,0.03981607274817326,0.026166117618440538,0.02375261879448515
2024-02-13,-0.005060291139807031,-0.0027176699989397055,-0.008418520311463997,-0.001759278601823132,0.0023845295012704234,-0.00219128238615306,0.0005458572550354081,0.005609100832996427
2024-02-14,0.044117270702460014,0.02780052064876772,0.059832726556640854,0.015139101430783395,0.00484617327349473,0.034558328025492524,0.009698201052012845,-0.001707262839284269
2024-02-15,0.005156246361881944,0.0018410415460942964,0.00907609185865993,0.0031896076871795924,-0.0032510365226279406,0.003378655863246197,-0.0019949061953963483,-0.0005436707745121247
2024-02-16,-0.011925519170468904,-0.009958059200652465,-0.011175828147977664,-0.002827541212811192,-0.010079559358188793,-0.014056628371201921,-0.008760951532305489,-0.008347209707156552
2024-02-17,-0.028445674680207207,-0.01955731607809715,-0.03352960125527891,-0.007669932586757727,-0.01092760374373057,-0.027001749323565912,-0.010903443905930687,-0.009639316883516285
2024-02-18,0.01060866951433,0.006840091299003442,0.013878610574268643,0.0022719867117082116,0.0012234005295264376,0.008968271724344909,0.0025169197905293796,-0.0025546357514499253
2024-02-19,0.008709123041089888,0.0068829224179718755,0.008268569785434166,0.001495670280059147,0.0069269408746991355,0.010274075294419305,0.00576217508211722,0.006479048772155563
2024-02-20,-0.004717493999406647,-0.007385033231298499,-0.0035093859382005293,-0.0010491142333831957,-0.005236361088192143,-0.006635081655464462,-0.008285992803104101,0.014470322256727706
2024-02-21,0.0006893432040826582,-0.0030517057672043587,0.003311451204321264,-0.0004768822545443968,-0.004527225156962611,-0.0016964936352424586,-0.005920978076977375,0.007393275882518025
2024-02-22,-0.005425847683221564,-0.004416241292482339,-0.004547019064599781,-0.0008470486442753452,-0.005501784471317607,-0.006965351659716256,-0.004167308451271644,-0.00645094745212882
2024-02-23,-0.013980840510832706,-0.010164560496631725,-0.015284644886038047,-0.0033534372339283905,-0.007506053418470643,-0.01447174007591345,-0.006813433638427129,-0.006866290615182896
2024-02-24,0.015057047589574404,0.013220017043876266,0.014701986659253555,0.003885370495398547,0.011418547376381876,0.017294832655045934,0.011429636401464768,0.0032202983312978888
2024-02-25,0.010462080331268695,0.006433517246771288,0.013863370381060811,0.0055878596594231555,0.0021379901058262954,0.00802377103265783,0.0023753190436895913,0.0060666416321896
2024-02-26,0.014109920188064635,0.01131475355192732,0.019842972739981146,0.010132848722640945,0.0009804746234107146,0.010001862179058161,0.005883237133381945,-0.009791669144256589
2024-02-27,0.006547703365519297,0.00718503946945269,0.0048804988391646514,0.003804007288020858,0.008631287848338153,0.010049480093213893,0.00815488398794225,0.005229311970235103
2024-02-28,0.01092296210296944,0.004037139282213484,0.020961224289998026,0.013464837053985207,-0.007984364045099666,0.0009742252325790361,-0.004608309669878676,0.003423626449367548
2024-02-29,-0.002753076227970527,-0.0030143632650435873,-0.0017109426729369848,-4.786858429223851e-05,-0.0038310705624944237,-0.004054030411161045,-0.0034660500387521764,-0.0009358509690992057
2024-03-01,0.006318814714611554,0.006715181546103162,0.0026599793615167486,0.0016516632918648635,0.010531357857685922,0.010531357857685922,0.008375437612132693,0.0034583356043268454
2024-03-02,0.022665654322100628,0.023972785463721533,0.009576191429458912,0.00567315226875288,0.03761861555109969,0.03761861555109969,0.029850568588881077,0.014699035173235286
2024-03-03,0.0033975709269802572,0.002649136103965667,0.0011931197498709714,-0.0021626666793650496,0.005557749845065495,0.005939600803555774,0.0032798394241876348,0.017711483859359823
2024-03-04,-0.0028127798671845872,-0.003937248195978064,0.00463318104013332,0.00527284477784466,-0.013070990398483417,-0.009988357063037868,-0.008047002797318074,-0.026780007688954006
2024-03-05,0.0008822744856825333,-0.004741016735951562,0.00781448900382908,-0.004645323239021107,-0.011722304809375158,-0.005175564379175436,-0.010807339437973943,0.025340096737593784
2024-03-06,0.006907956979551058,0.006779972088460468,0.004040704058580888,0.0018428814920820572,0.009863615147479958,0.011173867404691555,0.007865627407844623,0.006997239091357414
2024-03-07,0.024080734897221703,0.018999266679628177,0.026158827374854608,0.011844073720299185,0.015413655666219762,0.02540644850644771,0.01452431302835668,0.015778819244178618
2024-03-08,0.013489805357172235,0.011373387332539705,0.011249026616824977,0.0033792965218861024,0.013576628030824342,0.017408285191543985,0.010878225327779566,0.017202216667229205
2024-03-09,0.006693750654029559,0.006585207084697907,0.0034777683931650257,0.0010395700874651025,0.009998403700625968,0.010410732873305018,0.007796892258779952,0.0069235607878573
2024-03-10,0.010115610774038709,0.005547103857026133,0.017287131333104368,0.0076782353687808655,-0.0037313524386061564,0.003933446406524654,-0.000814531117803448,-0.0036098240363057264
2024-03-11,-0.0020218324907954836,-0.001386059289093516,-0.001183484447865959,0.0011970928395021406,-0.0025874666501066674,-0.002694581430550393,-0.0014250647991005218,-0.010092642591938521
2024-03-12,0.003313833569707689,0.003426405582090314,0.0020105653399011087,0.0014828701287004455,0.004862745960112944,0.004773026837571903,0.004035603913016173,0.003373366429906202
2024-03-13,0.013314212068169271,0.009330610158407382,0.015789924270194895,0.00501488072504025,0.005240750385807798,0.012156474135942305,0.005268140768165039,0.0030359501238535857
2024-03-14,-0.008703640858156069,-0.008323354238452938,-0.007488741584233175,-0.005364690387176139,-0.009169740288916947,-0.010371157128014048,-0.008396925975929314,-0.0016736476790364073
2024-03-15,-0.008487951701749843,-0.008892244483491673,-0.006408451702490703,-0.006122474817127263,-0.010859934759806969,-0.01086198492274921,-0.00988755373986066,-0.0016058782208473138
2024-03-16,-0.021688292522971886,-0.017796241554176792,-0.02432808514918237,-0.01359251254318684,-0.013529365751876734,-0.026179418707692897,-0.013808018095129737,-0.0054874266294096495
2024-03-17,0.021957766564420104,0.015389097824581179,0.02469124892346212,0.006309688379478756,0.010691698154743478,0.021171485757824807,0.009450930000702415,0.01658140469101137
2024-03-18,-0.027606945098943396,-0.021591258121138275,-0.028936592248787706,-0.011118965047161386,-0.01826854468358783,-0.02842703477183179,-0.016472324949041724,-0.018442069746133383
2024-03-19,-0.01288088841840348,-0.009776998125453967,-0.013752441888073945,-0.0046282321217918,-0.007378259236131468,-0.013247620792664614,-0.006903657240382253,0.0005403153179433928
2024-03-20,0.0008212282072896417,0.0010019263581694873,0.0002537387571680137,0.0003622277095597866,0.001390415248345427,0.0015025526374730896,0.0012615020312263345,-0.0036921132133205794
2024-03-21,0.004535838702250177,0.002344062960245184,0.007964909173602134,0.003446775042269872,-0.002124876186571104,0.0014160945332337708,-0.0007131422690478028,-0.0006115679304757361
2024-03-22,-0.008587439516317501,-0.005724591268486979,-0.011653525957580926,-0.004889754839986781,-0.0014635426814770152,-0.006119300070712515,-0.002313324732568722,-0.00359055461596259
2024-03-23,-0.005232173478683476,-0.003115929167304564,-0.0065356213943977386,-0.0009182084267285036,-0.0011442727467304878,-0.004524506426893999,-0.0010419499150313549,-0.003295026791693645
2024-03-24,0.004144762455835453,0.004374764941406315,0.0017484470725272546,0.000909647452160624,0.006981232219977258,0.00687627817644457,0.005493268774858592,0.003890682932363711
2024-03-25,0.003548950420154264,0.0035551789085410033,0.0015006880579792365,0.00026570983330769784,0.005960838043326564,0.005871836342960094,0.004459171865718797,0.0073038964934176815
2024-03-26,0.00465012884506988,0.0043139732020597964,0.002801037266632934,0.0005921420764944192,0.00642505336871798,0.007596996827687195,0.004906394705956434,0.0074938818293497035
2024-03-27,0.013139214522076186,0.00773194564457871,0.01776376031499207,0.004025462332841089,0.0012018879541871527,0.010087953235926263,0.0018894858080689238,0.0037601471517692514
2024-03-28,0.011020623815960666,0.010130734940543845,0.01110504875232309,0.00831876113882114,0.009467517380262079,0.011371478279350158,0.00931721026058326,0.004387132453518571
2024-03-29,-0.0019920748399236774,-0.0021440877746256434,-0.0008457588762928323,-0.0005323083469062492,-0.003376906717342123,-0.0032814436617511697,-0.0027031073166287243,-0.0013735835271237037
2024-03-30,0.0004890593005788786,0.00030682894347450993,0.00020640809614488951,-0.0004745458073765374,0.0008301909215154401,0.0008081279331196554,0.0003870440728470448,0.004922246189364997
2024-03-31,0.004649168146875809,0.005041089039198865,0.0019627417946511887,0.0013206533963786055,0.007889394212493964,0.007679896545910448,0.006358484835692212,0.0022743859519553157
2024-04-01,-0.008280820690341662,-0.005505907421981391,-0.003273458452465361,-0.00046183421656756157,-0.013801367817236102,-0.013801367817236102,-0.007268714885353056,0.003618270601517204
2024-04-02,-0.002535844110046676,-0.001835174076904961,-0.0013424365552071268,-0.00019637748017664795,-0.0042500654493009965,-0.0042500654493009965,-0.0024270375430269987,-0.001019177011965752
2024-04-03,-0.0008716811239186026,-0.0006475657974651767,-0.0004994230418048426,-7.359651705602928e-05,-0.0014634494280635374,-0.0014634494280635374,-0.0008569208757656633,-0.0005857418603637957
2024-04-04,-0.0010700193386383187,-0.0010065626542433595,-0.00108775514760681,-0.00016730644423562337,-0.001797500445525319,-0.001797500445525319,-0.001332258880132591,-0.003628007696095623
2024-04-05,-0.0014742936793146109,-0.0013175591820854798,-0.0013435658101062014,-0.00020515998081425393,-0.0024784363962552106,-0.0024784363962552106,-0.0017444541380864805,-0.004058510665127581
2024-04-06,-0.002303701834413921,-0.0019022760123901612,-0.0017489338921542936,-0.0002634805101523236,-0.0038766536336118924,-0.0038766536336118924,-0.002519698852778983,-0.004201560710098954
2024-04-07,3.9850025162270555e-05,9.589457764933197e-05,0.00017147974307041443,2.7378002566314085e-05,6.716524042837469e-05,6.716524042837469e-05,0.0001270977595486419,0.0009447291259066076
2024-04-08,0.0002631367932981763,0.0005384836234055338,-0.0008856466053403263,-0.000299271891329426,0.004052716414294145,0.0024169585058993063,0.0024269127693383025,0.003871324897700681
2024-04-09,-0.011607117589611308,-0.008708675308433675,-0.01400544392406519,-0.008124028016514418,0.0008225030562146162,-0.006467891271307586,-0.0018632197960340266,0.0062678030687429226
2024-04-10,0.0077133608916779076,0.006369499228690948,0.00855046532335395,0.003564518825186195,0.00534530183348621,0.008065822352546024,0.004818894776197828,0.008267605649304292
2024-04-11,-3.66652043630563e-05,0.0009060954280507093,-0.0022071474039390337,-0.0018127808506044377,0.009601884878454653,0.00564635572147649,0.005801230943899452,0.014098854537019487
2024-04-12,-0.012798763479461678,-0.010519342707361854,-0.021312421996236192,-0.012972969972341264,0.011111169097163018,-0.0004311397201156174,0.0016335951678533376,0.0017187647451030233
2024-04-13,-0.015853465278768474,-0.013171335502824998,-0.022516801511037212,-0.008638928176552381,-0.0020018624304206515,-0.01139941643310245,-0.005689418193050921,-0.0199332144239517
2024-04-14,-0.0023092989690917326,-0.001443953196924672,-0.0007401351838506298,-0.00012429885620046674,-0.0036602190447710624,-0.0037658342758114995,-0.0018537224176618807,0.002033870121860043
2024-04-15,0.0009631666078366104,0.0005108018422635698,0.00010567845540015168,8.522130608247374e-06,0.001528680711836075,0.001577147742109425,0.0006560278773922177,-0.0020045319007994315
2024-04-16,-0.00021678740693866497,-0.0001650824446561821,-0.00013920444343399767,-2.011287401016678e-05,-0.0003438777883914854,-0.000354763312451007,-0.00021198625244777557,-0.00021277678486232227
2024-04-17,0.0007980606900289802,0.0005283202064402752,0.0003294629551593812,4.518762420305081e-05,0.001266080161462618,0.0013061724197831659,0.0006784602388870526,-0.00027153639254544787
2024-04-18,-0.0016799551004117552,-0.0011577541351948488,-0.000798338497965374,-0.00011166780096980502,-0.0026639122217142464,-0.002748158812093497,-0.0014865460075268358,-3.0538983890283304e-05
2024-04-19,-0.0055202334424099475,-0.004655942466342428,-0.004588360018058617,-0.0006763605850591056,-0.008762094581507214,-0.009039960647775826,-0.0059801572028611695,-0.011441477561179733
2024-04-20,-0.002053716713397976,-0.0011744515480420288,-0.0004235788552419493,-4.921785901828966e-05,-0.0032704617990575876,-0.003375121747116401,-0.0015104914600127812,0.003158547562988647
2024-04-21,0.000710975003424992,0.00065456222612085,0.0007182868099534038,0.00010673107037717966,0.001133581400294012,0.001169980649153498,0.00084213214509048,0.002219965622071148
2024-04-22,0.0001921447444221497,0.00025702993234205006,0.0003786155776781875,5.782637255385557e-05,0.00030622703048282433,0.0003160484760492546,0.00033062189307325713,0.0016645628166041706
2024-04-23,0.0018738193193189553,0.0014095566589060772,0.0011661462977480186,0.00016740128946627974,0.0029860233000633114,0.0030817620707707842,0.00181300287467617,0.0016426965424691659
2024-04-24,-0.009102971676049764,-0.007346896105246367,-0.015264961471607563,-0.007739671318346032,0.006360503850459582,-0.001508906855095575,0.0006203700569041961,-0.0025469854953420247
2024-04-25,0.0011629669092366535,0.0008641907596283363,0.0007114992487565233,9.364816194707937e-05,0.0018227450453818668,0.001898652462544134,0.0011022466967265364,0.0009181227748000937
2024-04-26,0.0007235932024895953,0.0003977920939031787,0.00011473118957344381,1.182615773915957e-05,0.0011333575349541367,0.0011787124765380893,0.0005072499935090903,-0.0012981722667725461
2024-04-27,0.0006575418823648256,0.0007191443535387301,0.0009347318361645762,0.00014039691432662853,0.0010294804060769348,0.0010706298673599207,0.0009169263688056868,0.0035499852365245095
2024-04-28,-9.847633399777041e-06,5.816811490638499e-05,0.00014608004002585032,2.290684990676839e-05,-1.5412217971853275e-05,-1.602760238413797e-05,7.415109206538829e-05,0.0008567890114495355
2024-04-29,0.0008669173880538752,0.0007948655810872503,0.0008762570971574115,0.00012962828701633446,0.0013567923942828222,0.0014109677423161725,0.0010132563004392962,0.002643308252682802
2024-04-30,0.0009889196199514719,0.0003839842104128443,-0.0025728175621329763,-0.0009584481736131295,0.006198853615389086,0.004378029612373652,0.0027519894262379974,-0.0039031772631053637
2024-05-01,-0.001286962318692031,-0.0008149455888873818,-0.0016536492888096724,-3.7964609842063565e-05,-0.0024087113215227975,-0.0022853808141043057,-0.0012060153785898987,0.0006966588087727876
2024-05-02,-0.003117604247545714,-0.0024046068789992533,-0.0052067690970100874,-0.00044951315101583034,-0.005201849768354108,-0.005201206752045528,-0.0031826275477961656,-0.0034184281031487992
2024-05-03,-0.0016201133809775165,-0.001337540563739284,-0.002299570062744982,-0.0006986738107310098,-0.0027088888625091713,-0.00251262401665972,-0.001771689171774361,-0.0009976512621136264
2024-05-04,0.005023658282636005,0.005526228279235433,0.005041580514214503,0.0063574473599600865,0.005054505176113531,0.004564566267202349,0.005704530381620366,0.006430278143855106
2024-05-05,-0.003471435445660642,-0.0031246772849946912,-0.0028315497491702415,-0.0026153189956954607,-0.0019635307396131197,-0.003016396528024465,-0.002284856232087372,-0.0030194862935437605
2024-05-06,-0.017974425124481885,-0.015424214828084003,-0.010712243288683072,-0.01355381021019002,-0.008867555571789169,-0.01869596467019365,-0.010322500840239205,-0.006375798289115913
2024-05-07,-0.02020764920585941,-0.0151778278267069,-0.006989171258488739,-0.010053020071706987,0.0015347525363265933,-0.013848528999563922,-0.0031200112404739674,-0.004185346824095162
2024-05-08,0.00020374745255790933,6.302918509920197e-05,0.0017992954477893798,-0.0006636131185665936,0.002304408364087102,0.0008690569627392731,0.0010175772935063013,0.0006470184792246726
2024-05-09,-0.0005130344983764331,-0.0001947803561085695,0.0002586311607960152,-2.2088071873798775e-05,-5.5921999288392053e-05,-0.0008047589224783862,0.00011141040913639377,0.0015412818366388203
2024-05-10,0.005090897498930837,0.0031257316709818166,0.006625797422638632,-0.0003447974675317389,0.008226088984799745,0.008722193213276937,0.004061640323370507,-0.0008802851229274107
2024-05-11,0.001470183180263271,0.0010479352566308514,0.0027365589564242085,-0.0001849630893780276,0.002368197448076765,0.0026019459362164633,0.0013604394473703924,0.002194111739136857
2024-05-12,-0.002146993563898906,-0.0012780503734800357,-0.0013515538678035694,0.0001095597980392964,-0.00012319857878233075,-0.0018838091945722548,-3.023737001855508e-05,-0.0006508304768997266
2024-05-13,0.018305737963654006,0.014212052347973177,0.006816734569819084,0.01062962410163583,0.0015680398035206142,0.011843889066087427,0.004820534547256315,0.0022107064274096595
2024-05-14,0.01326124312721833,0.010072019644513933,0.010920338082818344,0.004689733021971349,0.006083297443601242,0.01259902104648642,0.00559256781168319,0.008734461107794446
2024-05-15,-0.004324456428490091,-0.002622884755314227,-0.0032174187973162114,-0.0003726809507115254,-0.004190847368181124,-0.00545814348684055,-0.002019929316071758,0.003004389011959513
2024-05-16,-0.025107661338705317,-0.01825236583290506,-0.015242345342369129,-0.008673734289810175,-0.006183535308907008,-0.020332845332194222,-0.006885193205758054,-0.00803281055725918
2024-05-17,0.014802798608771936,0.011912615755342668,0.007487127316680653,0.009001250259959048,0.003181724502782263,0.011233999234436007,0.005415164760517773,0.0052869618580386486
2024-05-18,0.0033099470933821576,0.002767419923602566,0.003995529452530894,0.0014345144229753115,0.0030951709055414105,0.0032547497226110937,0.0024773015636726497,0.0036784108273911617
2024-05-19,-0.009991335524056665,-0.007944607230309958,-0.00977967803128903,-0.0041770814542966385,-0.007223500132453772,-0.012586618226801814,-0.0060263605373433405,-0.008121387592452428
2024-05-20,0.05938563917146982,0.04793522588951076,0.051081568872488166,0.028794680873037923,0.03343281808358469,0.06153356759906928,0.0319874590253288,0.04474034866473585
2024-05-21,0.002734942017817034,0.002271701071841655,-0.0014053116950542592,0.002385800030226963,-0.004620019203424851,-0.0021787182138978817,-0.0014873445333333894,0.0011020236265435305
2024-05-22,-0.02021178163749072,-0.014874750946779581,-0.01708719677921398,-0.005882748974199492,-0.011264197694955246,-0.020671186297201934,-0.00878017413901923,-0.010067727200505394
2024-05-23,-0.02075929238507617,-0.015043378381981214,-0.015751064345182125,-0.00702266849497445,-0.014020555377065123,-0.02202585472586824,-0.009950225710521912,-0.002012277198031276
2024-05-24,-0.005510868681129176,-0.004088871346979318,-0.0042551532553725515,-0.00168390804102159,-0.0015273138886021706,-0.004860543312079094,-0.0017248581966926948,-0.004028660670385802
2024-05-25,0.015823609181189864,0.009759768560716179,0.006410505666666782,0.0016490163602894692,-0.001875030785811623,0.011609393031807212,-0.0006462380720394959,0.0006698507481090468
2024-05-26,-0.00268536404115812,-0.0022347834367524837,-0.005685356453448779,-0.0004300322710977457,-0.005908500144180274,-0.005275899520587541,-0.00363727187945387,-0.004402695194788032
2024-05-27,0.01280403197780997,0.008855913223361359,0.003940235523313643,0.0045391860203146004,-0.0015105584570361936,0.00955369058446426,0.0007390121409286138,7.527167408617953e-05
2024-05-28,0.0010658866184590616,0.0006503996200566886,0.0005861166085784436,-6.398409793638792e-05,-0.00046047023228664835,0.0007397660457446939,-0.00021932918636387075,0.0008195403476606762
2024-05-29,-0.01406422897048584,-0.010185011070861113,-0.009675169625994512,-0.004204547820388318,-0.0037872913925157924,-0.012404802316638057,-0.003954711086793753,-0.006523940994195079
2024-05-30,-0.011994040006481823,-0.008393361998355182,-0.0055135771122733455,-0.0038706510851617124,-0.0006375457342379792,-0.009019077806832606,-0.0017704426862415,-0.001690247985277548
2024-05-31,-0.0015421135617405151,-0.0012204392772115786,-0.0005584860942415719,-0.0009639372410751443,-0.00011594039072457851,-0.0009907987781576973,-0.0004339405633912639,-0.00020962512416961053
2024-06-01,0.0043517017322082475,0.0032711737729200835,0.001879874601431006,0.003571489245070777,-6.35010185969787e-05,0.0025675214599990186,0.0010923870783116723,0.0007989831489741417
2024-06-02,-0.004809305683811273,-0.004130159047153733,-0.011025774905015051,-0.0018336713272302091,-0.006267840262129031,-0.006892574960036008,-0.004554251805499718,-0.011305030941041357
2024-06-03,0.01191860884692881,0.009560313607552716,0.01587663225401883,0.006987620252803155,0.007919226234096109,0.012243190731002421,0.007193541690369814,0.014502812445952883
2024-06-04,0.02082030463156519,0.015714251720678103,0.010908010581736929,0.015537623553135904,0.0031302520066876158,0.014607240989644046,0.006748664887300064,0.0053695317951000495
2024-06-05,0.007249297518131127,0.0055664049783842404,0.005582412649538253,0.005082122584761281,0.002032723025585616,0.005734444254126314,0.0028599413084799095,0.003985349676239183
2024-06-06,0.0022412260930304404,0.0019107679593845025,0.004671762108769455,0.0004433203456993636,0.0038891339830619495,0.0037944608060150294,0.0025047918095845176,0.0044327401821533
2024-06-07,-0.01676978144698114,-0.013104315734743742,-0.009282696783783568,-0.012745907987618696,-0.004475756305428121,-0.012656264779488438,-0.00680341553686829,-0.00497006984486299
2024-06-08,0.0033950744732231313,0.0023546582743494116,-0.0012109695795091543,0.0033068945767835193,-0.002022891085389896,0.0008321799873016039,-0.0002444483864797486,-0.0025875373560645806
2024-06-09,-0.006484962166591249,-0.004673386774528646,-0.0029960777454734505,-0.004570681477116951,-0.0002444249846510382,-0.004312943150855667,-0.0014954829861825213,-0.0009814008558776518
2024-06-10,-0.005190310838466704,-0.0049946000327185285,-0.02418738005767229,0.0022049711788994088,-0.017598041489677405,-0.014171926978503148,-0.010165801800397015,-0.025773726844048443
2024-06-11,0.018331152268673115,0.015083149843721185,0.010942475244167417,0.01709118894046518,0.004087637723705326,0.008293901391991584,0.007878822725477881,0.00680290693059398
2024-06-12,-0.03275698849797776,-0.026227000318137447,-0.03462937263152366,-0.020952773501495638,-0.01911658861976843,-0.031114170733828557,-0.01846392305475956,-0.028707894639788664
2024-06-13,-0.002254192310625031,3.502561068900854e-05,0.0010967694950048974,0.0028468589983472446,0.00225104207009415,-0.007726944285399646,0.002258455497075763,0.0029206122446606376
2024-06-14,0.003941807388359061,0.0028056856800886096,0.0012531683369773408,0.0008761791100837725,0.0038310474296769977,0.006541768797888665,0.002510806064443409,-0.0007909295971814682
2024-06-15,-0.0073794292365393956,-0.005622881742901473,-0.0047773065381107125,-0.004640934424869771,-0.003276613746838871,-0.006541574800890302,-0.0033812423262678483,-0.0024884326969078436
2024-06-16,-0.0016040663290542525,-0.0010192314018219314,0.001982263126139359,-0.0011827952583124057,0.0004577772288508692,-0.0007790654355814431,1.2156134873010818e-05,0.003263541032941945
2024-06-17,0.02768232211475649,0.022162835095719993,0.01953966111891205,0.019509579441519737,0.015773649328565825,0.021376004274409357,0.01530566139888797,0.011226967397628549
2024-06-18,0.03859202549710372,0.030131967763171792,0.021714448545777282,0.027098731806883554,0.01749758054760082,0.02908369374572688,0.018478106441656244,0.00874174890240458
2024-06-19,-0.011378689468392223,-0.007600917641415075,-0.00675425074122471,-0.003779167910961614,-0.003641498833115894,-0.0160785629342201,-0.0034924927079817035,-0.0029008600960395117
2024-06-20,-0.007245756683652251,-0.005849874293360728,-0.005070580389974317,-0.005463643054077641,-0.004657577748919424,-0.003425648120218538,-0.004123038669648728,-0.0021523891638056836
2024-06-21,0.0097676857242515,0.007261276335563621,0.0048534660962248335,0.006776376710067074,0.0012097060456918386,0.008266163629085084,0.0029894968438157472,0.002191542509028356
2024-06-22,-0.0003029857704202448,-0.00047037395023790334,-0.006135197151644368,0.0009412340844822915,-0.0032216159904356768,-0.0024966309959911183,-0.0017504743240535027,-0.007331247269144369
2024-06-23,0.02774753593434221,0.020809039708603733,0.017651938320691646,0.017937236769582716,0.008733062815368049,0.022909617789814526,0.010683151934835565,0.008971775438621755
2024-06-24,-0.021402242936656986,-0.014532714294638708,-0.007189356255941376,-0.01378524695365795,0.001042320525411589,-0.012087500995098826,-0.002800585716436904,0.0024514341827001963
2024-06-25,-0.022075860503375726,-0.017947690962432154,-0.011250740801968773,-0.01864293252301686,-0.008559074342940775,-0.011695658823302852,-0.01066779046885565,-0.0039915416062779535
2024-06-26,-0.0012714802867517091,-0.0011321518953890787,-0.0036832373876605354,-0.000322966321319681,-0.0021948836596128655,-0.0021814525209594986,-0.0014767712477591587,-0.003899253640197111
2024-06-27,-0.0046460789906129975,-0.0036089250486055087,-0.004099314070151746,-0.0004888540065170301,-0.008027682519801484,-0.007978451374023216,-0.004709082017666321,-0.0014924761309292977
2024-06-28,0.0003504484004927834,0.000251272896613675,-5.903497196265157e-05,9.770614223265282e-06,0.000607583065108334,0.0006038269896431521,0.00032823419690832965,-0.00038783372602218597
2024-06-29,-0.0004398939434923589,-0.00039890819156052375,-0.0014133651913217076,-0.00012117366025468507,-0.000762461540529789,-0.0007577508515464687,-0.0005210479841489911,-0.001534365113854918
2024-06-30,-0.005646314769897003,-0.004348178820699271,-0.004390426467246787,-0.0005480916871220059,-0.009789831540484602,-0.009729301506225354,-0.005680220969524105,-0.0010018803830039622
2024-07-01,-0.001518433048605683,-0.0014338198773414315,-0.0006800334571408286,-0.0003884295013628036,-0.0025307217476761377,-0.0025307217476761377,-0.0017942577695706271,-0.00676526288535273
2024-07-02,-0.0010405105817105755,-0.0010292428454736528,-0.00046560391224347345,-0.00017401045642176,-0.0017359442519643364,-0.0017359442519643364,-0.0012884420339660323,-0.003050192089091977
2024-07-03,0.00615447412762871,0.007117604800107598,0.0016845116298312268,5.709236127312572e-05,0.012558074091629222,0.011541311830085957,0.009772238838410286,0.007029395908271576
2024-07-04,0.0549694844240429,0.042013254111034015,0.057334679421750384,0.02488020062407664,0.030643309245442393,0.05272218695026365,0.02960168387505319,0.026929101066219076
2024-07-05,-0.0021923665369913796,-0.0028738146366238887,-0.004924325868568557,-0.004966806334376101,-0.004100762789854745,0.004743295365669233,-0.0037756876991229594,-0.013412011829863091
2024-07-06,-0.013213602134764772,-0.012351834549778314,-0.011249951698069496,-0.004681145424378685,-0.014736377681833068,-0.014490551895195483,-0.012699078499098924,-0.006957109972716646
2024-07-07,0.003177237796319427,0.0020439664764604097,0.005113532987271147,0.0022362712341128022,0.00037341093199102723,-0.0003398641476909135,0.0006858131152266068,0.003067259744855938
2024-07-08,-0.021268409422260433,-0.017097124994923187,-0.019530115889976402,-0.00744672796638369,-0.014539805858267764,-0.024780752892455602,-0.013445376726380683,-0.0035240902557478796
2024-07-09,-0.008862835634933468,-0.006958013230552963,-0.00932890870839166,-0.00488925748263762,-0.004992720644806382,-0.00851116366468413,-0.005000382616916708,-0.004877220349104573
2024-07-10,-0.0032001771194210653,-0.0024909315974605277,-0.004829276271421073,-0.002180050098853111,-0.0010002116634110884,-0.0001677010473824456,-0.0014781233182950336,0.0028858110340986417
2024-07-11,0.0003694891318613689,3.6185853266105395e-05,-0.00050642378098354,-0.0025732828166267993,0.0006232493758495782,0.0014443892522483443,4.5549905344828e-05,-0.0032710536781435
2024-07-12,-0.002723606918758528,-0.0030505852526187495,-0.0014178945068288133,-0.0007543700796528711,-0.004592979006949825,-0.004275808838464666,-0.0038399693761335817,-0.0009257161610462422
2024-07-13,-0.0023877007719306184,-0.002821161534053647,-0.001475397040043994,-0.0015192251475497562,-0.004034082453657968,-0.0034647491391837136,-0.0035539929219423256,-0.0012841223656499016
2024-07-14,-0.005172694469728769,-0.00575585732369865,-0.0028041011325414204,-0.00208648391551398,-0.008753848291547399,-0.007996774164372856,-0.00725634473965314,-0.005960079807035834
2024-07-15,0.00435461826450668,0.003080318053042793,0.005196703524733054,0.002695216064700457,0.0012667539148655332,0.003402211299557566,0.0015847300247595704,0.002255966847835956
2024-07-16,-0.0008761971501100396,-0.003411917269357831,0.0014124543407354106,-0.004969934435097447,-0.006475432741128136,-0.004847725018194546,-0.00618687172555314,-0.004602871463957073
2024-07-17,-0.016921246670957013,-0.011673863435909237,-0.020395402357569318,-0.009755393858571357,-0.0041500027690259626,-0.012837983411556673,-0.005468761290507268,-0.006741824317022913
2024-07-18,0.0002835655983135548,-0.00013766248021024511,0.003022521868045386,0.003793753393270533,-0.003116703617915165,-0.003403991964058658,-0.001526501945747908,-0.0010327168513167805
2024-07-19,0.019915009277382458,0.014471452339998235,0.022975426892184753,0.012757354888719024,0.00640077905977586,0.017326204914436923,0.007969339662021032,0.00808334199525938
2024-07-20,0.010496393060534077,0.006270164753875934,0.013128011422687727,0.004484969619041116,0.00044452308422317184,0.0073474629588191715,0.0013590635978494659,0.003232736542304633
2024-07-21,0.030360450946094478,0.021116104700078804,0.035366806436944356,0.016554335292647868,0.008542947779789655,0.02488901741039829,0.01038714738181534,0.013995252232746811
2024-07-22,-0.03033935857701594,-0.02127093617079063,-0.034671239004861076,-0.015184907628636703,-0.009412726516464881,-0.02540638575388182,-0.010815855080427489,-0.012719299091933627
2024-07-23,-0.02384341311900633,-0.015430786790790402,-0.029665573399143007,-0.012783779450552847,-0.0024778841189496367,-0.01709441716116379,-0.005104919951320132,-0.0035959727845849693
2024-07-24,-0.003422236934152744,-0.001738796133822821,-0.0060523615318582675,-0.0038014371765269406,0.002477386077872331,-0.0003055772970280949,0.000919406611046302,0.002136712775599262
2024-07-25,-0.016943462179617452,-0.011450239512633928,-0.020487208085957883,-0.009353490223037905,-0.003691968155271506,-0.012933208792059532,-0.005040107988371045,-0.005984581264071114
2024-07-26,0.008138987654974904,0.005502874255227756,0.00995933680662797,0.004863962666235228,0.001776822006645908,0.006084537280585666,0.0024437794919813112,0.004182321798243534
2024-07-27,-0.0005420021186671616,-9.577594380843682e-06,-0.0015355352729202855,-0.0008092734434710383,0.0015307356513657654,0.0006276905066250093,0.000906497475333101,0.0023515123308814234
2024-07-28,0.0008530055116391832,0.00010533287000310608,0.00219780082163022,0.001155457130333453,-0.001986180289790233,-0.0007255032066974847,-0.0011539809894247476,-0.0029904358100738214
2024-07-29,-0.008881195291376565,-0.006247007457704716,-0.01033907783499274,-0.004932395052760009,-0.0028793461235519483,-0.0072547422060318155,-0.00331488997122256,-0.004889691063959167
2024-07-30,-0.002170824100335139,-0.0021333186069845615,-0.00163902159530117,-0.0013513050581359664,-0.002789658810490718,-0.0028104290362021386,-0.0023568494361752923,-0.004349050826893371
2024-07-31,-0.011121754431334853,-0.007932508342623282,-0.012126365474165138,-0.005104928158679316,-0.004783637721605172,-0.010072205399834668,-0.004742810334165819,-0.007920405722143944
2024-08-01,-0.004738321437858884,-0.004815723159519962,-0.004738321437858884,-0.005462312219888344,-0.004621485574463809,-0.00446073804342791,-0.004792690571140306,-0.007266860252497764
2024-08-02,-0.0017181687874541158,0.0003861263550400775,-0.0017181687874541158,0.003039060025420201,0.0020368731204445417,-0.0014286298440078444,0.002207409135820404,0.0022343404117173044
2024-08-03,0.008435993370032145,0.006387843486263112,0.008435993370032145,0.005489596451724666,0.0041672809548301305,0.0072852996761802935,0.004403235046782179,0.006379115072687274
2024-08-04,0.04553810928911857,0.030151525943676784,0.04553810928911857,0.024907545246036604,0.013084442741425801,0.03613058897059447,0.015071469924480366,0.022903439484102606
2024-08-05,0.032834183384890095,0.022173061433922798,0.032834183384890095,0.02831449678872125,0.006724059006228792,0.020646600003551396,0.010265907615956457,0.011555167576960191
2024-08-06,-0.0060592630583106806,-0.004641947524100317,-0.0060592630583106806,-0.006281209134548954,-0.0022290340196141813,-1.696689103911565e-05,-0.002906216066045124,-0.002448868006903559
2024-08-07,9.014702424694056e-05,0.0001682972992009695,9.014702424694056e-05,0.00046518256662504356,0.00015852760762534888,-1.4094131625932203e-06,0.00021314352353273523,0.0004350648437213588
2024-08-08,-0.0002258721676206457,-0.00046683619896664317,-0.0002258721676206457,-0.0015591798638088109,-0.0003971792363358642,0.0001452833290027669,-0.0005912076512504341,-0.0005062999812669868
2024-08-09,0.00015347174307093196,0.0001799573044586067,0.00015347174307093196,3.8805905374366815e-06,0.00026991477817290405,0.0002630818811016135,0.00022792871568617554,0.00039971879448665975
2024-08-10,0.0005192454173576304,0.0006131962930435204,0.0005192454173576304,4.66781569885393e-05,0.0009131042204736581,0.0008785158928547686,0.0007766194362538526,0.0013502829984022152
2024-08-11,-0.000687580400782676,-0.00081191311733992,-0.000687580400782676,-6.184003006708839e-05,-0.001208649114833633,-0.0011629057523892935,-0.0010281284289185093,-0.0017865494349213326
2024-08-12,2.7634379751404584e-05,3.263546673046565e-05,2.7634379751404584e-05,2.483842576245808e-06,4.860187038938051e-05,4.6760309143363e-05,4.133535061359152e-05,7.18818321219944e-05
2024-08-13,0.00024274062056645328,0.0002866687763868163,0.00024274062056645328,2.1818642492943424e-05,0.0004269102809645329,0.000410735087246993,0.00036308508759185534,0.000631382672283845
2024-08-14,0.0009145243706562496,0.0010799761018576305,0.0009145243706562496,8.221981289411147e-05,0.001608086781296885,0.0015471830339051928,0.0013677571333298936,0.002377807939915237
2024-08-15,0.0003974056569014281,0.0004692249792054371,0.0003974056569014281,3.5758272607146565e-05,0.000698308635450126,0.0006719021542933989,0.0005940884893927881,0.0010317656921624444
2024-08-16,-0.000655610630594654,-0.0007827745892826638,-0.000655610630594654,-0.00012637985766805155,-0.001151671834686607,-0.0010851509309452501,-0.000990951808121029,-0.0016975219689276725
2024-08-17,-0.00042926536965455725,-0.0005362850099107563,-0.00042926536965455725,-0.0002652643412337754,-0.0007544391971402033,-0.0006484276892376648,-0.0006790503286865506,-0.0011030410889000955
2024-08-18,6.526349921732399e-05,9.757516692943872e-05,6.526349921732399e-05,0.00016382119418947407,0.0001147387332336343,5.638542705335411e-05,0.0001235684641316108,0.00016132645614355245
2024-08-19,0.002358884902347622,0.002774413334491115,0.002358884902347622,0.00012640584913327555,0.00414691335246755,0.004019066835077343,0.003513405051884931,0.006134817900964501
2024-08-20,-0.00459664568423024,-0.005448983943580041,-0.00459664568423024,-0.0005933127267803334,-0.008066501632986132,-0.0077008214696705985,-0.006895291841203908,-0.011891668918064155
2024-08-21,0.0032628783646406153,0.0038269071326460942,0.0032628783646406153,7.893214306948986e-05,0.005745947111087259,0.005600254214193585,0.004849724543201523,0.008521476332518074
2024-08-22,-0.0019172972509918446,-0.003186102198539812,-0.0019172972509918446,0.0004384302440715801,-0.005950331539664899,-0.00472420733754752,-0.0049412694682301455,-0.008635085864048255
2024-08-23,0.006639198268107677,0.0064799736090661066,0.006639198268107677,0.004816791777743328,0.0067505058044956216,0.007357169159240495,0.006476354569806388,0.010131759589687282
2024-08-24,0.0035147210724760783,0.002888997084117877,0.0035147210724760783,0.0018479136384000304,0.002409562051690278,0.0035599302249485617,0.002332970085429639,0.0037481652321051696
2024-08-25,-0.02154309449184797,-0.015556231015355318,-0.02154309449184797,-0.01869445963390764,-0.006726672305472821,-0.015340655466179218,-0.008741440996522123,-0.011281688505779236
2024-08-26,-0.017688933340404094,-0.012384678762847276,-0.017688933340404094,-0.01294861825274849,-0.005425537835869085,-0.01331117646819857,-0.006687814817955937,-0.009268378163510015
2024-08-27,-0.034076131307546345,-0.02025363298185481,-0.034076131307546345,-0.013553745454607174,-0.005191167175951869,-0.02832234020741078,-0.0065803565666509405,-0.011262701122159657
2024-08-28,-0.0045862913303085,-0.0027389613033920166,-0.0045862913303085,-0.0028467229080061923,-0.0004522016224390859,-0.0014331688155456896,-0.0008403509932094687,-0.0008234265881191376
2024-08-29,0.00293472755222606,0.0015242680418695352,0.00293472755222606,0.0008621729155076614,2.9525445553982018e-05,-0.00026749263436353873,0.0001633670635915041,-2.853521443718321e-07
2024-08-30,-0.01008974724958361,-0.0071858873022095145,-0.01008974724958361,-0.00720198772586301,-0.003630330314813785,-0.0100930552861446,-0.004228480423822676,-0.006399596372638133
2024-08-31,0.005367257536289443,0.004282086383712657,0.005367257536289443,0.0036316087415759197,0.003141821458754007,0.003476404551121937,0.003241536448715655,0.004761268594445468
2024-09-01,0.010940660609175357,0.00812451848449363,0.010940660609175357,0.007886703215190064,0.005325228249158634,0.008467596627354116,0.0055179563150673655,0.008459197630467274
2024-09-02,-0.02764001919884759,-0.01862261503630034,-0.02764001919884759,-0.015590754429794445,-0.009784401544574297,-0.02245529013912589,-0.010260575565660795,-0.01653621448207127
2024-09-03,0.01655250776407858,0.01272994966991759,0.01655250776407858,0.012764923440642235,0.009163224893297635,0.00726012839289295,0.009405249273112658,0.013499047151082149
2024-09-04,-0.010494427297120764,-0.007084829836731158,-0.010494427297120764,-0.0065891916634006195,-0.0037382428437500335,-0.005673623070738071,-0.003988469298280323,-0.00588453419885819
2024-09-05,0.013587655351552099,0.008755489795033058,0.013587655351552099,0.008412385475303956,0.0038808570413538675,0.00813796725300644,0.0043101921419413875,0.006453684906471272
2024-09-06,0.038038428959194785,0.025506138594758542,0.038038428959194785,0.022478177743978228,0.01332818596878338,0.023034440970196905,0.014111403650566286,0.021395466551211263
2024-09-07,-0.017039654807455683,-0.010015935609308475,-0.017039654807455683,-0.009330753229691431,-0.0025348651352743454,-0.011646481866273393,-0.00324164426891403,-0.005123591281111122
2024-09-08,-0.0158554790963095,-0.008656351298377362,-0.0158554790963095,-0.007548303010673671,-0.001149581842806052,-0.010282462215639925,-0.001830311038671113,-0.003061161794912095
2024-09-09,-0.02380420663898176,-0.013414997124053888,-0.02380420663898176,-0.012377191005480992,-0.0028161065686507086,-0.01100109207115825,-0.0038097305104375207,-0.005398490142863318
2024-09-10,-0.002289337729000549,-0.001008752534290689,-0.002289337729000549,-0.0012948331351623728,0.0003269756943278604,0.0008534835185586095,0.0001471055751641685,0.0005650919349775069
2024-09-11,0.0018602577482909836,0.0012695528270469758,0.0018602577482909836,0.000691479941748112,0.0008297616767293302,0.0006251309715586801,0.0008016233906818932,0.0012091039036186667
2024-09-12,0.0017140595619586953,0.002424864438527191,0.0017140595619586953,-0.00016851741777261614,0.0037731076643171607,0.004124091289621688,0.0032890323279006145,0.005682711937138057
2024-09-13,-0.001756516552448239,-0.0011472519930830918,-0.001756516552448239,-0.00099219532302645,-0.000598898630569201,-0.0002621019124456185,-0.000631500065034907,-0.0008431945207924558
2024-09-14,0.003468137567221439,0.004099924733503473,0.003468137567221439,0.0007156399080049933,0.005587144614423764,0.005730997036845039,0.004976336536409544,0.00834679142419338
2024-09-15,-0.0025627739488362777,-0.0017110235983915452,-0.0025627739488362777,-0.0012267025117500949,-0.0009515466626257521,-0.002156103486555368,-0.0009658034114371511,-0.0015890930867095302
2024-09-16,-0.00041859739660428836,0.0026093360212384566,-0.00041859739660428836,-0.0017768733746603938,0.006800325395498578,0.004214326601882815,0.005777846536305433,0.009735922598220556
2024-09-17,0.004826063801571289,0.004283676549003584,0.004826063801571289,0.0011795467747055515,0.004486361034591657,0.0052330093741126535,0.004065620132469483,0.006757490013092479
2024-09-18,0.006567518304716898,0.004724193180345741,0.006567518304716898,0.004023283335274773,0.00301149837511035,0.006792037903270041,0.003070926991690872,0.0049989352286200495
2024-09-19,0.00884905316629625,0.006290109332195308,0.00884905316629625,0.004002943079361101,0.00418827459242945,0.008886951522944126,0.004103071000202847,0.00686294211524756
2024-09-20,0.013992717149676792,0.008145775712291014,0.013992717149676792,0.007484224305681789,0.002280488507049055,0.009833644915742791,0.0027944607966865795,0.004452991755004096
2024-09-21,0.011879833574803387,0.007594510447420249,0.011879833574803387,0.005862582168609328,0.0035571272217319884,0.00899947638671524,0.0037463858159911055,0.006025188393173717
2024-09-22,-0.01913069043984995,-0.011123330198600423,-0.01913069043984995,-0.010117132003479249,-0.0029762619403265107,-0.012386138826427605,-0.0036893814189463804,-0.005743494446253254
2024-09-23,0.016179560403741078,0.011854854303522538,0.016179560403741078,0.006576394009275692,0.008673798118841083,0.014238080330312725,0.008317249902921186,0.013566706721276772
2024-09-24,0.023388411458032297,0.013565405625667501,0.023388411458032297,0.011499416738012738,0.0038477375811028437,0.014840142124470802,0.00459528675337853,0.007230592940002641
2024-09-25,-0.02193208572955561,-0.014435717843914233,-0.02193208572955561,-0.01042124612069403,-0.007459353076399165,-0.01705505987829903,-0.0076592608280705654,-0.012303970732494467
2024-09-26,0.04796156014859062,0.027106883645789972,0.04796156014859062,0.022806871202496064,0.006283996504771349,0.030598902832377848,0.007936276895329055,0.012756310951881726
2024-09-27,0.0358257021101471,0.02105493602382733,0.0358257021101471,0.016436330507815677,0.006001944899730587,0.025054236640302083,0.007030929994396521,0.011590596023649945
2024-09-28,0.013484867299122492,0.0105217971878902,0.013484867299122492,0.008101993315415246,0.00776695701149931,0.015663825788398943,0.007684831196541738,0.012493381992097206
2024-09-29,-0.003248568298708143,0.0018684049472641791,-0.003248568298708143,0.00047101416211479296,0.008062606342286623,0.004936131840169337,0.007116900596782255,0.011223864404591511
2024-09-30,-0.033252297666975524,-0.019192469367836317,-0.033252297666975524,-0.018648838132333236,-0.0035185976274524082,-0.025150322930696748,-0.005096486032506623,-0.008319882468077905
2024-10-01,-0.041429114785937096,-0.018612895798904086,-0.029108803855220154,-0.015788597760791324,-0.0055131294091155985,-0.03241722193232258,-0.005165523025460446,-0.012305307992154447
2024-10-02,-0.0036666061895734322,-0.004893476006111221,-0.00819473584278155,-0.00019259538845722837,-0.005785911822963577,-0.006117833013687218,-0.005643822289296788,-0.008763684326403752
2024-10-03,0.0039020921359101185,0.005250121970679538,0.009255615489237774,0.00010333340226860013,0.006281975282439416,0.006556773682627136,0.0060905550408941,0.010038828146997348
2024-10-04,0.00030429956015115583,0.0005327500307823598,-0.0006452289034547294,0.00013677850955687925,0.0004887330333353152,0.0005023530580934935,0.0006175157305513835,-0.0011741363739247008
2024-10-05,0.001726883073768139,0.002307005758881027,0.004163827131238685,0.00015208234769161503,0.0027730214904977445,0.0028502613231358924,0.0026738462328221844,0.0045961703528844345
2024-10-06,0.006187685903722277,0.008581630062072658,0.011388459938453456,0.0008255885667727891,0.009925793836688636,0.010201481445941692,0.00994256909207606,0.011393167527952589
2024-10-07,-0.007326812634808178,-0.0023461545087621557,-0.0034063630527103096,-0.0011213402388109567,0.0005454442869985595,-0.002228822086304255,0.0004270332364226877,0.0020252813670168205
2024-10-08,-0.010409602999667675,-0.008556914479281166,-0.014156984106580993,-0.002470776759432577,-0.007823028287432136,-0.01186019941117362,-0.007591996715622837,-0.01246298253104326
2024-10-09,-0.004716115303866898,-0.0018695025708515907,-0.0035043517493935725,-0.0007709147349039127,-0.00031971600891991515,-0.003765945742370147,-0.00028032491047788957,-0.001271417320287937
2024-10-10,0.0025339095691780016,0.0028730863776065545,0.01121269682213118,-0.0001962649716662092,0.003989691199654299,0.004144398685755828,0.003306533796495767,0.013966848699478202
2024-10-11,1.9826615179856308e-05,-0.0007517407607743972,0.004680547559107861,-0.0009558545992534914,-0.0004976336703344129,-4.5550220831998944e-05,-0.0010037332550949752,0.0063911295954570445
2024-10-12,0.00978699823838777,0.010695288917120464,0.01205687426952132,0.00139178921081123,0.010846025976254486,0.013519867941912643,0.011110553183003694,0.00940648682698075
2024-10-13,0.00369103834387301,-0.000921911171511802,-0.00017342421412951087,0.0023006769465793316,-0.0033614804812820884,0.0003314639905640586,-0.003468362217369612,-0.00240912072230399
2024-10-14,0.010939953032237786,0.013802525274539807,0.00918076455504592,0.001556272058965043,0.014141115766391047,0.016345314093884764,0.015082324904775861,0.004228125043656599
2024-10-15,-0.028566827298240303,-0.02295263421358246,-0.03146720808285463,-0.009471794194806085,-0.019936515075989848,-0.030710496522905285,-0.019834632406580847,-0.024716522939960576
2024-10-16,0.0013873515017380307,0.0011124230565440457,-0.0018927016025798444,0.0008502540939463758,0.0005362325792642959,0.0012061413954856982,0.0008482339213151294,-0.0036163426672526674
2024-10-17,0.0008894481142413063,0.0017166004122047942,0.0008083727182015882,6.990876699802474e-05,0.0019846647824551464,0.0018276094654201542,0.0021267817918706375,0.0003869558715665465
2024-10-18,0.010414489409389351,0.00873207110177343,0.004545959914489829,0.0035938465989644734,0.006873922031690164,0.011161006197272642,0.007554036175067579,-0.0011089486592452608
2024-10-19,0.005147822575708015,0.0007069125973277173,-0.0009959238497660125,0.0033945547963188335,-0.001983496488172161,0.0019447155807686572,-0.0018261122980521025,-0.004519889038134388
2024-10-20,0.00813498767410565,0.0048622986593342766,0.004426773771697979,0.004171484337881772,0.0028007945913112687,0.007432165101072344,0.0029483969346338775,0.0012220458938629762
2024-10-21,-0.013313755399060751,-0.012131119390591548,-0.013400927980478962,-0.005380478415311323,-0.01115416775128853,-0.01663056087856777,-0.011344405994638812,-0.010421147969171426
2024-10-22,-0.0031398344509686754,0.00039973571461677187,0.001081269633652012,-0.0028470239407357534,0.0024199040004906597,-0.001113116473223879,0.0024221849374357956,0.0028283376428508704
2024-10-23,-0.004541671004931753,-0.002850131983640217,-0.00033664044133902715,-0.005746165018172687,-0.0016567694614735063,-0.0049108908356325365,-0.001781423717452568,0.0003120048356581245
2024-10-24,0.014884088688017718,0.00889258019286873,0.010160103039031455,0.005843699371172757,0.005322205633042312,0.012856395461531882,0.00549044492838305,0.004041786686836209
2024-10-25,-0.010872940505976123,0.006869817836994723,0.006640386064567147,-0.005947666902717515,0.01667664990549562,0.002655836014906671,0.0168140803543338,0.016817626515356243
2024-10-26,-0.0036710786917716473,-0.007523356651659995,-0.006089363215688887,-0.0012855799972036116,-0.009207135505384061,-0.007702678817854865,-0.009522740760682978,-0.006076126860756456
2024-10-27,-0.001075134955930368,-0.0026453024712611755,0.0015897407275979845,-0.0017906721323573825,-0.0029569744841602755,-0.00197861615926405,-0.003365847953477386,0.0025505479454308263
2024-10-28,0.014139599483641763,0.004534066391815048,0.010758810321579423,0.0064993242908092975,-0.00017234091675078612,0.00955378260647833,-0.0006348544093308717,0.006327632188492215
2024-10-29,0.01460176485345504,0.007358525641204947,0.008292060182171603,0.007768923220844916,0.003179073816343079,0.012054683009116598,0.0032339573841353953,0.0029242682072555337
2024-10-30,-0.01231407260925606,-0.0053683829215643,-0.006794035412450876,-0.006299852369501035,-0.0014265109321813273,-0.009145061265441139,-0.0014120429654527016,-0.0018912731829650174
2024-10-31,-0.021748590341901068,-0.011158974102810216,-0.013740578167750607,-0.008874293115493082,-0.00503997375661564,-0.018644565867216682,-0.00513547394164535,-0.005067069603322127
2024-11-01,-0.003662416771195165,-0.0019311770232764997,-0.0006121696936270127,-0.0025091692266538557,-0.0001593786672847708,-0.0017990328314347877,-0.0007524281823646876,0.0006923129320640375
2024-11-02,0.0005904372808501795,0.0014974872285924555,-0.0010766584539874953,0.0004829788224670216,0.0007950678989170983,0.0005773465163690475,0.0017094709766289939,-0.0019319235244469749
2024-11-03,0.002422441477076562,0.006562362093372056,-0.002208360120366762,0.0018668836068053802,0.004770640789100681,0.0033953196756582207,0.007881152286415633,-0.005104895265477753
2024-11-04,0.0030441669661547105,0.006962582481493669,0.0005374521720412566,0.0009209304808186451,0.005978615956578625,0.0057791949724845275,0.00836450543194159,-0.0022897151305463397
2024-11-05,-0.0026728770529978844,-0.006576542585144392,0.007548665017541451,-0.0034595984646416124,-0.002296314716449342,-0.0028574939642561003,-0.007126784867482736,0.011512739467541914
2024-11-06,-0.014506687658288756,-0.006927920371456468,-0.009669822658898758,-0.00038476717627904285,-0.0022283832160746413,-0.012793206096296788,-0.002544678375163989,-0.0024356319856442864
2024-11-07,0.01749853893073353,0.00876663995294956,0.00978676734491877,0.006380267932579871,0.0029778010838689456,0.01361694869465798,0.003659383391731902,0.003461774752863885
2024-11-08,0.004183881267567379,0.002969144635193752,-0.00011477740107676973,0.0012553763924019736,0.0004804380577587592,0.002642289078371545,0.0018399475366025098,-0.0029184458541831456
2024-11-09,0.054246740553641204,0.03388107260712228,0.038048802572878716,0.023295602208135393,0.020487316773510903,0.04373608220918398,0.02194557731025724,0.020494594196346937
2024-11-10,0.0736968493185246,0.04214710935370299,0.040434835718154004,0.03936659645581761,0.018179982481179625,0.0573290242295238,0.02229055469364913,0.01775082179618528
2024-11-11,0.11246247954882027,0.07017721293405267,0.08113517822983303,0.053639405519297835,0.04136177689860651,0.1000680669394099,0.04344907426454734,0.04792900716341856
2024-11-12,-0.03137256582279063,-0.022967664925745587,-0.023962347649020565,-0.008958361082697755,-0.015028739419161417,-0.029920769065536163,-0.01689361044080355,-0.010521463113361674
2024-11-13,-0.013948191710537523,-0.009026392986693867,-0.009112375121604545,-0.002819988929384286,-0.0043147814244308145,-0.016789535404821757,-0.005379303143833383,-0.0029103606900285454
2024-11-14,0.007958597826762977,-0.007127799420048502,0.007903203327152658,2.180064650120897e-05,-0.010725167059874316,0.003416507441682803,-0.01529846811185896,0.007581783873156268
2024-11-15,0.05234610786938529,0.029568844156180656,0.03373753810428353,0.009909558314881948,0.010960143908877408,0.04741142075132856,0.013708755270925044,0.008870958112238345
2024-11-16,0.052707277652857376,0.02254173357824717,0.03458961179827308,0.008687358519976884,0.0018474975242858426,0.04358517302021604,0.0019957474580439404,0.010259150002803275
2024-11-17,-0.011354634479040277,-0.00548260638898922,-0.010601256310123297,-0.0009455598566192409,-0.0025291554011067324,-0.010673698327984121,-0.0016055462744451303,-0.006119183353230796
2024-11-18,6.356189885515633e-05,6.7923178911443e-06,0.004726346227917436,-0.00013491492414813874,0.0024848319955369205,0.0010342435938117144,0.0006054499733771729,0.006832723029118228
2024-11-19,0.007072017603559231,0.007373488574769054,0.00924619532012899,0.0014391554651032638,0.007940509590926409,0.009362615533473046,0.007676488799536211,0.007220462420039492
2024-11-20,-0.010068675190957268,-0.003809853470159628,-0.007392419475712702,-0.0014031401353868712,5.895677388608538e-06,-0.00824281748023459,0.0004569958618157214,-0.0030476352899253874
2024-11-21,0.031503510572467884,0.021780411358164428,0.029640318133099957,0.008957954334137016,0.016072689634944383,0.031814301397834664,0.01526232654418003,0.019195130752699106
2024-11-22,0.025585643486794197,0.015191793504343293,0.012350206695717396,0.01510072342619968,0.004280650667241346,0.028538468023560137,0.006675045396072296,0.004593827741563667
2024-11-23,0.0025101096895688655,0.0011880255740163107,-0.0010602026269197445,-0.00033470623744662485,-0.0013684103670444678,0.00012376328757417876,-0.0001281040176999676,-0.004310371865158702
2024-11-24,-0.014325780198127074,-0.00870402979243301,-0.011965710618861938,-0.0034583338237124113,-0.004849187626538326,-0.01198944564512023,-0.004728475828347996,-0.0061010386394064866
2024-11-25,-0.02482903852270466,-0.02065113411490412,-0.012760013296077942,-0.013201241427522565,-0.011662218563897141,-0.02613372406344632,-0.016056414936996,-0.002249866881343754
2024-11-26,-0.011404217982361669,-0.0073128363771297064,-0.005831698359316001,-0.006220958307726559,-0.0027035803193067743,-0.012172674820916609,-0.0038903055991532883,-0.001960852609576919
2024-11-27,0.025920547233898375,0.012755032223646906,0.012830588331777219,0.01057492876517658,0.001048943613288886,0.019976920714315633,0.0028278772638138288,0.001827534680940261
2024-11-28,-0.002923619713237075,-0.0002983668406272263,0.0018112514479032052,-0.0018214066921747826,0.003025382937894289,-0.0007553607659171346,0.0019638738003130846,0.0040477947267278155
2024-11-29,0.027287962238305145,0.016699160946202083,0.015605035093113223,0.01208454094014458,0.006053558433443366,0.026330050069904836,0.008216040076476968,0.005151883381213073
2024-11-30,0.022195553576844457,0.016889368872417314,0.018670047066641132,0.01002360752376533,0.012310633365247344,0.018986764208414775,0.01290172818269618,0.011255399610912745
2024-12-01,0.036615347765584706,0.02235271173482244,0.04309137666525732,0.016625817733002785,0.01312241944648451,0.02849275859942139,0.01364748428016271,0.02334923315329256
2024-12-02,0.01944676335973297,0.014038478030138786,0.020326295133994622,0.004060775796768305,0.011525894663506975,0.019227111247456213,0.010952899052477807,0.011208952284568766
2024-12-03,-0.0020098319838680453,-0.002050738234226348,-0.002039864191012414,0.0019778604846191076,-0.0023531132838514506,0.004787510705248177,-0.002203935092884669,-0.0054549750244786265
2024-12-04,0.013312289201949025,0.0075266710651261445,0.015444112341446091,0.006337194336670425,0.0037970209202331717,0.01319755365662083,0.00389690296551315,0.0031018414974536704
2024-12-05,-0.00864490583200267,-0.002181268003650235,-0.01168703479519366,-0.004569690259245142,0.002545328601482148,-0.008409320183366256,0.0020610649399146635,0.0011585669454297325
2024-12-06,0.008661511352140909,0.008883563438624214,0.006627340671626193,0.004641975670093217,0.010251031800140274,0.010448609130313716,0.009352619800504267,-0.003998697017771008
2024-12-07,-0.009791613168821364,-0.00425729212876416,-0.011141515258859048,0.0014027075552039705,-0.0012639168253093147,-0.009567496198410543,-0.0009563476272574699,0.0009573530646888742
2024-12-08,0.007300033454785312,0.0011906086644343872,0.00944243879700149,-0.0003160930505954374,-0.002551431582707965,0.004763158837798782,-0.00254433721526436,-0.005588092377551
2024-12-09,-0.02574653326196861,-0.025041175305180234,-0.022850025714058617,-0.016868857618560756,-0.02656041883343181,-0.03033763259992225,-0.025122932191110375,-0.00537330265702779
2024-12-10,-0.017770534111825227,-0.00695559569920144,-0.021939251516767757,-0.004279146763365321,-6.125695950459915e-06,-0.013113503110189233,-0.00021583730013113552,0.0004606431429886783
2024-12-11,-3.892584451361404e-05,-0.00010010626153798305,-0.00015365333145512272,3.791310673550674e-05,-6.56509495667129e-05,-6.498603538664086e-05,-0.00011826170040613566,-0.0017282015715780355
2024-12-12,-0.005276920752957359,-0.001451541778372034,-0.0068628085976083966,-0.0003785316240490341,0.0010084352225351047,-0.0036372934335324705,0.0009027332154922017,5.124326601006137e-05
2024-12-13,0.005774695626176163,0.003802924537172854,0.006455467202286012,0.002930694564006351,0.002627835250518509,0.005134549133429342,0.002619357114620247,0.002180625017778043
2024-12-14,-0.010904166763143264,-0.006127832019222443,-0.012506389493145328,-0.0055785787090889775,-0.003259030082972833,-0.008697507873999616,-0.003248250244907184,0.0007150329733499771
2024-12-15,0.0020350529024602054,0.0022410153571494292,0.0013125174979784096,0.000987550399490625,0.002749769516836191,0.002995344124229726,0.002466213279601472,-0.0016996476387516077
2024-12-16,0.001999111567116003,0.0007376725023013984,0.0028998639357702316,0.00010195697326861995,-0.0002601277818040064,0.0014013831590828378,-8.180591895135923e-05,0.00426255965497368
2024-12-17,0.007283534614904283,0.009919812773175302,0.005815040482168089,0.002023102093249147,0.012001295202155642,0.01232422473431225,0.011633748780231596,0.02100466984238312
2024-12-18,-0.009677654925666983,-0.005627145713893113,-0.01160772748240238,-0.0064057213129058155,-0.002890013228470315,-0.006993997673121155,-0.003122994783597112,-0.003279650218548228
2024-12-19,0.001654187901760334,0.006021225570364998,-0.0015819565310903102,0.0011742736928130046,0.009659565932317675,0.0068063889267789,0.008890338672419137,0.0040149570728929725
2024-12-20,-0.0023829188718483313,-0.003047541812343182,-0.001357630408757144,-0.001146323507536688,-0.003905017566625725,-0.003908706101380952,-0.0035625933236821915,0.0003944292522403568
2024-12-21,0.0014931436974704056,0.0019316882350427817,0.0009068737691798861,0.0006859087113550405,0.0024506340566179344,0.0024559802448251068,0.002259321511531746,0.00048343005708192965
2024-12-22,-0.0006494305461756806,-0.0008076738130102279,-0.0003070125312239761,-0.0003357526930049517,-0.001064865009338286,-0.0010671823774398034,-0.0009443544103842472,0.000895555091037582
2024-12-23,-0.002720137676921985,-0.003511303239358585,-0.0016340386825743842,-0.0012580026368055862,-0.004462038429640145,-0.0044717591285892,-0.004106073883382006,-0.0006475460596075036
2024-12-24,-0.0011681179720506635,-0.0015573230185298055,-0.0008322799628985592,-0.0004837484018743795,-0.0019195010354862289,-0.0019237015157945248,-0.0018222015787376425,-0.0019310163367767309
2024-12-25,-0.0005552035511758211,-0.0007340972554445722,-0.00037808796260051735,-0.00023712544314359347,-0.0009130208730741394,-0.0009150227047924781,-0.0008591847225435833,-0.0006997049771154814
2024-12-26,-0.0032022608565334554,-0.0042903136825801465,-0.00233116828659951,-0.0013033062311511498,-0.005267938424541565,-0.00527949915088772,-0.005021995974062845,-0.0059382073917261385
2024-12-27,-0.0007038852518621896,-0.0008686019289515606,-0.00030716672597963973,-0.00037264204518819104,-0.0011603440436174577,-0.0011629039856998686,-0.001017483453502678,0.0012826332834530467
2024-12-28,-0.00329821243395195,-0.004240869938101068,-0.0019001988356171242,-0.0015501255794116667,-0.005439537292841521,-0.005451551929945816,-0.004968510806806275,0.00016797507330583826
2024-12-29,0.003307744085858077,0.004336075394664008,0.002116545818318361,0.0014615056927568411,0.005467002622746638,0.005479144114167801,0.005083766355716234,0.0025241885753331337
2024-12-30,-0.0018121556142716214,-0.002386777538665022,-0.0011980270548970387,-0.0007864546472271896,-0.0029886785828512905,-0.0029952798741830983,-0.00279625970201562,-0.0018514445525292058
2024-12-31,0.0017770612119243593,0.002408487709796899,0.0013544305682941574,0.0006940875899508936,0.0029342579982266598,0.002940758558223567,0.0028228532037534583,0.004089740318259689
2025-01-01,-0.008426160109802395,-0.010073310756536271,-0.009567703411479743,-0.0022893212320461652,-0.01404360018300399,-0.01404360018300399,-0.012136684061594082,-0.013599527792747368
2025-01-02,-0.005595190905027692,-0.006224910549115625,-0.004566834266217141,-0.0010937269022473295,-0.009378448735405194,-0.009378448735405194,-0.0075156596535420166,-0.004808952656611968
2025-01-03,-0.0006493414965772669,-0.002294888347368768,-0.001655339505720131,0.00038160043532002667,-0.00440488843697427,-0.00158630557014795,-0.003771458235318703,-0.005109144933316418
2025-01-04,0.006211896965125058,0.0018865215836851154,0.005231727256885308,0.00452732206673884,-0.002917063398677615,0.002570709267823866,-0.0018086668720094807,-0.0028532505233973045
2025-01-05,-0.0023890201390011525,-0.002018349538482863,-0.0027058185533811144,-0.0010907545946176461,-0.0018360108227725546,-0.0026438455745414592,-0.0017697715681862765,-0.0024162899396273697
2025-01-06,0.00032900615942015564,0.004192067331308303,0.002264211685671937,-0.0011728789589804728,0.009126714126465088,0.005930299653815479,0.007709719692097648,0.010775177619746525
2025-01-07,-0.026112005457942185,-0.021817193128308682,-0.02740655035043749,-0.01518401504260323,-0.019406319816383764,-0.026847397024964047,-0.01886105084163941,-0.021640002426622982
2025-01-08,-0.002840586751167848,-0.002988815368103725,-0.0036509527439500936,-0.0018108222197164,-0.0031586214949733122,-0.0035033588458831793,-0.00311673977609776,-0.0046874441559371606
2025-01-09,0.0010067783329484672,0.0013029370972576916,0.0015235228002998399,0.00035380956163191666,0.0016889377992919173,0.001695079033585881,0.0015728534251873284,0.002529244701625432
2025-01-10,0.0012608281525893997,0.0016312368164728872,0.0019069831661993374,0.0004433788681817191,0.00211368289664718,0.002121355562834704,0.001968633008955069,0.00316266253522597
2025-01-11,0.0002720553041504745,-0.00034273860024812793,-0.000567817548555533,0.0025194951826470924,-0.001602409989117023,-0.0007181986602494977,-0.0010325816931016855,-0.0022625957575594003
2025-01-12,-0.00032845039105849645,0.0008913367116795051,0.0009325032262960204,-0.0027623659301179767,0.002830317488151866,0.0008324630637825891,0.002092677336342487,0.00393416021489042
2025-01-13,-0.02252212701668581,-0.01529457384293817,-0.023504859743485023,-0.015937816712239296,-0.007401998319875579,-0.019540926359308763,-0.009209550651097445,-0.012858900013689606
2025-01-14,-0.00011712223294399495,0.0005851603648400217,0.001212572351631503,-0.004228724700101464,0.002426019918308889,0.0033500344910811154,0.0015064243224145876,0.003774975461273194
2025-01-15,0.019485102890726275,0.013444230676942694,0.021251814142153273,0.010808525955185765,0.007581018223365158,0.010450449564272617,0.00854210134359208,0.011779253481532678
2025-01-16,0.0022616608398258837,-0.0007006656833366598,0.0006338743994218996,0.0030457520786329895,-0.004185222052056201,-0.001970047409934372,-0.003279319978839918,-0.005918194606329166
2025-01-17,0.01634658212811356,0.011963929904638453,0.0183970738928446,0.008019051991986728,0.008050058614324937,0.015068042386963292,0.008518698747202472,0.013073962494900457
2025-01-18,0.009934943742553642,0.005655460574965061,0.010508189771111613,0.0031265999932392837,0.0020489293344028527,0.008193560731505865,0.002341046797637424,0.003961479598606291
2025-01-19,-0.030431678133217847,-0.01609947745590893,-0.029426693249082127,-0.01868704017545821,-0.0012141129031510963,-0.018417391746503618,-0.004085292672985274,-0.004367318231438201
2025-01-20,0.0014006260942421613,0.000928653892065112,0.0014685770213546552,0.0008968648582540784,0.0004428431970462783,0.0010534023599151454,0.0005404248473331037,0.0007489831081588808
2025-01-21,0.005030018596620548,0.002121143865380722,0.0048702652574074,0.0015243345593117042,-0.0004139195211403995,0.003261731993391098,-0.00013188229030628064,-7.622082972258107e-05
2025-01-22,-0.005017410399759184,-0.00375088359177033,-0.00586428389276742,-0.0016349319150629823,-0.002857986950116568,-0.00518819992283334,-0.0028313919991508466,-0.004597600867875551
2025-01-23,-0.0016386746992573386,-0.0008939070420153005,-0.0016049807557896533,-0.0010104193929207173,-0.00013617096746673644,-0.0010192391582598819,-0.00028265989786219946,-0.0003330654766304394
2025-01-24,0.0025695366957352787,0.0014618535009897791,0.002449781833232118,0.002072049912471859,0.00020669994194402855,0.0013940875537581565,0.0005141344279141879,0.0004829447879294191
2025-01-25,-0.0015783479773946172,-0.00203635700646618,-0.002378955036895532,-0.0005596098861932936,-0.0026229502594681156,-0.002656136524817069,-0.0024493913307564058,-0.003914944287995538
2025-01-26,0.008785678141092084,0.00920349611077961,0.011382558463499802,0.005503020484447598,0.009642455317595632,0.010819144930986917,0.009550950892870384,0.014566259444996257
2025-01-27,0.004473368441955118,0.005596825762788947,0.0061807063606484644,0.0036315458850590585,0.006536324806783287,0.006148091350116378,0.006456823219072187,0.009653078135517414
2025-01-28,0.013823364492507869,0.009190975201837462,0.012884526978850548,0.01669289486796599,0.0021562700782237327,-0.004647623980747797,0.004574538345257621,0.002196832308921649
2025-01-29,-0.010092846363524364,-0.006910075302734,-0.009379633603470704,-0.012804322531586318,-0.0017655501073471063,0.0033505880595474497,-0.0036298766002536282,-0.0018686355242160215
2025-01-30,-0.005322401035451164,-0.005780630320912029,-0.0070719117075000995,-0.0030525660429257667,-0.006318605868317238,-0.005715896065070979,-0.0061666210123505,-0.00926825691798818
2025-01-31,-0.0021773441581452685,-0.0002575356843054938,-0.0011733894541742596,-0.0031705317758667292,0.002247457395763837,0.0037702264191698458,0.0015180907767525294,0.003561511938639738
2025-02-01,0.001758287249254842,0.0023606044894067123,0.0032669176049449147,0.0008176782268540457,0.0029304787487580697,0.0029304787487580697,0.0028499533559249177,0.0043957181231371045
2025-02-02,0.011893444636205938,0.011151023898338554,0.015654619264597013,0.008569311134696344,0.010077777901933519,0.012511859808320404,0.01043293706809136,0.015459193904801275
2025-02-03,0.014532358041094531,0.00963061615119841,0.013892798613916475,0.012185769987441369,0.004378243012424964,0.011147301377989199,0.005457537504220343,0.007535537656969364
2025-02-04,-0.0016179617003443543,-0.002185424057810372,-0.002983298321048747,-0.0007835145490397171,-0.002725572091267337,-0.0026898148673844924,-0.0026499982231632485,-0.004046385105142397
2025-02-05,0.0016590561769994454,0.0022397652987745857,0.0030726480891852194,0.0007759496686581708,0.002797902681736052,0.0027723917647851613,0.0027171563289338065,0.004160970864447108
2025-02-06,0.0010248172979558457,0.0014080560601656166,0.001797979789858247,0.0007582304760327063,0.001726332572590633,0.001593479628784013,0.0017073605580055912,0.0025463144713317397
2025-02-07,-0.000986265004179708,-0.0015392737347524911,-0.0010193797136478782,-0.0027619977292435882,-0.0016602267046028115,-0.0006785238205506178,-0.0018659129256333974,-0.0023189108759549115
2025-02-08,-0.008011841896533152,-0.0061581946117449625,-0.007303354028392386,-0.008100835976792077,-0.003787449685141329,-0.010406244363989275,-0.004454931687482145,-0.006622409242601562
2025-02-09,0.0012827244723175202,0.0017315226930116703,0.0023544552428919024,0.0006431406528052074,0.002151566219993028,0.00212703676933794,0.002096052408732511,0.0032014242643035656
2025-02-10,0.0006381694724871329,0.0007198341004008651,0.001712723027062299,-0.00124027626539123,0.0010694997213151506,0.0017124143297516006,0.0008710605702542101,0.0016874689147600964
2025-02-11,-0.0004994487561647203,-0.0008117978834159931,-0.00038526884445560584,-0.0017783396174346564,-0.0008366588738567031,-0.00018733800168874132,-0.000982196153107677,-0.0011474228278897751
2025-02-12,-8.030474684941902e-07,-0.0006285982588954025,-0.0005061452261637774,-0.0003342534857605425,-0.0011472594778257996,-0.0005724277045460208,-0.0011169779578981103,-0.0016210470751425482
2025-02-13,-0.009416947806175847,-0.007117795870941996,-0.010778638602324852,-0.006248376711856548,-0.004791291261139901,-0.008137574147546602,-0.005195124661936586,-0.007632869926996082
2025-02-14,0.001239448878700493,0.0025570229036604316,0.0032540836395200897,0.0004963436893861665,0.0037900003567926657,0.0031716550494281792,0.0036249090851014844,0.005563688328452334
2025-02-15,-0.000264921480337677,-0.00021885189313034303,-0.0004376530689124263,8.436560461657857e-05,-0.0002155845330251196,-0.00038754794975536644,-0.0001939631329888728,-0.0003467903254561515
2025-02-16,0.0017230334409002023,0.0018267793107732792,0.0026483827727849054,0.0008545220649729556,0.0019316237750658125,0.002264165681326441,0.0019131511916862561,0.002927368797628383
2025-02-17,0.009974198300426281,0.006500485142960463,0.01129402924888949,0.004459961282072285,0.0034753621068461765,0.008511448110527205,0.003759826337798104,0.005923182643686269
2025-02-18,0.0049300576958709545,0.003813133046783112,0.005400926764687558,0.004010095432556505,0.0025492371255333222,0.0039755455213750296,0.0028378450706867775,0.00400003436385925
2025-02-19,-0.009629818288307945,-0.007177236788946284,-0.011172185112876931,-0.005556195291328202,-0.004850023682967942,-0.009166058501638834,-0.0051728939832055175,-0.007840230879247708
2025-02-20,-0.005519268691092342,-0.005016466392176172,-0.00672646973751767,-0.005603510765467769,-0.004093192951191947,-0.0022230273963065993,-0.0044663144644077725,-0.005809214664633517
2025-02-21,0.0020435801211017464,8.413328767563413e-05,0.0017346833875639706,0.00013386834556345005,-0.0015459574964570115,-0.0017748699240996498,-0.0014423714264309878,-0.0023381464792669978
2025-02-22,0.0010112997151782586,0.002525846237160494,0.002948793150147647,0.00037294264047356987,0.003944097578547068,0.004231790701880269,0.0037572272279833025,0.005925342709017738
2025-02-23,0.003170230559455463,0.002741779460745913,0.004561789304837049,0.0012866423831680305,0.0024160669589291623,0.0021528333452141093,0.002416841309138023,0.003556965045669715
2025-02-24,0.06311140918865657,0.04955843704086392,0.07222807104366853,0.04581478006975633,0.035034251985865746,0.05548953182796176,0.03798887485805512,0.055143329434054957
2025-02-25,-0.00535269522227895,-0.0025211878130950677,-0.004912308223700061,-0.002452055503287234,5.9630896886536315e-05,-0.003718768550489874,-0.0002119289254951128,-0.00047738599923789613
2025-02-26,0.021029053309471673,0.010610360408097588,0.020962952891437136,0.010671428315882962,0.0009942371020535657,0.005713482889239182,0.0020982514854624964,0.0021559462921643415
2025-02-27,-0.005666477106200978,-0.0029354402087380456,-0.00603034157192046,-0.0014486627543021072,-0.0006214703949906641,-0.004272044449593447,-0.0007428912735662525,-0.001453287626482717
2025-02-28,-0.021584725920218543,-0.008572790642390743,-0.019765679010008853,-0.00082135187185197,0.0018414388559095428,-0.03309959009474776,0.0016391129695310263,-0.0025165299215395465
2025-03-01,-0.012144461105146487,-0.011038080183446757,-0.018961092940083163,-0.005463136791793284,-0.015075944996590557,-0.016106532857469436,-0.011944259958560233,-0.02276850567401767
2025-03-02,0.0034358019226599225,0.0008800351746913172,-0.014549564606289731,-0.006415014548715646,0.0007809170809062461,0.041925153063808764,-0.0009312741374621464,0.007394181519372636
2025-03-03,-0.014887184631196064,-0.009514863455141222,-0.006358652208902502,-0.006565089915049155,-0.0012374333985936553,-0.02116664964838422,-0.0023856838025595284,-0.004978847220926154
2025-03-04,-0.010172221158327319,-0.006545227951451455,-0.00812335056308988,-0.0022104989308738983,-0.0029083634452545404,-0.013215918762097175,-0.002567640676748303,-0.005976734331093773
2025-03-05,-0.006907685600284662,-0.004190330707475373,-0.006386200755160053,-0.0011936182057157706,-0.0011743962418757652,-0.006394182321707849,-0.001105552734076269,-0.002573675122307673
2025-03-06,-0.00022583555987283345,0.00033807131857480945,0.0012299445506689757,0.00043725606254927106,0.0016167317404895592,-0.0003643421120769295,0.001245638924481931,0.002148039338028023
2025-03-07,-0.0035440315443632047,-0.0023941422236430014,-0.005138022300823658,-0.00085355683997085,-0.001480716861419528,-0.0012691900909514904,-0.0012448496977912995,-0.0022093376851851764
2025-03-08,0.004040340576127341,0.002693431940785624,0.005523743772898785,0.001133371784177675,0.0014186730325123577,0.0014569459758381684,0.001264775062854133,0.0021549026387453437
2025-03-09,0.0418315245702501,0.0313423131814228,0.03620602639316117,0.02400106243229709,0.015878873349531645,0.0344677542940466,0.01790518617844469,0.01732106955613319
2025-03-10,0.019532246183842025,0.02117699963707616,0.02598855661172238,0.029670433256828777,0.018500215275883435,-0.002758517881882809,0.021212536416015396,0.014068877073491635
2025-03-11,-0.04359905915159236,-0.034609512901669845,-0.04218944749887569,-0.03318861244684747,-0.018069267343656138,-0.023995952333000267,-0.021639474766991858,-0.018472942014800063
2025-03-12,-0.002444728612854864,-0.0019093186458014107,-0.0014545794603174403,-0.0013656301711802992,-0.0002444762960094024,0.00031684370402805393,-0.0008638407519362462,0.0028365015570470404
2025-03-13,0.0013508924615320856,0.001666998754214591,0.0009994900193841206,0.0016603587211064777,0.0012080765302632257,-0.0013798597707512332,0.001690557727611312,-0.0023035888153343552
2025-03-14,-0.01465103086267823,-0.011825125383189592,-0.014114856534353513,-0.005548337061919867,-0.008988141043792487,-0.01231615673889464,-0.008761448674488933,-0.004836049258154841
2025-03-15,-0.0049752556043670465,-0.003933666289286264,-0.006241691073624369,-0.002027255553949957,-0.003075229261373789,-0.0025804693483880586,-0.0028863614683953065,-0.002570611761202597
2025-03-16,0.013960048445130838,0.013986125260905754,0.01697436615770551,0.006849171297168823,0.017790099204246915,0.01724824215728095,0.015572318117124055,0.01522345484905023
2025-03-17,-0.0056238097952579676,-0.005059794360291367,-0.0072822018853999256,-0.0030395384130200943,-0.005325158275464651,-0.004633679013913432,-0.0047955354627071105,-0.0052862285382404
2025-03-18,-0.00011551307933521424,0.0002616136128837456,-0.001816517563689374,-8.433396169133924e-05,-0.00011348285669320652,-0.0007209598949630353,0.00035720801856466464,-0.004032084096943129
2025-03-19,-0.01117630869831328,-0.009707155533281608,-0.009075823587438747,-0.0051870621405696446,-0.007121260594222563,-0.007514719228210181,-0.00766698787769035,0.0010042383478324173
2025-03-20,0.002214137915017649,0.00129581305693825,0.0017415929608840103,0.0016898933794017804,-0.0004470715376939896,0.000797897421746909,-3.075843008145136e-05,0.0003413393492661339
2025-03-21,0.0006893965832769559,0.0003156455257822152,0.00041873816623346394,0.0006034242009061138,-0.00048801260795093635,-3.826402105159863e-06,-0.0002636203213342706,-0.00020106959959158334
2025-03-22,-0.005054766841361928,-0.00504760391520814,-0.004020346320550234,-0.002973053483641884,-0.00535210614845737,-0.006264586387935339,-0.005168512779860676,-0.0025078787093506336
2025-03-23,-0.005344289762997285,-0.005723127185971946,-0.005359420666788847,-0.0027835680064604066,-0.007490547033340739,-0.007920116180885891,-0.006703522367646369,-0.005123910875433784
2025-03-24,-0.0013709370136117316,-0.0033434236557444356,-5.7948149881271444e-05,0.00048307616646109803,-0.007092170025084691,-0.005767600225077339,-0.006198592966298494,0.00011503609863976652
2025-03-25,-0.0027463460689601065,-0.002711001985492332,-0.001144839272497118,-0.0016495696926897487,-0.002224691059258218,-0.0028615430140323207,-0.0024871706608441224,0.0009009974764088701
2025-03-26,0.0011637350827146617,0.001411322994906369,0.0003801925648916746,0.0049875695435318,0.0013248063653390973,0.004301392777513973,0.0015391564041794146,0.006932997860942674
2025-03-27,0.0032227126055226827,0.0029170687007385406,0.003009719310663096,0.0014992592200812247,0.002987472541259094,0.004051767621991847,0.0027422236556036233,0.002317120844705899
2025-03-28,-0.012687479750140982,-0.00845806090306912,-0.014744962997811584,-0.01159889725710621,-0.003530716070881117,-0.012556797959014727,-0.0036047405047407817,-0.019429653086186518
2025-03-29,0.00033333233605966126,0.0010090794563381925,-0.002756425328926151,-0.0010457712569033732,0.001483833498189601,0.0026056413137081442,0.001651118533580744,-0.004514926809102452
2025-03-30,0.004112988046819396,0.002912415201871252,0.005009797904553272,0.0009088743214997765,0.002453602973628367,0.004614459248374122,0.0019308271577903803,0.004142347460300952
2025-03-31,0.007308206482924427,0.006257756931006958,0.008571204045254134,0.0027349696564270888,0.006829328427976726,0.00919813617167291,0.005798364033121756,0.007891455768677946
2025-04-01,-0.021645114312241923,-0.016717396655032225,-0.011818911547436285,-0.014330397962253036,-0.009279661101539178,-0.019177886836197033,-0.01133938281294486,-0.006123879524715631
2025-04-02,0.015247793898387723,0.012194200311697804,0.011471596693557067,0.01539188340808089,0.009215798195374493,0.0013141873988660264,0.009589004109535358,0.009022626880296473
2025-04-03,-0.014426354493832635,-0.00964284716230657,-0.010935112117906137,-0.0067542278509257585,-0.00593349645201155,-0.012701322419446654,-0.005655579355302344,-0.00807146052549959
2025-04-04,-0.024683585752464873,-0.018403417274010656,-0.016177231804427827,-0.014315313810945127,-0.011360837099547829,-0.019429916969160296,-0.01248318176529902,-0.010089565687725779
2025-04-05,0.00776347594744097,0.0058874346961455964,0.00854357436041015,0.003797756602287019,0.005682768583750562,0.0072511915385513855,0.004788041222840513,0.008023393012323184
2025-04-06,0.11090920656052523,0.07911753854102589,0.06642928384817239,0.05403326089993163,0.043029199564401904,0.07792817316832555,0.04925347704001657,0.03269343759489965
2025-04-07,-0.006664242605041593,-0.0038600833201174844,-0.0016283582515052458,-0.0016189383228877084,0.00012389890756901232,-0.0017437454365438062,-0.0008919220578285087,0.002408942044834838
2025-04-08,0.0009067752724230616,0.005123060414907204,-0.0034066254594906334,0.0031112318395967948,0.004132358960830133,0.0021601883098689074,0.007261943022335219,-0.00628661883940271
2025-04-09,-0.01908249597985837,-0.019938097046959202,-0.00953384696016926,-0.010691744664903982,-0.01467249548712703,-0.012625077947607513,-0.018763107425593506,-1.7413513344795028e-05
2025-04-10,0.00396190216637312,0.004333716366831897,0.007996353510660198,0.0016049255043483728,0.006749066827586539,0.0067573539291114195,0.005375388050163633,0.009214296190762555
2025-04-11,-0.002555504578437535,-0.001384176915301107,-0.008411640841888762,-0.0003203822610574334,-0.004341228463102635,-0.004342137600002288,-0.0017151050771192122,-0.011064616706280452
2025-04-12,0.0016429642417404168,0.002102008610818413,0.00260254416094002,0.0008295345569299276,0.002796033069025891,0.002796621165829926,0.0026054189325502293,0.0027010173242680716
2025-04-13,0.001684937985759353,0.0032084566549841096,0.00020321238899561535,0.0013941259494212102,0.0028641677542280883,0.002864768501911461,0.0039748535808889806,-0.0011164665112656388
2025-04-14,0.001794297471885966,0.0025763313968231298,0.0021749469836372277,0.001054118204703725,0.003046477704734717,0.003047114865878839,0.003189297513586831,0.001899135918112447
2025-04-15,0.0011715045601790822,0.0012430540754124033,0.0024462437116157545,0.0004625492611586551,0.001986575341278569,0.0019869895650195964,0.001537863846686602,0.002861176222008225
2025-04-16,0.003053840633709295,0.005976873211278086,-4.298299674437882e-05,0.002621932967811535,0.00517432857847195,0.005175405345795166,0.007392205851627742,-0.0026746739729095795
2025-04-17,-0.0034014261489441447,-0.005154138234646819,-0.004820914191822758,-0.0020520525302882846,-0.006535823339727031,-0.006231029303933692,-0.006632713691660138,-0.004605010690481006
2025-04-18,-0.006363233132494113,-0.008602785783814898,-0.006446857590091932,-0.0037504793523848003,-0.009360846227750363,-0.00987100182852706,-0.01015347135100433,-0.004953660812851465
2025-04-19,0.006497796925698757,0.003422557304636031,0.003200538535932428,0.002824938191068864,0.00038674810819828347,0.004193024862008053,0.0006067246785925908,0.001131831684413049
2025-04-20,-0.0005197950501322404,0.0012258917421281638,0.0011116396695074904,1.3855925177071462e-05,0.00278671012100869,0.00146559167728775,0.0027748218197569483,0.0016427193760530964
2025-04-21,-0.0059524291037939955,-0.005311299700965378,-0.003958183418847923,-0.0028444863636628705,-0.0038741317536915964,-0.006044973749886157,-0.004451625457139093,-0.0020225772654291364
2025-04-22,0.05934256343909195,0.04443749122410179,0.033025934782310466,0.029929077725833624,0.023498200512938286,0.05056675150415908,0.02865743262478775,0.013662101458674764
2025-04-23,0.03789285824643031,0.02032065942114406,0.024791154671568654,0.014371869623911827,0.005691231307464123,0.02572979218238345,0.004893320054392021,0.014483951494190319
2025-04-24,0.012965445984806284,0.011748890245574918,0.007684437072041098,0.007846737884755923,0.008039986895433563,0.011764819724070405,0.009751644438790048,0.003159341045740574
2025-04-25,-0.0023265378718276076,-0.00934410185452068,-0.004061512508691176,-0.004148962817007516,-0.013179087019628876,-0.009675703358232177,-0.01497441895807821,-0.003664641114934009
2025-04-26,0.006743843367822611,0.00020319614946478446,0.003779601126545608,-0.00029904771228470093,-0.004349116488075823,0.0024684899165190993,-0.0054373693975116825,0.0016085944784098916
2025-04-27,-0.01455666186780795,-0.011611280882504172,-0.009389610562654223,-0.005920362868484731,-0.007123812333753881,-0.012610778002324097,-0.008241068342482442,-0.004079462663690998
2025-04-28,0.0033668927884649537,0.002609588646728695,0.0027104318349398305,0.0017686285043425965,0.0018628544165825204,0.0038935761754539436,0.0018674456797575032,0.002134704293093477
2025-04-29,-0.012531820978251007,-0.006963394292568789,-0.005162992963556178,-0.004270139036053166,-9.740486064794003e-05,-0.008676080349767513,-0.0011126770448276371,0.0002045332483714549
2025-04-30,-0.013694775295401055,-0.006301853478127328,-0.010569514237066239,-0.006065043934651335,-0.001353950494067849,-0.009077380348216528,-3.013617220558104e-06,-0.00843155693768116
2025-05-01,0.01778264892348247,0.011957316858764198,0.020126967376615932,0.007480539912328793,0.008521215128206805,0.017309744624340352,0.007764415617555943,0.004947067324977683
2025-05-02,-0.0038706445881017985,-0.0040939775000298825,-0.0032590791099730712,-0.0005459522329033129,-0.003644288659049063,-0.005009513840488194,-0.00407034005763933,-0.006190804352700857
2025-05-03,-0.007747722331468825,-0.00723185406169799,-0.0068254820655979575,-0.004247172792130566,-0.0073778686746119836,-0.009478960882206641,-0.007001454845749057,-0.004950141899098831
2025-05-04,-0.012319039146622381,-0.006125243055905844,-0.016092448064876315,-0.005148328734075432,-0.002163400024668506,-0.009668718602644809,-0.0015368496498022817,0.0003192363765497196
2025-05-05,-0.0003097251650339967,-0.0009882818336720066,0.0011313359277680868,-0.0013107226562523281,-0.0026218084518199775,-0.0018966088994034607,-0.0018696117713712448,0.002386496821154007
2025-05-06,-0.0012259245800320415,-0.0031498919789596388,0.002254877677558391,-0.0031015857973042413,-0.006823596302786817,-0.005073674116519358,-0.005343893271149011,0.0031659568757439723
2025-05-07,0.0032399741183767343,0.005368355441750497,0.00133109844886951,0.0003076989424802157,0.0057087210511811695,0.005606846644680085,0.006612928607635526,0.010715842041049879
2025-05-08,0.07539022854149632,0.04795090505665124,0.09500869765353206,0.03595779428762917,0.024770015527146257,0.06135772816964229,0.025946070727308534,0.03871629383277841
2025-05-09,0.03856009279504436,0.020863278337731116,0.05039140223481295,0.01627006513761924,0.006739010378107024,0.028827422376398997,0.006537335575848155,0.009894651165833764
2025-05-10,0.07384084635598831,0.040609321274385754,0.0937847422887407,0.031956591638682245,0.01507460272358516,0.05948240705251887,0.013323247065690663,0.013083058152038326
2025-05-11,-0.04084398057407529,-0.029305302510050136,-0.0462845133017953,-0.019022260689532795,-0.019002561464756824,-0.03903479415646304,-0.018922989992831842,-0.02172870967667812
2025-05-12,0.009276846333677355,0.0060844372433193315,0.010727188690296425,0.0027607290586673257,0.003204674978247429,0.009067092392001317,0.0032380306691094573,0.004280811007084523
2025-05-13,0.02267187815260935,0.012534254333815283,0.027852646896986785,0.00596736168066244,0.004005598275518636,0.020012131882971802,0.003705034339987764,0.004922694633889944
2025-05-14,-0.023683964137976597,-0.015087270113904061,-0.028096049365918953,-0.011427191162771497,-0.007881479711090652,-0.023084646634897225,-0.007362684641506404,-0.007557892790502964
2025-05-15,-0.02873978618909004,-0.01725616582333551,-0.0336227811072642,-0.009318549620047918,-0.0083711238555564,-0.028960608875474542,-0.007357024382031169,-0.005529697830145882
2025-05-16,-0.006028459309925057,-0.0041978754087476314,-0.006405902516580152,-0.0021234319475406374,-0.0031452713668467195,-0.00634416719370843,-0.002788625253757975,-0.0013440680813015143
2025-05-17,-0.010469435644315558,-0.008209503196325721,-0.010444517197574592,-0.004379335138957074,-0.007126004760966834,-0.011706538202790984,-0.006542343583450422,-0.003956199479962378
2025-05-18,0.010439717319794149,0.006744731258956219,0.011811145130997564,0.003633842948976435,0.004193428387904404,0.010114742489184226,0.003780473183714447,0.002519977420433027
2025-05-19,-0.007526587361960759,-0.007895965662409313,-0.005129345035705944,-0.006648835913156031,-0.010552353401735852,-0.010932254519978118,-0.008955743526782408,-0.000441320928838807
2025-05-20,0.0016879693630447415,0.0003074038999894003,0.0026666176867837315,0.000845920788358668,-0.0007068587745254209,0.0006996683775415724,-0.0008256153413723186,-0.0010336794733769921
2025-05-21,0.014333720781355615,0.010531450921447005,0.01569542017734915,0.0072105024013705155,0.007875334261984541,0.014062654946036434,0.007448732826602648,0.006164762536794706
2025-05-22,0.00021251776438028561,0.002994170436600195,-0.0025093243581845314,0.0015968854417326096,0.0059518548471340065,0.0033226152216640804,0.005582464883701651,0.0028184418123761725
2025-05-23,-0.06666183687159948,-0.04055427389653681,-0.08095485800583792,-0.027598219950039967,-0.01861998147150026,-0.0598608469073301,-0.0179581000660092,-0.02195666743580465
2025-05-24,0.005596025451702888,0.0033922748051607074,0.006981735611013693,0.0018491030159966484,0.001378764299948062,0.004553416525339907,0.001522795713989579,0.0027770976124852874
2025-05-25,-0.0001016691351084726,0.0001345263412852944,-0.0006267211166031941,-0.0006669481157205975,0.000499181568957141,0.000644174834790363,0.0003829170803217999,-0.00031828348091108476
2025-05-26,0.0030105244328074523,0.0033513800387221593,0.0023138336390724355,0.0016183220175275785,0.0036156881394215187,0.004069476372249498,0.003626770856737232,0.003524325795012201
2025-05-27,0.008765345779719673,0.009342766963628105,0.007285086123870224,0.0026090110602953126,0.008929088375768628,0.011419207055931897,0.009536394736525055,0.012279786001742735
2025-05-28,-0.009957361200631466,-0.0062525063907437495,-0.011291522547275138,-0.0026503829105769413,-0.0037510378012648683,-0.00977535606527041,-0.003380123940082419,-0.002267529908649609
2025-05-29,-0.010307706959995932,-0.005679562993338834,-0.013275216865190209,-0.0050823025324274445,-0.001770882143449062,-0.010579171382717962,-0.0016734760925921429,-0.0028428612851014176
2025-05-30,-0.006079204791886993,-0.0016018649527502107,-0.010894209983032083,-0.0006550389451643446,0.004457854368698961,-0.003163346087694688,0.0029318874961947513,-0.006483319601269992
2025-05-31,-0.003342684455930028,-0.00326322212142411,-0.0027121231551638526,-0.001999114076725245,-0.0035972245793128646,-0.0044428226071660465,-0.0033213354671386202,-0.0018511724325908088
2025-06-01,-0.0006469266380793925,-0.0005374485195379539,-0.00021636121553416307,-0.0007062080391241709,-0.001078211063465654,-0.0010073006374921034,-0.0006336915464464379,0.0002528494936436643
2025-06-02,-0.001768255815580142,-0.0022422190532335544,-0.00121555438943791,-0.001171381613061597,-0.002948365433212737,-0.0029481561525554027,-0.002643996668898725,-0.0013128773003112891
2025-06-03,0.0007057370684595994,0.0017136368132219099,0.001199952690515734,6.188726165364775e-05,0.0011781290682408231,0.0011780451950992317,0.0020215131252765872,0.002801810175588593
2025-06-04,0.002673814962652242,0.003708692827079888,0.002115906298782418,0.0016125814788850762,0.004461453054934019,0.004461135809741914,0.004373661691293391,0.0028700199248536287
2025-06-05,0.004194085304125817,0.0037535681239290767,0.0015188247512737745,0.003555292126001907,0.006985679170563076,0.006985184638767322,0.004423652409804425,-0.0012262504545043898
2025-06-06,-0.002325333777495215,-0.003045202513081033,-0.0016896672036183888,-0.0014934215761713222,-0.003862344799685391,-0.0038620732723584736,-0.0035864356515402304,-0.0020105298028948817
2025-06-07,0.0015977577788127766,0.005119347894102505,0.0038118894242445754,-0.00047694356703610776,0.002657946708583134,0.0026577591273890463,0.006032500184613239,0.009834566396770194
2025-06-08,-0.0023200422152192994,-0.004609089927435703,-0.0030669849757004337,-0.0007033210044018941,-0.0038554205622932294,-0.003855149192147874,-0.005426296290883079,-0.006381087292925482
2025-06-09,0.0036961646904707397,0.007346129885373342,0.004877803626753219,0.0011254971406140708,0.0061517128835008586,0.0061512782092931215,0.008655728444010916,0.010169361552728276
2025-06-10,0.011445269387084999,0.014237017143052406,0.010100835898469197,0.00640673847886217,0.015670758193530636,0.016865836413257486,0.015861477711865524,0.011935922428028213
2025-06-11,-0.007241636705289605,-0.005858655408381258,-0.004772490388768862,-0.004879115004281932,-0.008298840376804655,-0.009681167603317596,-0.0058997593775636775,-0.0007171734507179938
2025-06-12,-0.004859575494631225,0.0020690404567361054,-0.0038521586663061774,-0.002898789911897869,0.00262448024672393,-0.0013368245943624168,0.005278970362695695,0.006231135464336009
2025-06-13,-0.0073860268984788325,-0.004367889933252736,-0.00835704843716381,-0.0008585178469230937,-0.0013392238627315128,-0.006372606670257918,-0.0022412297792929322,-0.004164073656206829
2025-06-14,-0.0008790911169506658,0.0008434073120757196,-0.0005539242084808534,-0.00045766435245916856,0.0008719335516299826,-5.18102954805359e-05,0.001600591963956689,0.001980853548294465
2025-06-15,-0.0023578768993927843,-0.0014677755948723915,-0.0026440191212332253,-0.0009441933590010775,-0.000670939770823923,-0.001876215457149533,-0.0008691763805533665,-0.0014832168024975238
2025-06-16,-0.00949374174898873,-0.006194471399648051,-0.00992154449037016,-0.002126314015499778,-0.002318984907478642,-0.010152223632954538,-0.0036585730595417314,-0.006812050931538107
2025-06-17,-0.000356027864669859,-0.00048135178953095915,-0.0007594301648873975,0.0009925657173150294,0.0011870857292222352,-0.001220172326762893,-3.836581568644232e-05,-0.002406938458062268
2025-06-18,-0.0012191224637498556,-0.001960621833343757,-0.0006623842237570768,0.0008682508847812445,-0.0014200638941550105,-0.003913754315486074,-0.0020799285136137097,-0.002408505434195176
2025-06-19,0.0027388189123530578,0.003901401588247403,0.003443033088063784,0.0009125448386274606,0.002939329793041191,0.0035585588558192933,0.004145308520577812,0.005181422915278374
2025-06-20,0.013203347278801215,0.008686138200889149,0.013479422966237971,0.005826886203456939,0.00620600548296651,0.012042839637514192,0.006084493803104475,0.006567114929150262
2025-06-21,0.019837065905710966,0.010316166413866191,0.018795538592257462,0.009409576661406112,0.007889504606831074,0.017335173689520058,0.005545614313275087,0.003957628261043031
2025-06-22,0.04219566150328582,0.06039468798797319,0.04790619768350253,0.01740843304885021,0.052578397047867036,0.05907182368273367,0.06629967638080511,0.07229927523650395
2025-06-23,-0.039895098721281774,-0.024791369539827666,-0.04306701011071788,-0.020778978061842812,-0.019802982551529232,-0.02746240151788492,-0.017285599485648222,-0.014912434800038756
2025-06-24,0.0024530982372078097,0.005290454700372253,0.0032790838917132223,0.0007512580056759652,0.004482393292137847,0.004453547701507839,0.006263676447308033,0.007370845067280141
2025-06-25,0.001268613004846243,0.0017762875761798834,0.001088874779342703,0.0007221758455461715,0.002018016589306064,0.0020384501870689604,0.002052462480721472,0.0015352246017799108
2025-06-26,0.00234342871742119,0.0035039319816956814,0.00221670448071489,0.0012166937587521724,0.0037249666832660606,0.0037626074199005525,0.004047602948992656,0.0034454034132252328
2025-06-27,-0.0008394733792551869,-0.001742608660896758,-0.00124126742320431,-0.00017850961773489536,-0.0013325373607066607,-0.0013459521576274906,-0.0020119022652899726,-0.0025625482059803135
2025-06-28,-0.004778324889929039,-0.006999108268391951,-0.004390954269243759,-0.0025577032827175787,-0.007588614801188951,-0.007665113165665146,-0.00808289422900986,-0.006638484220450557
2025-06-29,0.0035483031680490925,0.004661832625424831,0.00276049361659193,0.002181945386520194,0.005651134455651216,0.005708541742527912,0.005389582444847219,0.0034498071902332303
2025-06-30,-0.001608987017541674,-0.00048388880586677985,0.00023402375748342235,-0.001846159600234595,-0.0025571628971842925,-0.0025829924946140607,-0.0005590228254895486,0.002870080769480984
2025-07-01,-0.0042115963054100815,-0.004893729317357261,-0.005281459612102999,-0.0018150032927728111,-0.007019327175683468,-0.007019327175683468,-0.005978850294260329,-0.0037612246548537343
2025-07-02,0.0025461801163620596,0.0037380521512322654,0.006517646073629277,0.0005999229321749114,0.006174874890626997,0.005931367552144053,0.005186233943307905,0.006510472118782881
2025-07-03,0.003480451565754519,0.0029195720673907705,0.005145380312179705,0.0010265324802905366,0.002855463978456299,0.004026543575674492,0.002587482351641577,0.004775223369928593
2025-07-04,-0.007158101112625737,-0.005603822993429791,-0.0028622568744521622,-0.003567539997007989,-0.005001913855806083,-0.007756294216232229,-0.004541669471371708,0.0006155304223702858
2025-07-05,-0.0002002994405037069,-0.0007720929919160937,-0.0019439327669218886,0.00010333530138517112,-0.0016960464325144415,-0.0011524164507380602,-0.001395558950977366,-0.0022322962752771677
2025-07-06,0.0031383695721446236,0.0018507921328117152,0.002133028547902008,0.0012101514595821842,0.0005996020489960519,0.0024462526500020274,0.0007218870344495037,0.0012565145312341906
2025-07-07,-0.009241617519200166,-0.007169813060116933,-0.009259480476022906,-0.0045987455205504105,-0.005652271652199807,-0.0089951912082088,-0.005515500429376443,-0.007671044465484409
2025-07-08,0.0011784896844312237,-0.0007115871050765027,-0.003158895752594501,0.0011562962996533163,-0.003475245788534615,-0.0014530522704138244,-0.002675129409243402,-0.004052659142216864
2025-07-09,0.03153895519286536,0.020001089089401985,0.02171461667940055,0.014076709294543828,0.008752212938546219,0.027259373782725322,0.009779999201041225,0.013567199421947711
2025-07-10,0.08807358852664499,0.0650698810697274,0.08483345619259046,0.03352794819811477,0.049274036441577955,0.08952737831013215,0.04670980409901959,0.0635641565534269
2025-07-11,0.021935476628691993,0.015160844222127226,0.017611970618912714,0.006259638259568353,0.010142886223407517,0.024041309233116828,0.009383483451491828,0.01035703786938709
2025-07-12,-0.0019066915749305741,0.005069043700793786,0.016848762032380466,-0.001028785284164081,0.01515434877164444,0.006297458790203751,0.012595938319626502,0.02298631210982519
2025-07-13,0.019905537579392042,0.0118840980444721,0.013905606998291676,0.004020647851862933,0.005129653615497158,0.01806472610679052,0.004905245202759873,0.0062654787493116966
2025-07-14,0.025546451374889173,0.013699906891634523,0.013545423456766952,0.0053534323356816465,0.002456753155642886,0.021050560784706563,0.0028647111841960025,0.002503233735415965
2025-07-15,0.008969489472351117,0.004620769378676538,0.005038586531403034,0.0018727147229011109,0.0001755569397919545,0.00700624170752188,0.0004788986761927462,0.0014052190289193785
2025-07-16,0.02911108610549025,0.016567207539263967,0.018075876215514562,0.006893011466345956,0.004361562850671631,0.02430912185830122,0.004773721376222575,0.006592465935932351
2025-07-17,0.04681767572814401,0.02729050146795001,0.03225999311911115,0.010101356803694825,0.008268234018731977,0.04028863637890616,0.008627515578653615,0.014488695439809197
2025-07-18,0.011903788446092252,0.004034238856698027,0.0056064078604610755,7.024656899115885e-05,-0.005287684175832296,0.007433824821092193,-0.004230156093887043,-1.626684174984307e-05
2025-07-19,0.008807582173427987,0.00622627650348817,0.008082226680296357,0.002578619554832841,0.003973744757584414,0.008581628794670119,0.0037574379407709175,0.00562266370288197
2025-07-20,0.05080642050448097,0.03213626213668393,0.03441307090118844,0.01790753213148569,0.011774504225282352,0.04334303412391422,0.01285953164783747,0.017042477218182306
2025-07-21,0.032635231541585805,0.02402346890672123,0.023466311792053707,0.01255867072837128,0.016565459822601745,0.03230562891246015,0.01556331571786465,0.011182230803962395
2025-07-22,0.018108567813488966,0.009180500839041523,0.009430549425105647,0.0049689498018948425,-0.0022816979375766505,0.012972184423760988,-0.000940235128376036,0.0019391717408387705
2025-07-23,-0.08708511834692749,-0.058381810510071123,-0.05444766179871628,-0.03435364389931554,-0.026009462144509603,-0.07740532184004398,-0.026964731845757487,-0.02015333840729256
2025-07-24,0.0033117188901312547,0.002869846506320763,0.008554683401658391,-0.00037875362497967257,0.0029313848597528475,0.004024740413211151,0.00259219069811355,0.010007149872817193
2025-07-25,0.002783877726190725,0.003850431256679895,0.0027635804166916416,0.001869210838039414,0.006384404355909283,0.0050727359262047,0.005415057859538771,0.0014149031957475199
2025-07-26,0.006084834050071568,0.006660637752444716,0.01009048677905239,0.0017779434572576767,0.009277635040110343,0.008165244318445258,0.007970834616950227,0.009463310999864812
2025-07-27,0.022997089179476828,0.01202926075334095,0.010138469804543167,0.005260906116556224,-0.00043240696218157306,0.019081752667256403,0.00043340558221687165,-0.0007870776669787428
2025-07-28,-0.027001520650416916,-0.018820904037563903,-0.01878112820487923,-0.010645083741686046,-0.01056105505864265,-0.02489053109592678,-0.01044341803715142,-0.009323537084874843
2025-07-29,-0.006470628243951432,-0.005085363318758582,-0.007005369842633824,-0.0015698798517885233,-0.004397599282015876,-0.007114109549201055,-0.0039195651197767994,-0.005378750323833007
2025-07-30,-0.005687493807657269,-0.004506081537586095,-0.005752218366609134,-0.0014093385677380775,-0.004021860607566671,-0.006368631343109479,-0.003548109712543341,-0.004039498350249998
2025-07-31,-0.007743806490434657,-0.006176023489017448,-0.00821159667279994,-0.0029643102039308184,-0.005097554050208808,-0.008050771642880275,-0.00476181471012496,-0.006726803717226763
2025-08-01,-0.006243642966377628,-0.002310102973310487,-0.008762612206216108,-0.002841022966648846,0.001164186823329268,-0.003581212373937566,0.0008653673933702692,-0.0037724858970644205
2025-08-02,0.002393478329964531,0.0030234905639673518,0.0011924652831176831,0.0002374806319523597,0.003959614112465583,0.0039835308637499005,0.003650013663498219,0.00026567662234278224
2025-08-03,-0.004104756414365166,-0.005005453942277451,-0.0026012929885037023,-0.0003905278643754111,-0.006780047606202091,-0.006812174992311992,-0.006038904359597646,-0.00193543528670397
2025-08-04,-0.0037718043079557405,-0.004439994770350032,-0.0028886789731074488,-0.00031909279305501384,-0.0062468737390689,-0.006276677700344525,-0.005362267246282624,-0.0031073287489679184
2025-08-05,0.0060019017476363856,0.007171591127996511,0.004281047358663775,0.000529786993455951,0.009965125644408353,0.010012969763031003,0.008669299922196944,0.004114047357745807
2025-08-06,-0.0023561288137136614,-0.002891124353088096,-0.001440489186066093,-0.00022773269443285954,-0.0038965957414639073,-0.00391511843667553,-0.003489714863785692,-0.0009727324828336932
2025-08-07,0.004344746818687118,0.00355875757041994,0.008100326394828524,2.1710427510970384e-06,0.007196509608894423,0.007230853096034554,0.004298157958842216,0.01625008155174397
2025-08-08,0.007963798326426541,0.006715157146153389,0.008716286857181817,0.0018362737460885842,0.0075960099654039,0.009888918314130541,0.006340081484584955,0.0077168601595255185
2025-08-09,0.01570490481715416,0.01227705845349143,0.01709177698602491,0.005587072512769809,0.011411545513320994,0.016965054551284147,0.010201708762791374,0.011637740584897516
2025-08-10,0.006341051012853184,0.006164553466895824,0.009443695404894425,3.2966247385031194e-06,0.011096918058324485,0.010844852329960169,0.007640996863187961,0.017997872630910537
2025-08-11,-0.015587978367021336,-0.015143243273804664,-0.014710162184326435,-0.002921975759573398,-0.018518049361455416,-0.02138476048754512,-0.015986365326800648,-0.012775986319205701
2025-08-12,0.01701131921929068,0.012322466433237826,0.014930318788838088,0.008533833906521002,0.005497983516313037,0.014104998039625852,0.0076751238611201715,-0.003524048606363736
2025-08-13,0.016521225181143524,0.013075911927992963,0.014448085752754448,0.006221064842980977,0.0091205677502393,0.01635598006107958,0.009984340802296963,-0.0002644661496551431
2025-08-14,-0.04678536579631239,-0.03449691469929913,-0.04792413975650275,-0.020293710747171508,-0.023807819865920926,-0.0441806259845139,-0.0245171646949972,-0.016477113375586445
2025-08-15,-0.017757086289329968,-0.011692909420139688,-0.019355567134524666,-0.00556916128558703,-0.007169430116369787,-0.01651142721636108,-0.007079800480775559,-0.0066954342982540474
2025-08-16,0.002708136178705801,0.001575022583842049,0.004007115602965108,0.0008998935582646028,0.0014238019385169776,0.0026427852342067663,0.0009399692455722753,0.004149283903000174
2025-08-17,0.0018416403302728718,0.00021848091132572464,0.0030009134624937018,0.0014913798178471647,-0.001496975004139359,0.00020439126736004185,-0.0011692153999324805,0.0011041569568383022
2025-08-18,-0.006521183547085153,-0.005230533912799544,-0.006348305782511587,-0.00289821749782464,-0.004242284886575013,-0.0066200962306230725,-0.004244659198411565,-0.00249455980682312
2025-08-19,-0.0003906167832639952,0.0024157614936645613,-0.0031793118645518613,-0.0015718750992653517,0.005412094666216714,0.003108047353025234,0.004825430643103163,-0.001677823034645895
2025-08-20,0.00387068475501859,-0.000802147320890638,0.007711222662178452,0.0034562946036625045,-0.0055311232895288226,-0.0009701769116250746,-0.004720035831160817,0.00340634014197535
2025-08-21,-0.001361506548996025,0.0018998290422797218,-0.004100151189741811,-0.0021330172773648156,0.005585005533837624,0.0025760270433518037,0.004770164421907077,-0.0011808502383169116
2025-08-22,0.004675571243749354,-0.0018573859780803444,0.009083753971175315,0.0008420974297627579,-0.008012369830261662,-0.0006778755613701168,-0.007198078512356331,0.0011024368384283598
2025-08-23,-0.006000370184398867,-0.004167648012438209,-0.006187164993574753,-0.002799931207600237,-0.002357030086725775,-0.00524409886248479,-0.002631829524704511,-0.0015758177702681697
2025-08-24,-0.0060389385347183215,-0.004608949051347984,-0.007862257446332177,-0.0015733931749077436,-0.005466676543203786,-0.007266935076142346,-0.0041345968534290106,-0.00885862349867959
2025-08-25,-0.028295370114084853,-0.017183152643744235,-0.03130262181645999,-0.015428558336121685,-0.005269346580837052,-0.02086178549893949,-0.007608660849549556,-0.007207306615658882
2025-08-26,-0.0037629884437535626,-0.0037993013671548713,-0.003432168350260812,-0.0005604061798044617,-0.00485526449059589,-0.0054864694480583525,-0.0041537708815456535,-0.0031592049261700912
2025-08-27,-0.0005430646574152936,-0.0009052558598551676,0.0013367901709377082,-0.00046403169700579727,3.9468602454150215e-05,-0.0003153752035478204,-0.0007898854095348938,0.004917907400326317
2025-08-28,0.0001698558259249991,-0.00041880641791350917,0.000369728026555215,0.0006432213199114162,-0.001462542301588432,-0.0008635473555046528,-0.0010515804957554405,-0.0009528447408727809
2025-08-29,-0.00202079055305167,-0.000992813262470154,-0.0028671521978883433,-0.0009992397152111905,-0.0003342438124363684,-0.0014776357745604424,-0.0002576284062164468,-0.002045127401962789
2025-08-30,-0.0028404819515639684,-0.0018708299048366896,-0.0030035127263765456,-0.002153232361015664,-0.0005948742368799406,-0.0019007355615062666,-0.000970027504487072,-0.0006112022924922473
2025-08-31,-8.364032660413102e-05,-2.003532686448661e-06,-0.0009618695472120035,0.0006674951769776357,-0.0009102145740015592,-0.0007649887191614422,-0.0002493359635861214,-0.002990201889944623
2025-09-01,-0.002120968801725987,-0.0015052392037728391,-0.0032716357636718547,-0.0012146466484236659,-0.0013240557817901417,-0.002003432341550981,-0.0010876022497753456,-0.0033190443984020767
2025-09-02,-0.0009704311324333326,-0.0014167146777594912,0.0007874056755644847,0.0010225180407549398,-0.003288376860842093,-0.0028914288119221447,-0.002320980262065369,0.0019329236718907618
2025-09-03,6.9181695546551465e-06,-0.00019306042918396546,0.0002812118726170486,0.0003045704905697837,-0.0007999353889496433,-0.0005173213686822451,-0.0005180476408860051,0.0002471660442593086
2025-09-04,0.0002702426998407507,0.0009343318254609953,-0.0008207256596262163,-0.001487918446098425,0.0035052529900360136,0.002569360236906011,0.002205452938679438,-0.0009449640366775515
2025-09-05,-0.0004834973898915814,-0.0008458225217256833,-0.0004506800814671987,0.0005390968117530493,-0.002585072056426143,-0.001921074337577368,-0.001655960968887199,-0.0009254503038708915
2025-09-06,0.0039478188300445345,0.0029345071204893826,0.005108197418917757,0.0007953401803842836,0.003651726652831826,0.004872868268863939,0.0025980935760326336,0.00433745393952274
2025-09-07,0.00025982641956728505,-0.0006665020034449504,-0.0005785335915737092,0.0019382381424896747,-0.004810407915346449,-0.0029092703519586977,-0.002634553857661987,-0.002764139816409619
2025-09-08,-0.0011584639553335724,-0.0010684663553668476,-0.0016182247730979955,0.001641393837602627,-0.003473230284104181,-0.0022803354933958763,-0.0018509112749413017,-0.0016266756742392909
2025-09-09,-0.000843453360223077,-0.0004686962983218735,-0.0029437615238428584,0.0017933909835706836,-0.0029057908250637544,-0.001092231752608266,-0.0010988383331096484,-0.004062546664786784
2025-09-10,0.00922607904500419,0.006075012242352628,0.011626076305511168,0.002449879694606128,0.005176025632741876,0.008360304764673742,0.00394466259307671,0.008208593890344184
2025-09-11,0.01184619828965137,0.00764111723974731,0.013055931363598307,0.004438435860174856,0.003970344671088799,0.009453091513868483,0.003931445870886826,0.006737154855554502
2025-09-12,0.029531808468361974,0.019461258657448983,0.032069950375179415,0.012466235871877401,0.009723684205330124,0.025409240829103893,0.010194512217434068,0.01681337625274863
2025-09-13,0.015888451060219067,0.010546731992161166,0.01839113741779929,0.005614600836825831,0.006899500943317034,0.014893664290759468,0.00609463429574284,0.011412607804160303
2025-09-14,-0.027116505429068544,-0.017429594564882585,-0.02637747309529781,-0.012791643521932319,-0.004158542172701752,-0.0206733272907244,-0.0070044531193116915,-0.008640954910918222
2025-09-15,-0.02441017195393487,-0.015157684468781277,-0.024605657189171248,-0.009540817622171276,-0.004312442824763589,-0.019418814286243834,-0.0059332414643980995,-0.008642858802057602
2025-09-16,0.014113041758774094,0.009356125777428474,0.01590580945908197,0.005552396154287091,0.005580766022424259,0.012694284498454216,0.005285850195284196,0.00932456556575819
2025-09-17,0.012029930551681998,0.007484896566696576,0.010992243258122883,0.005865708168329149,0.0006859766360032913,0.008430320842065561,0.002467581624807223,0.002169763294700405
2025-09-18,0.0018247545046927638,0.0012965274898578524,0.002945259015397158,6.427426197836099e-05,0.0020377270517900714,0.002513219061498501,0.001240072738863024,0.003078326916948175
2025-09-19,-0.022201951792411134,-0.014164126575163678,-0.022190124165360287,-0.009787570478265934,-0.004233415520998476,-0.017432068511360078,-0.005971237360505863,-0.008223403253111461
2025-09-20,0.009000475949781681,0.0057340314471240545,0.008862964320570646,0.004142937270659981,0.0015635338211341773,0.006895660001374348,0.002387008734321751,0.003104591943291095
2025-09-21,-0.0008974108381795616,-0.0003605971410355927,0.00038644418815119325,-0.0010901659188831737,0.0018277218954233356,0.000522025377695754,0.0007115215722603579,0.0025037234460628657
2025-09-22,0.011724335563093557,0.012399328599050102,0.035450581278187406,-0.005027494936928657,0.04060199650956024,0.0316318853590036,0.022566796747944696,0.058566537718355745
2025-09-23,-0.0016264082156608566,-0.001235012985214649,-0.0031747490982215235,0.0003341880977171507,-0.002670954394037178,-0.002778485321919641,-0.0015147009045883958,-0.003886085680986104
2025-09-24,0.0016640635193397233,0.0013768360457125208,0.0031375907448927937,6.755973065338275e-05,0.002735655654558982,0.002712536289847095,0.0016891150145254205,0.003965648881925688
2025-09-25,0.0002769707028304096,-0.00015162108972639242,0.0009082698389226367,-0.0013596031026269185,0.0004548424588989254,0.0008976966006125993,-0.00018595214621637622,0.0007234358658024235
2025-09-26,-0.00046027465238736385,-0.00037974852219964074,-0.0008673983652375829,-1.387328442371584e-05,-0.0007557305937509429,-0.0007506141259836623,-0.00046574970271749634,-0.00109411321662133
2025-09-27,-0.002007411713873668,-0.0016464160006606928,-0.0037943623322830413,-2.5675425665422266e-05,-0.003296968457124713,-0.003285953755758903,-0.0020194515475058157,-0.004776467516836952
2025-09-28,0.003357764041823934,0.002752936745096097,0.006358151047301106,4.286174409856852e-05,0.0055219192167446935,0.005503410453296865,0.00337794362211068,0.008011747027456521
2025-09-29,-0.003876480675293142,-0.003180134988240878,-0.007318490904821273,-4.964716908839207e-05,-0.006361239860296704,-0.006340034503715876,-0.0038996992217582077,-0.009206719242469494
2025-09-30,-0.00025903719172128543,-0.00021235699197757777,-0.0004907375601145241,-3.3048651690753856e-06,-0.0004261386655107481,-0.00042470905755220205,-0.0002605947935809375,-0.0006185282516266196
2025-10-01,0.0007595823271617785,0.0006635180589591923,0.0017165888323457743,0.00012045415243888691,0.0012659705452696308,0.0012258191611233351,0.0008082170210089773,0.001892933110282502
2025-10-02,0.010358892851019817,0.008156588935101338,0.01878444643735341,0.0024219593324534827,0.012543858362180747,0.015198871608546483,0.008398596777702709,0.01920192444141072
2025-10-03,0.017583702090938614,0.011500675678740285,0.014249523899687476,0.009845728419799915,0.004651002279215428,0.013697196724611109,0.005927220007983341,0.008279079366103267
2025-10-04,-0.005353734962745235,-0.0034509441285022705,-0.003972137412119904,-0.003091056963146044,-0.0010447105140781751,-0.0039713840960018025,-0.0016098778084233764,-0.0019913896798249456
2025-10-05,-0.0038746587081675476,-0.004045536292076558,-0.014750965333215375,0.001960855310944476,-0.012135597384770934,-0.009869686450678703,-0.006796145331879453,-0.017701327368900042
2025-10-06,0.007826071560197535,0.004882363634687799,0.0024840095933735995,0.006476840606195022,-0.0013863662324192822,0.0037311510506665125,0.0012097632964800232,-0.001300332673486245
2025-10-07,-0.0034868513986560327,-0.0025958324382924503,-0.005359691047168672,-0.0010342229356240518,-0.0033042628382660344,-0.004213143311349992,-0.002331437497775139,-0.005081169118954681
2025-10-08,0.008538116708078912,0.006005821445224422,0.010599090737218838,0.0033550351291071756,0.005630185056994719,0.008840246410499887,0.0044779125193872395,0.008924724348895713
2025-10-09,-0.0032422079646549414,0.000643235402260404,0.018378261401140156,-0.008940168548424277,0.019440137391821516,0.009747953681054666,0.008933045670207454,0.027574100342682595
2025-10-10,0.0011916890574698428,0.002528010352302831,0.0002672552559620817,0.006536032387692847,0.001473349171378257,0.004475829345635657,0.002947244868372633,0.0026299889171287143
2025-10-11,0.017367028410102573,0.006098145507400869,0.001548025116006872,0.0036125153338075755,-0.01139187847467992,0.009923658358556043,-0.0058307995342674794,-0.013668292722348747
2025-10-12,-0.03725770595464729,-0.023286136412292074,-0.029850021290940262,-0.0175221888256325,-0.008023766467615708,-0.028594150512165097,-0.010432900550885308,-0.01507490636856071
2025-10-13,-0.005897149745932408,-0.003988725252395424,-0.003928971674197423,-0.004313802092270169,-0.00099417967171891,-0.004061440227433022,-0.0019635946817149184,-0.0019481859872237403
2025-10-14,-0.010746418839982827,-0.006730362158319628,-0.006017567018092351,-0.007143721872658548,-0.0003252495376773644,-0.006906795099531533,-0.0024414449231212757,-0.0014778870203328433
2025-10-15,8.877423777436533e-05,7.365243173873453e-05,0.00020336194995562007,0.0,0.0001459872002483217,0.00014563384670178385,8.925112029281351e-05,0.0002182565896308109
2025-10-16,-0.0003100928468741996,-0.00038479882223100285,-0.0003372223280818898,-0.000646328384593664,-0.00034392934428219453,-0.0002967716270523298,-0.00041224017321384097,-0.000507208580080556
2025-10-17,-0.0026833585172361205,-0.0011549066637570426,-0.0011347376272478633,-0.00048380716957996395,0.0007351457132552425,-0.000781754756009703,0.00029835367541526946,0.0008720794771966251
2025-10-18,-0.006587911172586703,-0.004751326299794987,-0.005191123647119287,-0.0051887109627318795,-0.002075852576464168,-0.006066791093669958,-0.0028895168375082294,-0.0037008377506465473
2025-10-19,-0.006030202965359335,-0.00463901270403184,-0.0074255051974506095,-0.0034725678146591,-0.004474802154167824,-0.003349023127751687,-0.0038209927551425323,-0.006530505431323615
2025-10-20,0.0022831447721373987,0.0015985726639910144,0.0056046961636739105,-0.0011109386731692483,0.0037189290001092565,0.004090581406000922,0.0019291422722816744,0.005634868428890385
2025-10-21,-0.0015066451978128913,-0.0020707315356722103,0.0011113608830849114,0.0,-0.0024506074002472794,-0.0024544176034623838,-0.002498114620835736,0.0028069363604822178
2025-10-22,0.0005146461156340862,0.0002779659587703673,-0.00027386790870289625,-0.0011432952443840572,0.00037647675675642683,0.0009903706630141026,0.00018347674288305465,-0.001344653339021647
2025-10-23,0.0005184070402155606,8.393067141356018e-05,0.005266380613639269,-0.0009485501254100637,0.002287140177824638,0.0018512938929764913,0.0005767801723053857,0.006783477319474079
2025-10-24,-0.0010613467846805355,-0.0009542236632121842,0.004240057546523361,-0.002655056629290997,0.0023575050353761744,0.0011088496558784868,0.00019632427294239527,0.006065840384979326
2025-10-25,-0.0022792235556370276,-0.001811262079216778,-0.0016134728193061697,-0.001696477092869908,-0.0011089366399277983,-0.0019022906843630242,-0.00132820842386102,-0.0009869273181347304
2025-10-26,-0.0020931402191733477,-0.0007706546607628406,0.007575012190660795,-0.004902954784494984,0.006845924680492355,0.004388178925021943,0.0024649567220545758,0.011248306610114544
2025-10-27,0.0011293904387440464,0.0009494438145530733,0.0026404395787504266,-3.968416289379384e-05,0.001925572900164146,0.0019496531323225923,0.0011782818424157045,0.0028393915678312097
2025-10-28,0.0004544122776656287,0.0003753191786044427,0.001011584815091839,0.0,0.0007281238919106544,0.0007323885131565497,0.00045049412393685217,0.00107198514586411
2025-10-29,0.0005508684676163392,0.00045502258065919485,0.0012256271091168464,0.0,0.0008824382753209428,0.0008876029332918521,0.0005461207626279048,0.0012987292449437291
2025-10-30,-0.0050436807954498284,-0.0028278209517619006,-0.005628763480713526,-0.0002794139680547536,-0.002167208964821499,-0.005180185465150307,-0.0014273383818913135,-0.0036270858136715858
2025-10-31,-0.010716561275390479,-0.006098262371544621,-0.007275326525957729,-0.004473690518768003,-0.0008871442661632467,-0.009244252389717716,-0.0019217552907787397,-0.0025262665169299395
2025-11-01,-0.011941462795788583,-0.009764396894544038,-0.009725757982546115,-0.010558379259345774,-0.005530431962162592,-0.008065351533531273,-0.006839313503877367,-0.008675885878949192
2025-11-02,-0.008358860033270842,-0.0050450418002302815,0.003581399785879593,-0.004173581621153,0.006399750346292515,-0.001973255069909237,0.0012594027548386785,0.008370905912562196
2025-11-03,0.04452682196215709,0.03352504111561409,0.03650979850686012,0.03133255438843974,0.018290727727728332,0.03050005642219622,0.021098803536380106,0.02925327485783462
2025-11-04,0.04178017960978078,0.031519563335904416,0.026775355733615364,0.030431116010042558,0.010861829650110979,0.030593771511688017,0.017402538352924983,0.019075164863603274
2025-11-05,-0.02589530024816993,-0.021705512814998322,0.0025355034882041947,-0.0282762399105706,0.007622538363383421,-0.010603510303706265,-0.008154612141610998,0.008516096099007048
2025-11-06,0.03261202923992412,0.019620317826320104,0.03358071370340841,0.00682305999208066,0.01459345965988767,0.028882901240247873,0.009561461652646598,0.023602547709942964
2025-11-07,-0.013394316445601106,-0.009767145838146434,-0.014427798693787979,-0.007345407922635383,-0.008149843460530182,0.016149975847647043,-0.006777983866260806,-0.008310400263804371
2025-11-08,-0.0033133404801447735,-0.001821070749753284,-0.008009208153876722,0.0007336868777270134,-0.005258950378822941,-0.004219753191079505,-0.0021663078429826083,-0.007550721251070946
2025-11-09,-0.021228818687871364,-0.012555169036371461,-0.026702649952597173,-0.002707420473520461,-0.013390040660801841,-0.023126248887750646,-0.0073409456891740535,-0.021159501046157134
2025-11-10,-0.009678619284503049,-0.007132620358955415,-0.008756513024923276,-0.006048106382261942,-0.004499993143829622,-0.004155167704213101,-0.0045396357680076,-0.006605295886386744
2025-11-11,0.0020609330179352046,0.0017288970825977351,0.005003135265959697,0.001322342668793386,0.003793500895025788,0.0032528861240210642,0.0022948500892608858,0.00554213111933462
2025-11-12,0.0015215738263102936,0.0012307200731598333,0.0026122415791773974,0.0009209766286726317,0.0019169666484153728,0.001141303904694602,0.0013051127933208372,0.0025646601122260694
2025-11-13,0.010070113887184142,0.0060765238684159,0.012500269430509435,0.0026231433135766036,0.005837459841163525,0.009470677897141847,0.003488403521644339,0.010230174442891732
2025-11-14,0.03539643839418043,0.023012675472793297,0.02213430678571482,0.013941189027086187,0.005915623671049221,0.02898673494825427,0.008788177414188584,0.010764271016015181
2025-11-15,-0.01866595541706261,-0.012687818330746992,-0.015101473584654029,-0.005406786465130153,-0.007902054364951476,-0.018969646718078575,-0.007032961637244217,-0.009090258927783704
2025-11-16,0.029708005283076558,0.02033184471839983,0.02553252525467338,0.017590537266169548,0.009223745120900056,0.023482184244832477,0.010182160633657558,0.02029505582888458
2025-11-17,0.025251555240465292,0.020035606273479004,0.013922970646809309,0.023087264411014274,0.004290809506840362,0.01838982034856603,0.010749132617133563,0.010930283416465337
2025-11-18,-0.038818852364140954,-0.031702527112294675,-0.022422033870449092,-0.029363987597139315,-0.012838228658786333,-0.031078595706516617,-0.019988341644182384,-0.014592510594790652
2025-11-19,0.01915724506194785,0.01438584339955302,0.011156353777112035,0.01093412514053993,0.0053150771537693355,0.009264667701881297,0.007887333956827216,0.004970043839702144
2025-11-20,0.03118867395887279,0.025074100303406052,0.014925137089332678,0.02055407683090693,0.008727441404053033,0.011047294742710285,0.014938666304140886,0.004275897661565698
2025-11-21,0.02805587314966438,0.01991135946569376,0.0158830235164721,0.012327936959931396,0.006041844871455004,0.019936419380724265,0.009336277640969204,0.005674263434571501
2025-11-22,0.001832250894087053,0.0016203344970642788,-0.003315272302609374,0.0008467815913106858,-0.0021741938468465252,0.0010359903310147903,7.268838589217692e-05,-0.0052844209091150104
2025-11-23,-0.027238317515010213,-0.018104491158517325,-0.019545604549132532,-0.009495695318662456,-0.006832254198142315,-0.024550040062520862,-0.007742455005227031,-0.010335512935740946
2025-11-24,-0.028382883397925406,-0.02023982971968588,-0.019262012324145376,-0.014555840368255302,-0.0075645464310716256,-0.013335342915174875,-0.010118127065437986,-0.009736178657809062
2025-11-25,0.0017106910496075447,0.0009905340400918508,0.0007649109643043327,0.00031777115159759006,-0.0001139810350965541,-0.00021021805289914267,0.00010821965961119313,-0.00028947769435056663
2025-11-26,-0.012180368996601666,-0.007768950302050264,-0.011791802144354768,-0.002090440370430491,-0.005987671619728914,-0.004999718674867833,-0.00421094812848545,-0.006444468767782101
2025-11-27,-0.0014919034987414949,-0.0018064651148554422,-0.0012773624072519108,-5.4613648245105395e-05,-0.0029847476776587584,-0.002807288501806709,-0.002446848298358176,-0.0004714446662157811
2025-11-28,0.0030785960055870858,0.0027480515030988127,0.0008181114475239225,0.00043349680260140744,0.0020158565062226327,0.0017672258048854392,0.0022598358731439547,-0.0013302860617413798
2025-11-29,-9.327198991235209e-05,-0.0002204159319180249,-7.110805616492098e-05,9.305735057218989e-05,-0.00051990174658861,-0.0005221843834378876,-0.00041407408959798653,2.5822839442938014e-05
2025-11-30,0.00208903966188743,0.001379964734338701,0.0025704166391252374,0.0005845196021392329,0.0014422128474088033,0.0011759791716619962,0.00094016810029514,0.0019403406824616254
2025-12-01,0.008757462819663787,0.02170048202895922,0.001973532715186462,0.006506937133864764,0.012519067040951848,0.01232055594707219,0.024686830110615128,-0.0034960466858520835
2025-12-02,-0.054065330096171406,-0.041417997151442856,-0.040290000583949874,-0.02321267812543768,-0.02296855625541585,-0.04037259605533831,-0.032430244553356635,-0.014024357291205174
2025-12-03,0.0002532104045998114,0.0021521185394119255,-0.0010656339619982656,0.00023758750139731108,0.0004070675184455429,0.0004921505803342633,0.0024655525565771184,-0.002108227390013624
2025-12-04,-0.0008758280073934648,-0.0021356906199766377,-0.00017450404189169567,-0.0018589868923310166,-0.0014077869474811867,-0.0008388367673797206,-0.0024459670760678493,-0.00016872625610684025
2025-12-05,0.011230421748869124,0.014637766033722846,0.012851401667259819,0.0028355204126649797,0.01528920124235184,0.01724800012013172,0.01610585222404351,0.011665714202374706
2025-12-06,-0.0015556540602358958,-0.0012014787629297799,-0.0018671355776507942,-0.0005665912280868327,-0.0014255630456287802,-0.0018750083117318446,-0.0011193592970222778,-0.0016653103726286087
2025-12-07,-0.0010565894284466448,0.000195946207023707,-0.005872356883041513,0.0007868422938193608,-0.0059160471052643005,-0.004319698857567881,-0.0007861020267071537,-0.010360779909062246
2025-12-08,-0.0026183925132294127,-0.006432224631273576,-0.0023994079125896585,-0.001082679162956868,-0.005951377045251003,-0.00534189973229141,-0.0077783616026068005,-0.002466308530548168
2025-12-09,-0.012706093916115465,-0.016387578431890017,-0.006994803412964272,-0.007366275604039958,-0.009296862371460728,-0.011336918424297345,-0.016197819354912005,-0.000709020642241753
2025-12-10,0.0008709613152531757,0.004597441778009627,-0.0012385751593416655,0.0006659111188393473,0.001987131846616201,0.0015561202361108176,0.005422179030127206,-0.002521527581047188
2025-12-11,-0.002830480830260167,-0.0032534407975910546,-0.002819930029886244,-0.001989841979391063,-0.0022678354620114475,-0.004041583333634888,-0.0031364018675533816,-0.0014126421741714767
2025-12-12,-0.001184704981217724,0.005016201490905853,-0.004235689912265398,-0.0024029440721839448,0.0037947104364893995,-0.0016153056307893665,0.007270144395681887,-0.002675178930239252
2025-12-13,-0.0058434454843541575,-0.006176681879223189,-0.005460640213946902,-0.0023234073211622283,-0.004989237667277379,-0.006927954741397016,-0.006019978475582602,-0.003389608288453514
2025-12-14,0.010564807365183216,0.008633593113885831,0.007121797311111913,0.004288060227965126,0.003321276594590751,0.00846273258926677,0.006657409492834625,0.00023996031794469743
2025-12-15,0.029709238852215034,0.02666371260927104,0.02863549474211568,0.012293283997085278,0.02042019544178085,0.03382572239651089,0.023938353061319324,0.01618118703339734
2025-12-16,-0.006955285443843066,-0.0046678551886174015,-0.004308986471226674,-0.0030538638446933647,-0.0009324042954859287,-0.0043222450244464194,-0.0029365257354762755,0.000532805359281323
2025-12-17,0.03719600513547095,0.03265824085754848,0.02621083942070333,0.02059276037704,0.019288352784598835,0.02785871973929647,0.027993090762896286,0.010157058790657422
2025-12-18,0.018553260801815127,0.018933858184452437,0.012246975272122158,0.01264827615512477,0.014096515324900232,0.012180788413289385,0.01819687357480859,0.008313478497099519
2025-12-19,-0.04600383829984639,-0.03392189358164451,-0.03490577113077423,-0.02543581765880537,-0.020551181069633627,-0.031871287873761284,-0.026437542408523057,-0.016003576243341824
2025-12-20,-0.005742523081889746,-0.005505734591363312,-0.004896250274347409,-0.0033572331989915713,-0.005202597253484176,-0.004678859179796499,-0.005412567075888855,-0.004424721413387172
2025-12-21,-0.00153607555349236,-0.00111457914969087,-0.002513670952827541,-0.00044560957041298613,-0.002058582350595947,-0.002432448422943621,-0.0011702359976949882,-0.002847246233389095
2025-12-22,0.004968511983313851,0.011048488345828885,0.0030384583586427674,0.0025485236690724654,0.008282068838585755,0.008150558077233982,0.012703046546319086,0.0013594509332112658
2025-12-23,0.003928454635220808,0.007259612784799112,0.00035318405633304157,0.0023381673392032743,0.003415895732421324,0.0031057710493551365,0.007666407376057293,-0.0022795352468441736
2025-12-24,0.00010790702286838386,-0.0020783829601275098,0.0016574094362882535,-0.0005407175218181278,-0.00012419562034014903,-7.473107879118983e-05,-0.0024342262627054484,0.0027442915966386858
2025-12-25,0.003218181561070762,0.004023654004669633,0.0021610149962965476,0.00159387432891491,0.003112552333465928,0.002857715396165912,0.004152851125719696,0.0013871372976413565
2025-12-26,-0.006118675948307665,-0.01061197682716746,-0.004983755888410483,-0.003134362982759046,-0.009003149074033044,-0.00888246713033432,-0.011935445561279543,-0.0038440715302352
2025-12-27,0.0021939012440889325,-0.005248384757771763,0.0063486910097675245,0.002290888791095235,-0.0045522801822278445,0.004201833282381379,-0.00813439067100778,0.0029519282646106094
2025-12-28,0.0007860891943049174,-0.0015522024493951259,0.0011358318895209598,0.00078752619765461,-0.002210620425461531,0.0004265572540666777,-0.0026547851312810544,-0.0005388478047877076
2025-12-29,-0.00498447304637231,-0.009829477586809325,-0.0017376128423594376,-0.0009455453835486173,-0.0070404334298544225,-0.005196279778789785,-0.01114239108915983,-0.0001776139160606439
2025-12-30,-0.0028475409900306204,0.002084179326958313,-0.0032656169824539795,-0.0011466460033718344,0.0015261690243524228,-0.0002106649793517915,0.003826702776826925,-0.0022198973482409953
2025-12-31,0.0013289949697457555,0.006027159403112135,0.003288958603057667,-0.0015077856683697302,0.010223216157317704,0.0049841034865627425,0.008919810333346368,0.00825820918097561
2026-01-01,-0.018116938234848345,-0.02141002882676809,-0.024504307500900723,-0.01166313505372578,-0.026716761104374893,-0.028753919538665608,-0.024855801905358067,-0.01816692517002193
2026-01-02,-0.006296049342701168,-0.0027823472288481853,-0.0014220333657025152,-0.0025624331995317013,0.0018936025909669888,-0.002867118987925083,0.0007595111657410505,0.0051563429313228985
2026-01-03,0.006736322149677886,0.004623394809432753,0.004826974337271572,0.002211533776427435,0.002764017357500425,0.005234450672160191,0.0029059939071383457,0.00039243791535138213
2026-01-04,0.014807667486121867,0.010228596468547986,0.011806122736944147,0.006218029231973098,0.0064383044414769545,0.011873525972113552,0.006497090189768444,0.006124297796252116
2026-01-05,0.044808382331040945,0.024059281301270878,0.03280239990017864,0.01675316261009335,0.0044016139364071935,0.033657254841019474,0.005437211005839666,0.02181617534466317
2026-01-06,0.0003999210407358968,-0.0014322704388442116,-1.7765444245505915e-05,-0.0014789615135813723,-0.002911329637623507,-0.000880025323247218,-0.0030236738776618665,0.0015377568606180893
2026-01-07,-0.03735376526411066,-0.022044501466701658,-0.027534085126677342,-0.013557350821243023,-0.006376067490125792,-0.03107186438747689,-0.00749287453297945,-0.01192719179382605
2026-01-08,-0.013535806058698292,-0.00891070399555809,-0.01155789003105726,-0.004420071127973385,-0.0049719154576520035,-0.01285847919789474,-0.00486524826524387,-0.006232363459190205
2026-01-09,-0.00585850749083862,-0.0033448626980283913,-0.004866323418026333,-0.001522535661514619,-0.0013098049759125141,-0.0049303729254849965,-0.0012190339760260601,-0.0032900511991234616
2026-01-10,0.002352903224127248,0.0023016421444969864,0.0012822818712464135,0.0013142620433396104,0.0017680786259455768,0.00269951266377767,0.0020921114060698633,-0.0026723102151908497
2026-01-11,0.003917484278742326,0.0007326278930251605,0.00031367156956405853,0.0015505435113313927,-0.0032453871078925067,0.0006676837405139341,-0.002425391806661587,-0.0023323524949020002
2026-01-12,0.0032539740283935832,0.004498754292642439,0.006917038145178306,0.0008136707808061766,0.007445707758807839,0.006718154890045582,0.006207133714257252,0.008006484965880401
2026-01-13,0.03466203099018542,0.021572100684245987,0.025744187672117457,0.013117850780298387,0.008958772092718854,0.028676202783621478,0.009827878145847836,0.010346567334032396
2026-01-14,0.0012417529624400819,-0.0010000076457857257,-0.002526575798632577,0.0008500245188350687,-0.004168087264255302,-0.0032695564664339304,-0.003245366770090577,-0.0043954451499159004
2026-01-15,-0.015597816502150223,-0.00921084257296368,-0.013129089281933506,-0.004843511788234374,-0.0030549501755156726,-0.015569252809929468,-0.003125325762381061,-0.007750925148526504
2026-01-16,-0.000910805504422969,-0.002872252326707632,-0.0025807155500518373,-0.0007271783280781819,-0.00507734824094159,-0.004043845992528335,-0.004723716208201907,-0.0001279715134605918
2026-01-17,0.002122591730309162,0.0026341285868131652,0.0026427837302838734,0.0010430680375907967,0.0033451990126351964,0.0034363419102993354,0.003172285211748551,0.0006522045030956876
2026-01-18,-0.012088146898125533,-0.006917489012453534,-0.00688457756211113,-0.005088533833316664,-0.000831860842597201,-0.008674766284809858,-0.001850542666354456,0.0009607435740483491
2026-01-19,0.0001060056255163111,-0.0025331578202384573,0.0005859213354439481,-0.00458501723828464,-0.0038751286767815087,-0.0005916382840259358,-0.004504385439369448,0.0023183850686479546
2026-01-20,0.006513838057029373,0.012999893680200995,0.013239672936352816,0.004435583332212231,0.02128102041034418,0.016924416320028602,0.019543048264300655,0.006491989968224274
2026-01-21,-0.02511498371254103,-0.022320160208821507,-0.029333969177118457,-0.012646068519825538,-0.023131021563976,-0.029525218409436765,-0.020945412822485212,-0.028077641047324495
2026-01-22,0.0071518463617426045,0.008747313112292774,0.0076036649426495665,0.004391772425150903,0.010200280089833312,0.010962707120907168,0.0101252453398025,-0.0006192566929355978
2026-01-23,-0.0031246508520388805,-0.0019592661020334788,-0.0020339345341347584,-0.0012737975993512278,-0.001185930531088656,-0.0009243806774712895,-0.0011926236802467707,-0.0012482927402957724
2026-01-24,0.0007039223107905099,0.0009990634552385828,0.0003149155306403627,0.0008963858461366916,0.0009919803079784946,0.0009124748677495296,0.0011637340903424523,-0.0012120964285889763
2026-01-25,0.016695963254843276,0.01240226524957298,0.010621761984842278,0.012352851858967905,0.006089601731775527,0.014081964274516554,0.007709351273692373,0.001219559294026072
2026-01-26,-0.05081838473532434,-0.03504261203140342,-0.04435184086809507,-0.020230645412615204,-0.021768480141435877,-0.04837083296965023,-0.021392816905032915,-0.027037764030541037
2026-01-27,-0.01594960336879353,-0.009084065108269073,-0.010037036292858636,-0.008354188950956026,-0.002462415905838285,-0.008497743848622943,-0.0032505352334223636,-0.006329430329567765
2026-01-28,0.0085757162643019,0.011459250526362758,0.010276390847434945,0.0055447009047738145,0.014595984960253588,0.013707508499184569,0.01414254785839168,0.0010210797601572412
2026-01-29,0.02636650931340291,0.01647651758536392,0.015636614047383642,0.017323055411578005,0.008097627305201662,0.007140826131331977,0.009236531391990911,0.013556137927865456
2026-01-30,0.023520604048974728,0.017428900873509165,0.022183575499259364,0.007426148229844199,0.013332086827904998,0.025229191736894578,0.012621199130285126,0.011220556898092135
2026-01-31,0.11868850941929854,0.07933603117073805,0.09411004601236242,0.04729270381845895,0.0437887531763492,0.10442474648218339,0.04537780935694604,0.041278636352070075
2026-02-01,0.03048288234464316,0.017299149191091812,0.03352066394184692,0.007081720601408122,0.010239130951890033,0.026085439011142686,0.00883050298218177,0.0054667760778789876
2026-02-02,-0.03513616523995119,-0.01939278603226996,-0.037322021473544555,-0.008431362333881628,-0.009609684785723166,-0.033134016760715694,-0.008520189511783776,-0.007213895229908665
2026-02-03,0.03951633217424405,0.022045359653558163,0.04149652754175621,0.00789327013570847,0.011687970843826537,0.034411074190848726,0.010537457793723858,0.009652649556749365
2026-02-04,0.04501836377912983,0.02172848667505046,0.04648223068714569,0.00834250036789241,0.005916179816191326,0.03488501559844427,0.005471925164353429,0.006870524884648929
2026-02-05,0.23550764150410833,0.1226503224702884,0.2434865179658334,0.04446697362936087,0.0452492041256745,0.19878084878095015,0.04114404665210038,0.04550515231605856
2026-02-06,-0.10904871689108768,-0.06291183791070297,-0.11424774141903277,-0.019465740114039877,-0.028449147552617723,-0.08684635627735679,-0.02483096951598621,-0.020959362156670717
2026-02-07,0.00025657345078005305,6.680857448917618e-05,0.0011443134953767844,-5.077141549032761e-05,0.0004916970174722122,0.00044055204150958476,8.490467307007485e-05,-0.0016961035805517178
2026-02-08,0.0008948180868614753,0.0012160263988737455,0.0009841229770719351,0.00031064951818337276,0.0017144251849570066,0.0015249175238914153,0.0015453773177071298,0.0011925810942387909
2026-02-09,-0.0009606859270424149,-0.0008928005936151476,-0.0023195664371859315,-0.00014131283400708265,-0.001839118553814883,-0.0016361371739236886,-0.001134235308570414,0.0017115570239884237
2026-02-10,0.002396864262087985,0.00266493926997424,0.004452637538827287,0.0005563199520996932,0.004592548698875716,0.004084843755190799,0.0033864211589241617,-0.0010921687290206226
2026-02-11,0.0014891984161875297,0.0038755169211500233,0.0024156076515510446,0.000946297584571933,0.007123796783003545,0.004527651910141642,0.006186620223929062,0.0033882894577541385
2026-02-12,-0.0055260579213993,-0.005065059833622178,-0.00841726193100818,-0.0011293601409285686,-0.007157664310447495,-0.0078093563123402725,-0.005425248211851344,0.0007688748465362877
2026-02-13,-0.004234346026028361,-0.003268373753412669,-0.008365021281692614,-0.0005759451121462297,-0.005504373292595546,-0.006002494772816335,-0.0033855977100985908,0.005029976555191514
2026-02-14,-0.005941697539187894,-0.004575119851315148,-0.005439239502174986,-0.0012567008774702956,-0.003541487672639738,-0.006601011373781672,-0.003494868067023408,-0.004578557300483189
2026-02-15,0.0019491794726728068,0.0004326976626885153,0.0017778881925555687,0.000204550349984763,-0.0009464273699912049,-0.0009749474431024547,-0.0007249714015798445,-7.38165508094321e-05
2026-02-16,-0.003660928805507102,-0.0029940624848540263,-0.005142547051665684,-0.0009688089470696201,-0.003725096419699213,-0.003160190750875696,-0.0029042604437911853,0.0001471664497122788
2026-02-17,-0.00021355687777713464,-0.001725644459575627,0.00042118674874636134,-0.0002672646882072553,-0.002895700556814077,-0.0027287941868920093,-0.002867035596444288,-0.0036258156715958225
2026-02-18,0.0043061314316646835,0.0030720180637731033,0.008085042591295317,0.0008886776240511565,0.004802735894867086,0.004098151552931021,0.0029599112781456623,-0.004569194422978062
2026-02-19,-0.0007287522910759235,-0.0009639187408438384,0.0004156487978961499,-0.00041126865003276303,-0.0005380323024587724,-0.0004318200888167024,-0.0009891927761878675,-0.0031886082761889687
2026-02-20,-0.005804266838618452,-0.004862250110858273,-0.008253671305943679,-0.0015841139684576121,-0.006208980195006443,-0.005275400960528577,-0.004832729094427785,0.00032367031536978814
2026-02-21,-0.00063562822543877,-0.0007990684333382972,-0.0009454172374568442,-0.0001822799448887418,-0.0012501156723135685,-0.0011209395391320628,-0.001023525406412577,-0.0002936789498040881
2026-02-22,0.004155995560402539,0.003781817244810355,0.005948309913474499,0.001143558633807606,0.00508216402615799,0.004379373924169682,0.0040157320932534156,0.00018441043237683668
2026-02-23,0.006006490314000852,0.006692546937876269,0.008289206437211491,0.001566732144299269,0.009746279626457854,0.0064071954006599124,0.00812817674543495,0.002684703662563899
2026-02-24,0.005755197344784757,0.004235129567953564,0.0036438405968616046,0.001093519476093457,0.0019969196970878087,0.005709394042008279,0.002715140952208401,0.007135681509641873
2026-02-25,-0.053954501612254034,-0.03442254069250088,-0.05895426312046089,-0.016355733312230666,-0.022977481271878705,-0.0469286419993939,-0.0202360846829694,-0.013341189550534358
2026-02-26,-0.0030432529653508116,-0.001020150828017114,-0.003748658003968063,-0.000647247816443582,0.00026877660034529467,-0.0021729365399472352,0.00046345486770811594,0.0013231599797193236
2026-02-27,0.0005253517718953622,0.0009149149966799387,0.0024485930990967185,0.0001719416496186171,0.002600327035857952,0.0010310088958114974,0.0016522724294968808,-0.0022753743765381628
2026-02-28,-0.03444364974154338,-0.019403908935364374,-0.03367484344005062,-0.011112390466184528,-0.007093594705003328,-0.027347731865457314,-0.00767973393080228,-0.012337194430257565
2026-03-01,-0.004961774723158175,-0.0011948922583580272,-0.005599429495127925,-0.001013228452692908,0.0020207045239823973,0.0025023946416626863,0.00043608339775897965,-0.0014114519101925515
2026-03-02,-0.00442698066441483,-0.0031710561359306723,-0.0051847021155323626,-0.001953307025349855,-0.0040962716278916894,-0.005430870509270222,-0.0029637471279588237,-0.0017894675285809417
2026-03-03,-0.0006665399589880309,-0.0012666491012935008,0.0002399825925257949,-0.00033624671787566327,0.00040404909898402147,-0.0003170244364279638,-0.0011449593110071366,-0.0030190932485908914
2026-03-04,-0.0014595864496121857,-0.002983760404911291,-0.002703894007959563,-0.0024378776331266307,-0.009034602263985565,-0.006462082534128504,-0.004514397713821748,0.0012698910538122788
2026-03-05,-0.008047457859895107,-0.00032218734138988927,-0.010107565780625109,-0.0010474992127500148,0.004322611069358586,-0.004735255713572884,0.0028345863160357627,-0.0004378663756749113
2026-03-06,-0.01985106755756849,-0.006451999237385535,-0.02345981377732023,-0.004707641922867904,0.0006522215066716265,-0.016945983201316732,-0.001180245604653016,-0.0061097726829580515
2026-03-07,0.0013332686008387807,0.001366519840657277,0.0015795518878886164,0.0008358086003351688,0.0022890106231113314,0.003165391912862046,0.001528135619887837,0.0007273344706734272
2026-03-08,0.001963906337956262,0.002211671281770958,0.002344767469363145,0.0013496509948599741,0.0039165265266257595,0.0036026746981548713,0.0025895226350447663,0.0009180003302881443
2026-03-09,-0.013663044092431248,-0.0049325209236813486,-0.016905933620025064,-0.00305967287859911,-0.0031500250858850685,-0.011687662420178399,-0.002089402869943046,-0.002147781794592923
2026-03-10,-0.01626118351576191,-0.005336732438282408,-0.020637686757928205,-0.0035336262157869653,-0.0037675673587206416,-0.009913751273089496,-0.001992404124078141,-0.0008736542606250817
2026-03-11,-0.00034862494836773386,-0.0006017652751480647,-0.0012106097912319624,-0.00036705095524734363,-0.0034712216007401803,-0.002356593685269924,-0.0011880112834662224,0.001705909569961954
2026-03-12,-0.00288073794554876,-0.002427493943938048,-0.0037573043746376585,-0.0013853365923955092,-0.00461641529208829,-0.004790011436018908,-0.0026916196537686964,-0.0003944472195956147
2026-03-13,-0.003143444738697737,-0.0011733824260828204,-0.003842327324806902,-0.0019881248541851995,-0.0002621881629411459,-0.0016475407892195856,-0.00045535890137769964,-0.0009573734707495774
2026-03-14,0.003994836117924118,0.0042430313686901465,0.0038197824243690077,0.002244154938842424,0.0046471564733418114,0.005508121174851252,0.004385021074555703,0.00409465193053573
2026-03-15,0.008572603680199449,0.005071675050179432,0.009797720405516071,0.004168115973389396,0.00406317490816098,0.007710766861617007,0.0039077193159648,0.004264060217920778
2026-03-16,0.0354597642394082,0.015608716886099811,0.041350333871708216,0.009988703292238634,0.007062585502035801,0.029298213151739486,0.008474376966040224,0.013410670104462036
2026-03-17,-0.016710140939552146,-0.0067227483127768155,-0.019814729509359377,-0.004572774878179392,-0.0027247472501731426,-0.013757738212857822,-0.0031086196239454877,-0.005244616526023565
2026-03-18,-0.04026540885271092,-0.016385947887854316,-0.048346151520217207,-0.011101600859149637,-0.008648089575778796,-0.03363192272658162,-0.008174104500178804,-0.011403186571232104
2026-03-19,-0.018126343448863883,-0.0065744728207293174,-0.022754870198269245,-0.0040219695783481006,-0.004616566269866443,-0.01623523892430225,-0.003024108922850223,-0.002864055039449388
2026-03-20,0.0015894324315308117,-0.0006070322524872615,0.0027011414734887905,1.804442453659641e-05,-0.0006896766869777706,0.001199300705472562,-0.001227660523465655,-0.0015290633534298533
2026-03-21,-0.009413491465871638,-0.002643036947690307,-0.01161513122622835,-0.0015059621731094291,9.149121987058915e-05,-0.008020181930119769,-0.0002890692755637584,-0.0019358704701734244
2026-03-22,0.0010161492358730408,0.0033664220908171073,-0.0002493336403180071,0.0012801051440509948,0.0036594082100615947,0.002196722449805534,0.004066382524553573,0.004199424418386582
2026-03-23,-0.004213543109592991,-0.0033594201425288144,-0.005662526384329848,-0.002541764141849163,-0.006376656313088173,-0.00649990856407112,-0.0036668787615248256,-0.00045059610774123596
2026-03-24,-0.0004059476340374854,-0.00010580156990911442,-0.0007667257675956498,-0.0003371321141742695,-0.000615687040717603,-0.0005285338684067526,-0.00011552030835373265,0.0004684621914784972
2026-03-25,0.0013418816253790333,0.0029506005639131612,1.1881779957743966e-05,0.0010892762486228278,0.0020356135784743547,0.002262605557206056,0.003221668641789886,0.0045275799408890155
2026-03-26,0.00015540166529632262,-0.000913778242791869,0.001182097377785799,-0.00024940116809914615,0.00023557870249727778,0.0002526743587510206,-0.000997456353181127,-0.0023898768766978527
2026-03-27,-6.422969592136465e-06,-0.0008886606033879764,0.0007889251294152991,-0.000561659830712981,-1.3615026324718737e-05,0.00016250091010818632,-0.0009708091881501863,-0.002040576030452377
2026-03-28,0.0016160505194162157,-0.0012976941446228094,0.0030653608032977417,-0.00039861083551332734,-0.0015409486436756953,0.00023012156059248383,-0.0021266132404342297,-0.002477735523761095
2026-03-29,0.007470165661902752,0.0033792002310912557,0.008827486310606543,0.0024196810407336364,0.0018412748425659813,0.006105426883190733,0.001998429503032016,0.0027967560882650837
2026-03-30,-0.008557791706863159,-0.0024949963936042553,-0.010827375515700031,-0.002142495928222957,-0.0006368880945319525,-0.0073603503201486115,-0.0004980280836689459,-0.0013576560354967534
2026-03-31,-0.015522252429014538,-0.009577001108691254,-0.01694154894218173,-0.00616393690526603,-0.006393089311557961,-0.015120673850107652,-0.007392639056953255,-0.009710353174022452
2026-04-01,-0.0017798792585191016,-0.002621733928234755,-0.0033693563242300634,-0.0012070688411739885,-0.0020734398940319325,-0.001851698473077127,-0.002763880062437397,-0.003405930268165114
2026-04-02,0.024448069850663254,0.009072037199276514,0.014918715094058291,0.008250558389380986,0.004584016590842977,0.018339762824553175,0.004183976069285292,0.006095583985068748
2026-04-03,-0.009002410120927404,-0.001248207988896202,-0.0030250579676809547,-0.0028919114564588443,0.0004169982393565947,-0.005199345604252284,0.0011599217898490795,0.0008511299874998579
2026-04-04,-0.005022711689054602,-0.003220229127921236,-0.00441276150546039,-0.0016254795921738113,-0.0028264519881969,-0.005238175703690254,-0.0026617506334477336,-0.002758664224253414
2026-04-05,-0.01368709634197055,-0.007484626632661059,-0.011332526266918214,-0.004925906886153178,-0.004659667639673584,-0.011914766091778347,-0.005333176654969366,-0.007167017886362978
2026-04-06,-0.00405714435083226,-0.001674385384815001,-0.002742055614400551,-0.0016978762609072952,-0.0006469582907450226,-0.0014395385755357802,-0.0008757158421908059,-0.0013200365386400517
2026-04-07,-0.003346047189357971,-0.0025576785450794844,-0.0024026439382083984,-0.0026830444320607195,-0.0033047309438301747,0.012756624232741166,-0.0026034076056351465,0.0006045893940923919
2026-04-08,-0.004924871961714475,-0.0022751714754821934,-0.003531812801076721,-0.0020658910638578286,-0.0011346800259509624,-0.003874154958341263,-0.0013751360357089416,-0.0021179853403902127
2026-04-09,0.021918374524203626,0.007983393698819534,0.012976890820128104,0.009455272456869864,0.0029357984048570688,0.016759600098057575,0.003409686327454691,0.006502203301653155
2026-04-10,0.010272544210730199,0.0040548121593910495,0.0065166435217591185,0.0043372719943724726,0.001657667597947908,0.008099473528366027,0.0019597055478532853,0.0034692787854804174
2026-04-11,-0.00032503772818757363,-0.0021201128425581708,-0.002646652232181443,-9.527099663447516e-05,-0.002040809117737023,-0.001359973821956092,-0.0026034956356952074,-0.0029484806471003103
2026-04-12,-0.0127371559250869,-0.0012551058545275879,-0.003491214576183834,-0.0054029067478003085,0.0017327880871974705,-0.007997047329657902,0.0024131282962318976,0.0010957654235550444
2026-04-13,0.00605975636182006,0.000845364176901351,0.0019957362539913498,0.0024580261085219994,-0.0005614366887235861,0.003962156839414333,-0.0008066372133721692,-0.00014981031634276105
2026-04-14,-0.000786156945842368,0.0002460017879392344,-0.0002783518558234343,0.0008060318595576825,0.00048257944289417805,-0.0028776023771391133,0.0005866314583190901,0.0002073165390436302
2026-04-15,-0.00199555573029119,-0.0004373554642031726,-0.0009420870824489978,-0.0006163626619930429,2.6684161183998868e-05,-0.00042188124135198325,5.667900650637394e-05,-2.8611022226183538e-05
2026-04-16,0.014008014386474867,0.0056928143201798115,0.00999846178329718,0.003554991869007093,0.002282578794473269,0.020530036733767885,0.002787262489350009,0.006204752216683901
2026-04-17,0.008170134470357726,-0.00022585337418352716,0.0008133809763977946,0.0038864881110829783,-0.002127661162455261,0.004210866342918091,-0.0028587387565898992,-0.002196410470093027
2026-04-18,-0.0327382197933384,-0.015586960815106677,-0.024157895202958482,-0.013524878939616486,-0.007828024032620501,-0.029376724448912924,-0.009504443095384594,-0.01506340369779119
2026-04-19,-0.025809933409232735,-0.007860456741814105,-0.013977923835803202,-0.009852305394569345,-0.0018096784473872801,-0.020666152807008037,-0.0019553178845713756,-0.005617032474198039
2026-04-20,0.01837878740954142,0.007370754035878163,0.01177239223227612,0.007779339142869269,0.003139786918568917,0.015239050765061345,0.003736234815394463,0.006557963482068867
2026-04-21,0.005148213901385399,0.0036331415842323607,0.005211576361170615,0.0022066711448495615,0.002426237850514855,0.005248367100668883,0.0030233319507138186,0.004075343158353357
2026-04-22,0.00831242771166453,0.0010291559285967576,0.0026396866063962054,0.003213104505785679,-0.0008929562672969096,0.005240902532320948,-0.001258871321408217,-0.00040203638419743584
2026-04-23,-0.0014529304001378233,-0.0014634531915145809,-0.0019597149790297926,-0.0007423214483444936,-0.0011279998018172389,-0.0011511035282616622,-0.0014154445781819423,-0.001695879852485433
2026-04-24,-0.001225959437669742,-0.00015326245246527167,-0.00021453692582298542,-0.0008930162811641299,0.000120662409044203,-0.0008626191440051585,0.00018717779163256033,2.9918983045605565e-05
2026-04-25,-0.003186458677158822,-0.0021587135179073342,-0.0031291434032081704,-0.001327360498846419,-0.0014070019301402094,-0.003432701933579909,-0.0017513829541913144,-0.0024233291075340924
2026-04-26,0.012062361651895174,0.006747910735120339,0.010275347114482192,0.0046548970170541696,0.00390818707737162,0.011016613412224346,0.0048309427089509565,0.0069625186485660715
2026-04-27,-0.01854641989508562,-0.01094471322256083,-0.015731015760722063,-0.008904109064770535,-0.0066141873127694775,-0.01820464629350065,-0.008130324660237763,-0.011700000922478764
2026-04-28,-0.005683761458704799,-0.0021227241308112515,-0.003366935263514812,-0.002626106805620034,-0.0008084202809771976,-0.004305323238211108,-0.0009389854975018708,-0.0017518479572831357
2026-04-29,-0.0017195030580886017,0.0003594436951103825,0.00046307358700553754,-0.001390593939217664,0.0007277123940558368,-0.0005380667526719995,0.0009829317429950008,0.0009024011799435027
2026-04-30,0.005758924890636562,0.004086542221659679,0.005787276065377683,0.0026488673215597433,0.0027429979977544954,0.005457144413710198,0.0034153595946222353,0.004542639386707255
2026-05-01,0.005788781528764853,0.0030082282477323966,0.005788781528764853,0.002819558120202635,0.0018504101944692615,0.004750001279909322,0.0022827868378102172,0.003210553954519901
2026-05-02,0.0072087534750543535,0.0013219397093062206,0.0072087534750543535,0.003789642116546104,0.0005126385145319023,0.004829487578707314,-1.2523456610496262e-05,0.0014166584823285925
2026-05-03,0.010778353574579926,0.0005529581755218642,0.010778353574579926,0.005454249130464847,-0.0003490618425924084,0.006715023876622845,-0.00171746722447479,0.000542067453507506
2026-05-04,0.005291736757592852,0.002799519280565582,0.005291736757592852,0.002527437504631411,0.0017145176660536064,0.004397829547371507,0.002131015964212916,0.0029743456601142326
2026-05-05,0.045817756809841445,0.01746816799295073,0.045817756809841445,0.020896351890234244,0.009554957700149181,0.036880817661406336,0.010392902464265543,0.018444194357171283
2026-05-06,0.016117960176585493,0.003441575923812685,0.016117960176585493,0.008284179328397829,0.0013909241680970543,0.013840874678705395,0.0003565724842360184,0.003993483432214632
2026-05-07,-0.02278904402076276,-0.0010283579020897726,-0.02278904402076276,-0.009316263769326445,0.0015167770480555684,-0.013964828803953975,0.004186774282495924,-0.0005033551399971581
2026-05-08,0.021302954614181926,0.009307040883312204,0.021302954614181926,0.009338712471726454,0.00582549054189629,0.014366764865334529,0.006261206609158402,0.008855822754937764
2026-05-09,-0.001176014975918257,-0.00597443511436712,-0.001176014975918257,-0.0021898163427420867,-0.004017229175490011,-0.006184974556768,-0.006772884773639109,-0.007709964946965426
2026-05-10,0.05773811100044796,0.01380386746580156,0.05773811100044796,0.02622516064485405,0.006753160095453614,0.04243700313480147,0.003090160185135699,0.01315648659613626
2026-05-11,-0.007077425280454412,-0.007065043203755773,-0.007077425280454412,-0.003731183863297996,-0.003693227099941047,-0.006556832207735295,-0.0066379401311470135,-0.008319266640072301
2026-05-12,-0.024093358517807112,-0.012589403352646914,-0.024093358517807112,-0.010782790429672565,-0.009312968846888288,-0.02145046613886769,-0.009462862311284183,-0.011933497001229237
2026-05-13,-0.01782604142638111,-0.0060316515641971324,-0.01782604142638111,-0.00748914409629534,-0.0019800669786463228,-0.013448422161135246,-0.002779816321787395,-0.006685367487743719
2026-05-14,0.008995284401426835,0.00047699051263186046,0.008995284401426835,0.0019634153099591686,-9.560240770763879e-05,0.006882460367613796,-0.0015447736473793582,-0.0004049303820385451
2026-05-15,-0.01449197605630804,-0.006488722329438538,-0.01449197605630804,-0.004246858331548325,-0.006834525999762824,-0.01438262321832636,-0.004681545702661016,-0.00414392699050265
2026-05-16,-0.009486274512516999,-0.0037641307321410935,-0.009486274512516999,-0.005250002555915274,-0.0033170963631096555,-0.007853598879425485,-0.002397395231395335,-0.003338538569905658
2026-05-17,-0.0013302634630058506,-2.3844468019678508e-05,-0.0013302634630058506,-0.0007884164610698964,0.002860065548088113,0.0007149759651815132,0.0006368178271087795,-0.0017985339101745422
2026-05-18,-0.006089997490340762,-0.006173955729674317,-0.006089997490340762,-0.003060329434107049,-0.003382707699849041,-0.005785755553766163,-0.005840278562357982,-0.007159434374023523
2026-05-19,-0.01586026430709663,-0.0006299614921575719,-0.01586026430709663,-0.006109653649263554,0.002289883926359003,-0.009921642484726467,0.0031950684895214816,-0.0010205363098545986
2026-05-20,0.010083640242480525,0.003102789897790279,0.010083640242480525,0.004719430951568231,0.0012602164103019224,0.007382193012420546,0.0013159890796130016,0.003392711801106692
2026-05-21,-0.0019519391623492796,-0.0032963134723212936,-0.0019519391623492796,-0.0010388874772459026,0.00034071297117097525,-0.0010347295940443403,-0.0031378201316395937,-0.00528991916667865
2026-05-22,-0.008795811530366831,0.006498517780039657,-0.008795811530366831,-0.006852182899386748,0.00862374987378741,-0.00017305856172244563,0.010206073645403749,0.004557888097911211
2026-05-23,0.0017898840609875313,0.002873217813491592,0.0017898840609875313,0.0004148848636360199,0.0031129952989149565,0.003036587965853036,0.0031425389304459996,0.0022892996787566167
2026-05-24,0.003374130289661902,0.007069897944210188,0.003374130289661902,0.0007905775002566678,0.005860601581538031,0.005695506712225494,0.00773051891213745,0.0069305311632297875
2026-05-25,0.004007562075555138,0.003446687192926147,0.004007562075555138,0.001088393237920917,0.0069436162269363,0.006749120269733693,0.003766279758722631,0.0004856731616894738
2026-05-26,-0.0032404456150905933,-0.005130776941808621,-0.0032404456150905933,-0.0008124811519997027,-0.005598117622893837,-0.005442361320161988,-0.005604740913703482,-0.0040790364149723545
2026-05-27,-0.0009998109661854527,-0.004788651066046379,-0.0009998109661854527,-0.00015458598235572896,-0.0017313451218849481,-0.0016829103453199908,-0.005233503881360552,-0.006292682609196824
2026-05-28,0.003916894589495599,0.011070388585198845,0.003916894589495599,0.0008354366098817957,0.006787748954657436,0.0065975400174834945,0.012104208435090583,0.012568023291615653
2026-05-29,-0.004566586432020577,-0.0072594941273833305,-0.004566586432020577,-0.0011435799243580407,-0.007891061172585149,-0.007671384120122746,-0.007929321866469701,-0.005795880543051792
2026-05-30,0.036725424614126916,0.017835037070324918,0.036725424614126916,0.018556147058066793,0.018680492288793343,0.03638991115525019,0.013775252628208777,0.014319709241219083
2026-05-31,0.001070255378726741,-0.003474764210845802,0.001070255378726741,0.0005194311267021002,-0.002253212658378536,-0.000778625066521025,-0.004338734093943014,-0.0041514307144283405
