date,ret
2019-06-01 00:00:00+00:00,0.0
2019-06-02 00:00:00+00:00,0.0
2019-06-03 00:00:00+00:00,0.0
2019-06-04 00:00:00+00:00,0.0
2019-06-05 00:00:00+00:00,0.0
2019-06-06 00:00:00+00:00,0.0
2019-06-07 00:00:00+00:00,0.0
2019-06-08 00:00:00+00:00,0.0
2019-06-09 00:00:00+00:00,0.0
2019-06-10 00:00:00+00:00,0.0
2019-06-11 00:00:00+00:00,0.0
2019-06-12 00:00:00+00:00,0.0
2019-06-13 00:00:00+00:00,0.0
2019-06-14 00:00:00+00:00,0.0
2019-06-15 00:00:00+00:00,0.0
2019-06-16 00:00:00+00:00,0.0
2019-06-17 00:00:00+00:00,0.0
2019-06-18 00:00:00+00:00,0.0
2019-06-19 00:00:00+00:00,0.0
2019-06-20 00:00:00+00:00,0.0
2019-06-21 00:00:00+00:00,0.0
2019-06-22 00:00:00+00:00,0.0
2019-06-23 00:00:00+00:00,0.0
2019-06-24 00:00:00+00:00,0.0
2019-06-25 00:00:00+00:00,0.0
2019-06-26 00:00:00+00:00,0.0
2019-06-27 00:00:00+00:00,0.0
2019-06-28 00:00:00+00:00,0.0
2019-06-29 00:00:00+00:00,0.0
2019-06-30 00:00:00+00:00,0.0
2019-07-01 00:00:00+00:00,0.0
2019-07-02 00:00:00+00:00,0.0
2019-07-03 00:00:00+00:00,0.0
2019-07-04 00:00:00+00:00,0.0
2019-07-05 00:00:00+00:00,0.0
2019-07-06 00:00:00+00:00,0.0
2019-07-07 00:00:00+00:00,0.0
2019-07-08 00:00:00+00:00,0.0
2019-07-09 00:00:00+00:00,0.0
2019-07-10 00:00:00+00:00,0.0
2019-07-11 00:00:00+00:00,0.0
2019-07-12 00:00:00+00:00,0.0
2019-07-13 00:00:00+00:00,0.0
2019-07-14 00:00:00+00:00,0.0
2019-07-15 00:00:00+00:00,0.0
2019-07-16 00:00:00+00:00,0.0
2019-07-17 00:00:00+00:00,0.0
2019-07-18 00:00:00+00:00,0.0
2019-07-19 00:00:00+00:00,0.0
2019-07-20 00:00:00+00:00,0.0
2019-07-21 00:00:00+00:00,0.0
2019-07-22 00:00:00+00:00,0.0
2019-07-23 00:00:00+00:00,0.0
2019-07-24 00:00:00+00:00,0.0
2019-07-25 00:00:00+00:00,0.0
2019-07-26 00:00:00+00:00,0.0
2019-07-27 00:00:00+00:00,0.0
2019-07-28 00:00:00+00:00,0.0
2019-07-29 00:00:00+00:00,0.0
2019-07-30 00:00:00+00:00,0.0
2019-07-31 00:00:00+00:00,0.0
2019-08-01 00:00:00+00:00,0.0
2019-08-02 00:00:00+00:00,0.0
2019-08-03 00:00:00+00:00,0.0
2019-08-04 00:00:00+00:00,0.0
2019-08-05 00:00:00+00:00,0.0
2019-08-06 00:00:00+00:00,0.0
2019-08-07 00:00:00+00:00,0.0
2019-08-08 00:00:00+00:00,0.0
2019-08-09 00:00:00+00:00,0.0
2019-08-10 00:00:00+00:00,0.0
2019-08-11 00:00:00+00:00,0.0
2019-08-12 00:00:00+00:00,0.0
2019-08-13 00:00:00+00:00,0.0
2019-08-14 00:00:00+00:00,0.0
2019-08-15 00:00:00+00:00,0.0
2019-08-16 00:00:00+00:00,0.0
2019-08-17 00:00:00+00:00,0.0
2019-08-18 00:00:00+00:00,0.0
2019-08-19 00:00:00+00:00,0.0
2019-08-20 00:00:00+00:00,0.0
2019-08-21 00:00:00+00:00,0.0
2019-08-22 00:00:00+00:00,0.0
2019-08-23 00:00:00+00:00,0.0
2019-08-24 00:00:00+00:00,0.0
2019-08-25 00:00:00+00:00,0.0
2019-08-26 00:00:00+00:00,0.0
2019-08-27 00:00:00+00:00,0.0
2019-08-28 00:00:00+00:00,0.0
2019-08-29 00:00:00+00:00,0.0
2019-08-30 00:00:00+00:00,0.0
2019-08-31 00:00:00+00:00,0.0
2019-09-01 00:00:00+00:00,0.0
2019-09-02 00:00:00+00:00,0.0
2019-09-03 00:00:00+00:00,0.0
2019-09-04 00:00:00+00:00,0.0
2019-09-05 00:00:00+00:00,0.0
2019-09-06 00:00:00+00:00,0.0
2019-09-07 00:00:00+00:00,0.0
2019-09-08 00:00:00+00:00,0.0
2019-09-09 00:00:00+00:00,0.0
2019-09-10 00:00:00+00:00,0.0
2019-09-11 00:00:00+00:00,0.0
2019-09-12 00:00:00+00:00,0.0
2019-09-13 00:00:00+00:00,0.0
2019-09-14 00:00:00+00:00,0.0
2019-09-15 00:00:00+00:00,0.0
2019-09-16 00:00:00+00:00,0.0
2019-09-17 00:00:00+00:00,0.0
2019-09-18 00:00:00+00:00,0.0
2019-09-19 00:00:00+00:00,0.0
2019-09-20 00:00:00+00:00,0.0
2019-09-21 00:00:00+00:00,0.0
2019-09-22 00:00:00+00:00,0.0
2019-09-23 00:00:00+00:00,0.0
2019-09-24 00:00:00+00:00,0.0
2019-09-25 00:00:00+00:00,0.0
2019-09-26 00:00:00+00:00,0.0
2019-09-27 00:00:00+00:00,0.0
2019-09-28 00:00:00+00:00,0.0
2019-09-29 00:00:00+00:00,0.0
2019-09-30 00:00:00+00:00,0.0
2019-10-01 00:00:00+00:00,0.0
2019-10-02 00:00:00+00:00,0.0
2019-10-03 00:00:00+00:00,0.0
2019-10-04 00:00:00+00:00,0.0
2019-10-05 00:00:00+00:00,0.0
2019-10-06 00:00:00+00:00,0.0
2019-10-07 00:00:00+00:00,0.0
2019-10-08 00:00:00+00:00,0.0
2019-10-09 00:00:00+00:00,0.0
2019-10-10 00:00:00+00:00,0.0
2019-10-11 00:00:00+00:00,0.0
2019-10-12 00:00:00+00:00,0.0
2019-10-13 00:00:00+00:00,0.0
2019-10-14 00:00:00+00:00,0.0
2019-10-15 00:00:00+00:00,0.0
2019-10-16 00:00:00+00:00,0.0
2019-10-17 00:00:00+00:00,0.0
2019-10-18 00:00:00+00:00,0.0
2019-10-19 00:00:00+00:00,0.0
2019-10-20 00:00:00+00:00,0.0
2019-10-21 00:00:00+00:00,0.0
2019-10-22 00:00:00+00:00,0.0
2019-10-23 00:00:00+00:00,0.0
2019-10-24 00:00:00+00:00,0.0
2019-10-25 00:00:00+00:00,0.0
2019-10-26 00:00:00+00:00,0.0
2019-10-27 00:00:00+00:00,0.0
2019-10-28 00:00:00+00:00,0.0
2019-10-29 00:00:00+00:00,0.0
2019-10-30 00:00:00+00:00,0.0
2019-10-31 00:00:00+00:00,0.0
2019-11-01 00:00:00+00:00,0.0
2019-11-02 00:00:00+00:00,0.0
2019-11-03 00:00:00+00:00,0.0
2019-11-04 00:00:00+00:00,0.0
2019-11-05 00:00:00+00:00,0.0
2019-11-06 00:00:00+00:00,0.0
2019-11-07 00:00:00+00:00,0.0
2019-11-08 00:00:00+00:00,0.0
2019-11-09 00:00:00+00:00,0.0
2019-11-10 00:00:00+00:00,0.0
2019-11-11 00:00:00+00:00,0.0
2019-11-12 00:00:00+00:00,0.0
2019-11-13 00:00:00+00:00,0.0
2019-11-14 00:00:00+00:00,0.0
2019-11-15 00:00:00+00:00,0.0
2019-11-16 00:00:00+00:00,0.0
2019-11-17 00:00:00+00:00,0.0
2019-11-18 00:00:00+00:00,0.0
2019-11-19 00:00:00+00:00,0.0
2019-11-20 00:00:00+00:00,0.0
2019-11-21 00:00:00+00:00,0.0
2019-11-22 00:00:00+00:00,0.0
2019-11-23 00:00:00+00:00,0.0
2019-11-24 00:00:00+00:00,0.0
2019-11-25 00:00:00+00:00,0.0
2019-11-26 00:00:00+00:00,0.0
2019-11-27 00:00:00+00:00,0.0
2019-11-28 00:00:00+00:00,0.0
2019-11-29 00:00:00+00:00,0.0
2019-11-30 00:00:00+00:00,0.0
2019-12-01 00:00:00+00:00,0.0
2019-12-02 00:00:00+00:00,0.0
2019-12-03 00:00:00+00:00,0.0
2019-12-04 00:00:00+00:00,0.0
2019-12-05 00:00:00+00:00,0.0
2019-12-06 00:00:00+00:00,0.0
2019-12-07 00:00:00+00:00,0.0
2019-12-08 00:00:00+00:00,0.0
2019-12-09 00:00:00+00:00,0.0
2019-12-10 00:00:00+00:00,0.0
2019-12-11 00:00:00+00:00,0.0
2019-12-12 00:00:00+00:00,0.0
2019-12-13 00:00:00+00:00,0.0
2019-12-14 00:00:00+00:00,0.0
2019-12-15 00:00:00+00:00,0.0
2019-12-16 00:00:00+00:00,0.0
2019-12-17 00:00:00+00:00,0.0
2019-12-18 00:00:00+00:00,0.0
2019-12-19 00:00:00+00:00,0.0
2019-12-20 00:00:00+00:00,0.0
2019-12-21 00:00:00+00:00,0.0
2019-12-22 00:00:00+00:00,0.0
2019-12-23 00:00:00+00:00,0.0
2019-12-24 00:00:00+00:00,0.0
2019-12-25 00:00:00+00:00,0.0
2019-12-26 00:00:00+00:00,0.0
2019-12-27 00:00:00+00:00,0.0
2019-12-28 00:00:00+00:00,0.0
2019-12-29 00:00:00+00:00,0.0
2019-12-30 00:00:00+00:00,0.0
2019-12-31 00:00:00+00:00,0.0
2020-01-01 00:00:00+00:00,0.0
2020-01-02 00:00:00+00:00,0.0
2020-01-03 00:00:00+00:00,0.0
2020-01-04 00:00:00+00:00,0.0
2020-01-05 00:00:00+00:00,0.0
2020-01-06 00:00:00+00:00,0.0
2020-01-07 00:00:00+00:00,0.0
2020-01-08 00:00:00+00:00,0.0
2020-01-09 00:00:00+00:00,0.0
2020-01-10 00:00:00+00:00,0.0
2020-01-11 00:00:00+00:00,0.0
2020-01-12 00:00:00+00:00,0.0
2020-01-13 00:00:00+00:00,0.0
2020-01-14 00:00:00+00:00,0.0
2020-01-15 00:00:00+00:00,0.0
2020-01-16 00:00:00+00:00,0.0
2020-01-17 00:00:00+00:00,0.0
2020-01-18 00:00:00+00:00,0.0
2020-01-19 00:00:00+00:00,0.0
2020-01-20 00:00:00+00:00,0.0
2020-01-21 00:00:00+00:00,0.0
2020-01-22 00:00:00+00:00,0.0
2020-01-23 00:00:00+00:00,0.0
2020-01-24 00:00:00+00:00,0.0
2020-01-25 00:00:00+00:00,0.0
2020-01-26 00:00:00+00:00,0.0
2020-01-27 00:00:00+00:00,0.0
2020-01-28 00:00:00+00:00,0.0
2020-01-29 00:00:00+00:00,0.0
2020-01-30 00:00:00+00:00,0.0
2020-01-31 00:00:00+00:00,0.0
2020-02-01 00:00:00+00:00,0.0
2020-02-02 00:00:00+00:00,0.0
2020-02-03 00:00:00+00:00,-0.00975676635475044
2020-02-04 00:00:00+00:00,0.06697320817614587
2020-02-05 00:00:00+00:00,0.027726558226864734
2020-02-06 00:00:00+00:00,0.02352407566572591
2020-02-07 00:00:00+00:00,0.009654817594255634
2020-02-08 00:00:00+00:00,0.04823034894538285
2020-02-09 00:00:00+00:00,-0.03074257193941098
2020-02-10 00:00:00+00:00,0.07013264129090403
2020-02-11 00:00:00+00:00,0.06213340825068141
2020-02-12 00:00:00+00:00,-0.019491143667971875
2020-02-13 00:00:00+00:00,0.05299933937227858
2020-02-14 00:00:00+00:00,-0.09838383770084516
2020-02-15 00:00:00+00:00,-0.022931398673262
2020-02-16 00:00:00+00:00,-0.008828622438037715
2020-02-17 00:00:00+00:00,0.02025663813883313
2020-02-18 00:00:00+00:00,-0.03605017703346496
2020-02-19 00:00:00+00:00,-0.003483829058329595
2020-02-20 00:00:00+00:00,0.006118880984434846
2020-02-21 00:00:00+00:00,-0.0044134398365570215
2020-02-22 00:00:00+00:00,0.01205454990323237
2020-02-23 00:00:00+00:00,-0.018681425251957186
2020-02-24 00:00:00+00:00,-0.012394314517886171
2020-02-25 00:00:00+00:00,-0.011492283383217955
2020-02-26 00:00:00+00:00,0.0035509955528525206
2020-02-27 00:00:00+00:00,-0.001378344218248726
2020-02-28 00:00:00+00:00,-0.0026420962394790586
2020-02-29 00:00:00+00:00,-0.002021991131214751
2020-03-01 00:00:00+00:00,0.006297039378487612
2020-03-02 00:00:00+00:00,-0.0014260000354025578
2020-03-03 00:00:00+00:00,0.00151649720600024
2020-03-04 00:00:00+00:00,0.0015566527140339146
2020-03-05 00:00:00+00:00,0.0006049816113204
2020-03-06 00:00:00+00:00,-0.004616518730236
2020-03-07 00:00:00+00:00,0.0024636726143596765
2020-03-08 00:00:00+00:00,0.0015590920861161916
2020-03-09 00:00:00+00:00,0.0007971284619897608
2020-03-10 00:00:00+00:00,0.005198589547871031
2020-03-11 00:00:00+00:00,-0.012732695528929215
2020-03-12 00:00:00+00:00,0.02467695444835243
2020-03-13 00:00:00+00:00,-0.016333539550038776
2020-03-14 00:00:00+00:00,0.0006336415092451523
2020-03-15 00:00:00+00:00,-0.005031657751145011
2020-03-16 00:00:00+00:00,-0.002660631990663705
2020-03-17 00:00:00+00:00,-0.0369183371193317
2020-03-18 00:00:00+00:00,-0.00019590764163562063
2020-03-19 00:00:00+00:00,-0.0040533487248823495
2020-03-20 00:00:00+00:00,-0.002651017466532457
2020-03-21 00:00:00+00:00,-0.005557791993670907
2020-03-22 00:00:00+00:00,0.0002377004483638955
2020-03-23 00:00:00+00:00,-0.0016945887020928785
2020-03-24 00:00:00+00:00,-0.0026992183050765822
2020-03-25 00:00:00+00:00,-0.002251523356343775
2020-03-26 00:00:00+00:00,0.00019779060328514213
2020-03-27 00:00:00+00:00,-0.002819461921177741
2020-03-28 00:00:00+00:00,-0.0014852174627712428
2020-03-29 00:00:00+00:00,0.0011836811741805014
2020-03-30 00:00:00+00:00,-0.0004889028896490783
2020-03-31 00:00:00+00:00,0.0004071857700650117
2020-04-01 00:00:00+00:00,-0.0018202490988882116
2020-04-02 00:00:00+00:00,0.0005714294126598966
2020-04-03 00:00:00+00:00,-0.00028570596340743204
2020-04-04 00:00:00+00:00,0.0007728767712221041
2020-04-05 00:00:00+00:00,-0.0040385452932141614
2020-04-06 00:00:00+00:00,0.0016783416210937995
2020-04-07 00:00:00+00:00,-0.003614925640156507
2020-04-08 00:00:00+00:00,8.227484960352111e-05
2020-04-09 00:00:00+00:00,0.0027243111595936717
2020-04-10 00:00:00+00:00,-0.001541778182111804
2020-04-11 00:00:00+00:00,0.0012093867193505338
2020-04-12 00:00:00+00:00,0.0028384740726978023
2020-04-13 00:00:00+00:00,0.00013686405054218548
2020-04-14 00:00:00+00:00,-0.0001998662943961747
2020-04-15 00:00:00+00:00,-0.0007066796470556375
2020-04-16 00:00:00+00:00,0.0017944948398190216
2020-04-17 00:00:00+00:00,-0.0014385174922888738
2020-04-18 00:00:00+00:00,0.0053470825552183665
2020-04-19 00:00:00+00:00,-0.004800048628962857
2020-04-20 00:00:00+00:00,0.00033831679037910447
2020-04-21 00:00:00+00:00,-0.0013373695442612725
2020-04-22 00:00:00+00:00,-0.004553245217222962
2020-04-23 00:00:00+00:00,-0.004338971258929337
2020-04-24 00:00:00+00:00,-0.0007773978935706313
2020-04-25 00:00:00+00:00,-8.167478160336034e-05
2020-04-26 00:00:00+00:00,-0.0008649748029612561
2020-04-27 00:00:00+00:00,-0.0010564101885597401
2020-04-28 00:00:00+00:00,0.001978217662669197
2020-04-29 00:00:00+00:00,0.001382170118264058
2020-04-30 00:00:00+00:00,-0.00039782762823010483
2020-05-01 00:00:00+00:00,-0.0007824513118514629
2020-05-02 00:00:00+00:00,-0.00024743687251150865
2020-05-03 00:00:00+00:00,0.00033198103304012827
2020-05-04 00:00:00+00:00,-5.048414525873042e-05
2020-05-05 00:00:00+00:00,0.00027157143558134244
2020-05-06 00:00:00+00:00,0.0005026940303788274
2020-05-07 00:00:00+00:00,0.0004711772589347796
2020-05-08 00:00:00+00:00,-0.0009829828557790605
2020-05-09 00:00:00+00:00,-0.0004603131399844914
2020-05-10 00:00:00+00:00,-0.00027890946740399223
2020-05-11 00:00:00+00:00,0.0009288941837787403
2020-05-12 00:00:00+00:00,5.265820964041974e-05
2020-05-13 00:00:00+00:00,-0.00035872538389638317
2020-05-14 00:00:00+00:00,0.00041906740315151295
2020-05-15 00:00:00+00:00,-0.0002708384187490252
2020-05-16 00:00:00+00:00,-0.0006528225004642631
2020-05-17 00:00:00+00:00,-2.4628999850352498e-05
2020-05-18 00:00:00+00:00,3.731712198910204e-05
2020-05-19 00:00:00+00:00,-0.00018682727763040516
2020-05-20 00:00:00+00:00,0.0002577864826662699
2020-05-21 00:00:00+00:00,-0.00037944152512059
2020-05-22 00:00:00+00:00,0.0002342304823122936
2020-05-23 00:00:00+00:00,-0.0008850630035465714
2020-05-24 00:00:00+00:00,0.0005956579775684048
2020-05-25 00:00:00+00:00,4.057239610572853e-05
2020-05-26 00:00:00+00:00,0.0003192313243202117
2020-05-27 00:00:00+00:00,0.003434861683323059
2020-05-28 00:00:00+00:00,4.1999741295217636e-05
2020-05-29 00:00:00+00:00,0.002587977917866925
2020-05-30 00:00:00+00:00,-0.0003323185781784957
2020-05-31 00:00:00+00:00,0.0017376977737304426
2020-06-01 00:00:00+00:00,1.797367217099123e-05
2020-06-02 00:00:00+00:00,0.00015997607805541482
2020-06-03 00:00:00+00:00,-0.0010689949079042186
2020-06-04 00:00:00+00:00,-0.00039415428372082783
2020-06-05 00:00:00+00:00,0.00011786407505848336
2020-06-06 00:00:00+00:00,-0.0005199098397000131
2020-06-07 00:00:00+00:00,0.0011856879852862664
2020-06-08 00:00:00+00:00,0.00034328967668226457
2020-06-09 00:00:00+00:00,0.00028266005820225303
2020-06-10 00:00:00+00:00,-0.0037851529189334063
2020-06-11 00:00:00+00:00,-0.003227264026133903
2020-06-12 00:00:00+00:00,0.0001283359819130912
2020-06-13 00:00:00+00:00,-0.0007795846005543886
2020-06-14 00:00:00+00:00,-0.000388394847356021
2020-06-15 00:00:00+00:00,0.002293525539892979
2020-06-16 00:00:00+00:00,-0.0005548043370910228
2020-06-17 00:00:00+00:00,7.691054825166681e-05
2020-06-18 00:00:00+00:00,-0.0014746233934994045
2020-06-19 00:00:00+00:00,0.0005889249334953617
2020-06-20 00:00:00+00:00,0.0005424185669739674
2020-06-21 00:00:00+00:00,0.000580784542723374
2020-06-22 00:00:00+00:00,-0.004175535557329324
2020-06-23 00:00:00+00:00,0.0006244379736738949
2020-06-24 00:00:00+00:00,0.0007973636274477842
2020-06-25 00:00:00+00:00,0.0001851206767768963
2020-06-26 00:00:00+00:00,0.0002951299493885391
2020-06-27 00:00:00+00:00,-0.0010024484339114204
2020-06-28 00:00:00+00:00,4.107027197513789e-05
2020-06-29 00:00:00+00:00,4.2423468152180884e-05
2020-06-30 00:00:00+00:00,0.002691893910091227
2020-07-01 00:00:00+00:00,-1.3517722611372846e-05
2020-07-02 00:00:00+00:00,-0.0008954218296895322
2020-07-03 00:00:00+00:00,0.0004672491505031768
2020-07-04 00:00:00+00:00,0.001246427599971967
2020-07-05 00:00:00+00:00,-0.00293357368818989
2020-07-06 00:00:00+00:00,0.0015533739751824023
2020-07-07 00:00:00+00:00,0.001969799415871899
2020-07-08 00:00:00+00:00,-0.0011677371490640518
2020-07-09 00:00:00+00:00,-0.001211169513225334
2020-07-10 00:00:00+00:00,-0.00018841265333733695
2020-07-11 00:00:00+00:00,0.0007374344506072858
2020-07-12 00:00:00+00:00,-0.0034169702728507616
2020-07-13 00:00:00+00:00,0.00185872147108812
2020-07-14 00:00:00+00:00,3.6148020727269444e-06
2020-07-15 00:00:00+00:00,-0.000881201248266165
2020-07-16 00:00:00+00:00,-0.0007509381278260672
2020-07-17 00:00:00+00:00,0.0008070628392227255
2020-07-18 00:00:00+00:00,0.00015694415348342766
2020-07-19 00:00:00+00:00,-0.003499175144895611
2020-07-20 00:00:00+00:00,3.2061960583346844e-05
2020-07-21 00:00:00+00:00,0.0004421885375267592
2020-07-22 00:00:00+00:00,0.003269121613618192
2020-07-23 00:00:00+00:00,-0.001476749713255457
2020-07-24 00:00:00+00:00,-7.287265847909736e-05
2020-07-25 00:00:00+00:00,0.004009360705905091
2020-07-26 00:00:00+00:00,0.006384678877803673
2020-07-27 00:00:00+00:00,0.0070582712304625575
2020-07-28 00:00:00+00:00,-0.0003778657571541141
2020-07-29 00:00:00+00:00,0.002217507255395119
2020-07-30 00:00:00+00:00,0.0021136076232634846
2020-07-31 00:00:00+00:00,0.005998904693109078
2020-08-01 00:00:00+00:00,-0.0033711233535398608
2020-08-02 00:00:00+00:00,0.004307599788908898
2020-08-03 00:00:00+00:00,-0.006719648564898591
2020-08-04 00:00:00+00:00,0.004144009259390536
2020-08-05 00:00:00+00:00,0.001844201841492264
2020-08-06 00:00:00+00:00,-0.0007995093719322073
2020-08-07 00:00:00+00:00,-0.0011229016772779177
2020-08-08 00:00:00+00:00,-0.0010141171380692732
2020-08-09 00:00:00+00:00,-0.00452735384926291
2020-08-10 00:00:00+00:00,-0.0011028519137891845
2020-08-11 00:00:00+00:00,0.0011130458447392898
2020-08-12 00:00:00+00:00,0.006062205513540996
2020-08-13 00:00:00+00:00,-0.0038505908703485594
2020-08-14 00:00:00+00:00,0.002894051560976944
2020-08-15 00:00:00+00:00,-0.0028587975625668544
2020-08-16 00:00:00+00:00,-0.0005156438235754187
2020-08-17 00:00:00+00:00,-0.003833635225375121
2020-08-18 00:00:00+00:00,-0.0013421029711351152
2020-08-19 00:00:00+00:00,0.0026496659657345946
2020-08-20 00:00:00+00:00,-0.003492724642752122
2020-08-21 00:00:00+00:00,0.0028018506997991026
2020-08-22 00:00:00+00:00,0.001326724239213931
2020-08-23 00:00:00+00:00,0.0012001583690909067
2020-08-24 00:00:00+00:00,-0.0013506831626532271
2020-08-25 00:00:00+00:00,-0.00013029660888409572
2020-08-26 00:00:00+00:00,-0.0009745399925585579
2020-08-27 00:00:00+00:00,0.0010327506945241277
2020-08-28 00:00:00+00:00,0.000620119504570255
2020-08-29 00:00:00+00:00,0.0017263055072374496
2020-08-30 00:00:00+00:00,0.0014883294663827946
2020-08-31 00:00:00+00:00,0.0037827032383298907
2020-09-01 00:00:00+00:00,-0.001460443771315951
2020-09-02 00:00:00+00:00,-0.002091686136563573
2020-09-03 00:00:00+00:00,-0.0030728243643574605
2020-09-04 00:00:00+00:00,-0.00019832675005275523
2020-09-05 00:00:00+00:00,0.003713324337548182
2020-09-06 00:00:00+00:00,-0.0006602146740365023
2020-09-07 00:00:00+00:00,0.0004819629291716576
2020-09-08 00:00:00+00:00,-0.0005758911437056597
2020-09-09 00:00:00+00:00,0.0003893128935636762
2020-09-10 00:00:00+00:00,0.0021035629453854936
2020-09-11 00:00:00+00:00,0.004195742324640989
2020-09-12 00:00:00+00:00,0.00039150067978272537
2020-09-13 00:00:00+00:00,0.0009317638869163803
2020-09-14 00:00:00+00:00,0.002767807497472661
2020-09-15 00:00:00+00:00,0.002382361750609562
2020-09-16 00:00:00+00:00,0.0031890992352313794
2020-09-17 00:00:00+00:00,0.0019150985187860248
2020-09-18 00:00:00+00:00,0.00023925850709905194
2020-09-19 00:00:00+00:00,-0.0013244821137039667
2020-09-20 00:00:00+00:00,-0.011207820047174372
2020-09-21 00:00:00+00:00,0.008413312201299894
2020-09-22 00:00:00+00:00,0.00282767846684259
2020-09-23 00:00:00+00:00,0.00243398306505581
2020-09-24 00:00:00+00:00,-0.004428689805993666
2020-09-25 00:00:00+00:00,0.002195334194126037
2020-09-26 00:00:00+00:00,0.0014456535457675866
2020-09-27 00:00:00+00:00,-0.007586205717540564
2020-09-28 00:00:00+00:00,0.0031656821010962997
2020-09-29 00:00:00+00:00,-0.0006525031269923063
2020-09-30 00:00:00+00:00,-0.0005568417113994814
2020-10-01 00:00:00+00:00,-0.001364121422821586
2020-10-02 00:00:00+00:00,0.008289245129274201
2020-10-03 00:00:00+00:00,0.002501691780675137
2020-10-04 00:00:00+00:00,-0.0006721660935538138
2020-10-05 00:00:00+00:00,0.0012132209759594358
2020-10-06 00:00:00+00:00,0.00021096532550752946
2020-10-07 00:00:00+00:00,0.0007836025780321791
2020-10-08 00:00:00+00:00,0.004130739974683451
2020-10-09 00:00:00+00:00,0.006240726423348275
2020-10-10 00:00:00+00:00,0.0109451378053594
2020-10-11 00:00:00+00:00,0.007039749837061348
2020-10-12 00:00:00+00:00,-0.0003758825502170041
2020-10-13 00:00:00+00:00,0.0024350208721889404
2020-10-14 00:00:00+00:00,-3.576055957630553e-05
2020-10-15 00:00:00+00:00,-0.00462966713918187
2020-10-16 00:00:00+00:00,-0.0019915513098712726
2020-10-17 00:00:00+00:00,-0.002338815535651016
2020-10-18 00:00:00+00:00,0.0035764557446058927
2020-10-19 00:00:00+00:00,-0.007158333963795229
2020-10-20 00:00:00+00:00,-0.0017127888245671336
2020-10-21 00:00:00+00:00,-0.010557350203779084
2020-10-22 00:00:00+00:00,0.0017797014716035198
2020-10-23 00:00:00+00:00,0.0022916146770534107
2020-10-24 00:00:00+00:00,-4.2104652850758665e-05
2020-10-25 00:00:00+00:00,-0.008984044757734079
2020-10-26 00:00:00+00:00,0.01240916150805527
2020-10-27 00:00:00+00:00,-0.0029037141147450905
2020-10-28 00:00:00+00:00,0.01644620161332321
2020-10-29 00:00:00+00:00,0.001334872446528392
2020-10-30 00:00:00+00:00,0.004962943695368607
2020-10-31 00:00:00+00:00,-0.0055251109596139904
2020-11-01 00:00:00+00:00,-0.0018531938089051897
2020-11-02 00:00:00+00:00,0.015907180766535613
2020-11-03 00:00:00+00:00,0.02984286532806075
2020-11-04 00:00:00+00:00,0.01462682205235214
2020-11-05 00:00:00+00:00,-0.01381943625474484
2020-11-06 00:00:00+00:00,-0.004361228481155927
2020-11-07 00:00:00+00:00,0.003930922903012724
2020-11-08 00:00:00+00:00,-0.0015365745375827513
2020-11-09 00:00:00+00:00,-0.0024974200617134488
2020-11-10 00:00:00+00:00,-6.161179345395344e-05
2020-11-11 00:00:00+00:00,0.004399415466854209
2020-11-12 00:00:00+00:00,0.0028201962581756892
2020-11-13 00:00:00+00:00,0.0076252848201884445
2020-11-14 00:00:00+00:00,0.0004227104988518308
2020-11-15 00:00:00+00:00,0.010661991129437477
2020-11-16 00:00:00+00:00,0.00736705925170567
2020-11-17 00:00:00+00:00,0.02855171661750263
2020-11-18 00:00:00+00:00,0.01721492938801627
2020-11-19 00:00:00+00:00,0.017076414321920322
2020-11-20 00:00:00+00:00,0.02438777847502842
2020-11-21 00:00:00+00:00,0.006057791417561423
2020-11-22 00:00:00+00:00,0.01797034772895308
2020-11-23 00:00:00+00:00,0.019516436243307796
2020-11-24 00:00:00+00:00,-0.011219408489448702
2020-11-25 00:00:00+00:00,-0.01932530558640198
2020-11-26 00:00:00+00:00,0.0008950633736083078
2020-11-27 00:00:00+00:00,0.01818006853933831
2020-11-28 00:00:00+00:00,0.004149519881464131
2020-11-29 00:00:00+00:00,-0.004431853763126719
2020-11-30 00:00:00+00:00,-0.010442390548297755
2020-12-01 00:00:00+00:00,0.00469336828397604
2020-12-02 00:00:00+00:00,0.010634135885503921
2020-12-03 00:00:00+00:00,-0.003555135052299274
2020-12-04 00:00:00+00:00,0.04231999173873161
2020-12-05 00:00:00+00:00,-0.0013829751612223847
2020-12-06 00:00:00+00:00,0.009264219772870192
2020-12-07 00:00:00+00:00,-0.0015624112388856219
2020-12-08 00:00:00+00:00,0.018409208293818334
2020-12-09 00:00:00+00:00,0.0019018039891075546
2020-12-10 00:00:00+00:00,-0.011239713046731848
2020-12-11 00:00:00+00:00,0.0011928200602616102
2020-12-12 00:00:00+00:00,0.007517481408149941
2020-12-13 00:00:00+00:00,0.0010883528797671798
2020-12-14 00:00:00+00:00,-0.019584291685675985
2020-12-15 00:00:00+00:00,0.036951502574310006
2020-12-16 00:00:00+00:00,0.03143268304777795
2020-12-17 00:00:00+00:00,0.03387558533951389
2020-12-18 00:00:00+00:00,-0.009746119044030017
2020-12-19 00:00:00+00:00,0.007655227384568504
2020-12-20 00:00:00+00:00,0.01532576540746077
2020-12-21 00:00:00+00:00,0.044047312880629685
2020-12-22 00:00:00+00:00,0.10869160663794604
2020-12-23 00:00:00+00:00,-0.01961925776923935
2020-12-24 00:00:00+00:00,0.015279942879838634
2020-12-25 00:00:00+00:00,0.050629816512493604
2020-12-26 00:00:00+00:00,-0.016867958745976942
2020-12-27 00:00:00+00:00,0.004808173505158462
2020-12-28 00:00:00+00:00,-0.005945969841656641
2020-12-29 00:00:00+00:00,0.0007902316569277944
2020-12-30 00:00:00+00:00,5.489100437631571e-05
2020-12-31 00:00:00+00:00,0.02517027303043873
2021-01-01 00:00:00+00:00,0.0061313080885664235
2021-01-02 00:00:00+00:00,-0.03012585203610913
2021-01-03 00:00:00+00:00,0.03544504333652713
2021-01-04 00:00:00+00:00,0.023214278358864048
2021-01-05 00:00:00+00:00,-0.011824555064277877
2021-01-06 00:00:00+00:00,-0.012863751132659
2021-01-07 00:00:00+00:00,0.002749058080472725
2021-01-08 00:00:00+00:00,-0.0012110020664073452
2021-01-09 00:00:00+00:00,-0.0014872361990974515
2021-01-10 00:00:00+00:00,-0.010581532723458409
2021-01-11 00:00:00+00:00,-0.0004908901150670328
2021-01-12 00:00:00+00:00,0.04289912872788644
2021-01-13 00:00:00+00:00,0.019655688165189207
2021-01-14 00:00:00+00:00,0.017147402675536688
2021-01-15 00:00:00+00:00,0.014146598389284806
2021-01-16 00:00:00+00:00,0.0004450628854178049
2021-01-17 00:00:00+00:00,0.003413414797730769
2021-01-18 00:00:00+00:00,0.000645856819255499
2021-01-19 00:00:00+00:00,0.014473108756058978
2021-01-20 00:00:00+00:00,-0.02925508234570002
2021-01-21 00:00:00+00:00,0.02979709979465395
2021-01-22 00:00:00+00:00,0.0032938749592827396
2021-01-23 00:00:00+00:00,0.028189842984784084
2021-01-24 00:00:00+00:00,-0.01734257593556204
2021-01-25 00:00:00+00:00,0.014483946886492509
2021-01-26 00:00:00+00:00,-0.01744577901229702
2021-01-27 00:00:00+00:00,0.02353618053758908
2021-01-28 00:00:00+00:00,0.023730351825583147
2021-01-29 00:00:00+00:00,-0.0030962153835355933
2021-01-30 00:00:00+00:00,0.005107838700651687
2021-01-31 00:00:00+00:00,0.0205256354654294
2021-02-01 00:00:00+00:00,0.003154566226774528
2021-02-02 00:00:00+00:00,0.011657628597909994
2021-02-03 00:00:00+00:00,0.022552551486153163
2021-02-04 00:00:00+00:00,0.016277291344511766
2021-02-05 00:00:00+00:00,0.01848317369432112
2021-02-06 00:00:00+00:00,0.03031551593005566
2021-02-07 00:00:00+00:00,0.016374314516660937
2021-02-08 00:00:00+00:00,-0.004869704968592295
2021-02-09 00:00:00+00:00,0.0184056470288857
2021-02-10 00:00:00+00:00,0.004155331321663173
2021-02-11 00:00:00+00:00,-0.001138143732131352
2021-02-12 00:00:00+00:00,0.001589832704341974
2021-02-13 00:00:00+00:00,-0.003440432659257784
2021-02-14 00:00:00+00:00,0.014279616761573952
2021-02-15 00:00:00+00:00,-0.003719110784204453
2021-02-16 00:00:00+00:00,0.00247586807541315
2021-02-17 00:00:00+00:00,0.01551245017721715
2021-02-18 00:00:00+00:00,0.013629964088928156
2021-02-19 00:00:00+00:00,0.005986517331956232
2021-02-20 00:00:00+00:00,-0.00023817994145970743
2021-02-21 00:00:00+00:00,0.011810683332649318
2021-02-22 00:00:00+00:00,0.004222264585996065
2021-02-23 00:00:00+00:00,0.007078498583232445
2021-02-24 00:00:00+00:00,0.00041394765466485684
2021-02-25 00:00:00+00:00,0.010383271417047093
2021-02-26 00:00:00+00:00,0.005980776546701491
2021-02-27 00:00:00+00:00,-3.1779773244431574e-05
2021-02-28 00:00:00+00:00,0.006660016641768981
2021-03-01 00:00:00+00:00,0.0045427374028624845
2021-03-02 00:00:00+00:00,-0.0020034818073975517
2021-03-03 00:00:00+00:00,-0.009630274786384485
2021-03-04 00:00:00+00:00,-0.005088017754702393
2021-03-05 00:00:00+00:00,0.0012069527035484192
2021-03-06 00:00:00+00:00,-0.0010791800144820376
2021-03-07 00:00:00+00:00,0.0030561777223546338
2021-03-08 00:00:00+00:00,-0.006340793330393393
2021-03-09 00:00:00+00:00,0.0024205348989918916
2021-03-10 00:00:00+00:00,0.005873116626737061
2021-03-11 00:00:00+00:00,-0.005519696220609673
2021-03-12 00:00:00+00:00,-0.000697798222895038
2021-03-13 00:00:00+00:00,-0.005323630864382105
2021-03-14 00:00:00+00:00,0.003359490445053312
2021-03-15 00:00:00+00:00,-0.002814166876963478
2021-03-16 00:00:00+00:00,0.014235276775782653
2021-03-17 00:00:00+00:00,-0.0034584198366067265
2021-03-18 00:00:00+00:00,0.005882325020116674
2021-03-19 00:00:00+00:00,-0.008980594881930013
2021-03-20 00:00:00+00:00,0.008668781784030515
2021-03-21 00:00:00+00:00,-0.011976416581490965
2021-03-22 00:00:00+00:00,0.010350201924847651
2021-03-23 00:00:00+00:00,0.0031179901763784333
2021-03-24 00:00:00+00:00,0.0010090402493062296
2021-03-25 00:00:00+00:00,0.02244479950139125
2021-03-26 00:00:00+00:00,0.01294829945702886
2021-03-27 00:00:00+00:00,0.004992309972572795
2021-03-28 00:00:00+00:00,0.008435505049830328
2021-03-29 00:00:00+00:00,0.009115468165664055
2021-03-30 00:00:00+00:00,0.04128798559428627
2021-03-31 00:00:00+00:00,-0.004353578502007539
2021-04-01 00:00:00+00:00,-0.00131486323229557
2021-04-02 00:00:00+00:00,0.0033110722753680296
2021-04-03 00:00:00+00:00,0.014042357060314785
2021-04-04 00:00:00+00:00,0.014089721258701598
2021-04-05 00:00:00+00:00,-0.012560743409193206
2021-04-06 00:00:00+00:00,-0.011666571616242074
2021-04-07 00:00:00+00:00,0.011348996638022286
2021-04-08 00:00:00+00:00,0.001861638574879725
2021-04-09 00:00:00+00:00,-0.012124994357461139
2021-04-10 00:00:00+00:00,0.006331996424543163
2021-04-11 00:00:00+00:00,-0.003918656994809118
2021-04-12 00:00:00+00:00,0.0060848617650544785
2021-04-13 00:00:00+00:00,-0.011642570647007888
2021-04-14 00:00:00+00:00,-0.006379634186585702
2021-04-15 00:00:00+00:00,0.00722519030329208
2021-04-16 00:00:00+00:00,0.004527422075244623
2021-04-17 00:00:00+00:00,0.02988158128981675
2021-04-18 00:00:00+00:00,0.004607449195242104
2021-04-19 00:00:00+00:00,-0.0026415756230935973
2021-04-20 00:00:00+00:00,-0.007719762977631505
2021-04-21 00:00:00+00:00,-0.011660171310419196
2021-04-22 00:00:00+00:00,-0.002923580172503257
2021-04-23 00:00:00+00:00,-0.004259775894284666
2021-04-24 00:00:00+00:00,-0.001693684202242167
2021-04-25 00:00:00+00:00,0.010245191041823327
2021-04-26 00:00:00+00:00,0.0034687021924693267
2021-04-27 00:00:00+00:00,0.008295954135835832
2021-04-28 00:00:00+00:00,0.0012459321390910674
2021-04-29 00:00:00+00:00,0.003952375316233005
2021-04-30 00:00:00+00:00,0.0035385232166279205
2021-05-01 00:00:00+00:00,0.004765131389870834
2021-05-02 00:00:00+00:00,0.009589049852251475
2021-05-03 00:00:00+00:00,0.008260986615657514
2021-05-04 00:00:00+00:00,0.023984593783986808
2021-05-05 00:00:00+00:00,0.016257112453457876
2021-05-06 00:00:00+00:00,-0.00019758732833391606
2021-05-07 00:00:00+00:00,0.009848460661663285
2021-05-08 00:00:00+00:00,0.00027147677089605087
2021-05-09 00:00:00+00:00,7.3480282151697185e-06
2021-05-10 00:00:00+00:00,0.010846774390072369
2021-05-11 00:00:00+00:00,0.002268838970769342
2021-05-12 00:00:00+00:00,-0.0025454967443999305
2021-05-13 00:00:00+00:00,0.014879091017905842
2021-05-14 00:00:00+00:00,0.0003932108312536638
2021-05-15 00:00:00+00:00,-0.0023293864896680554
2021-05-16 00:00:00+00:00,-0.00573976780033166
2021-05-17 00:00:00+00:00,0.0027736890558180518
2021-05-18 00:00:00+00:00,-0.009123306096340995
2021-05-19 00:00:00+00:00,0.003044104847111691
2021-05-20 00:00:00+00:00,-0.0018679922984387869
2021-05-21 00:00:00+00:00,-0.006930261483325474
2021-05-22 00:00:00+00:00,0.001724169657472379
2021-05-23 00:00:00+00:00,0.004209565674019504
2021-05-24 00:00:00+00:00,0.00012956601664212885
2021-05-25 00:00:00+00:00,-0.011915296227842199
2021-05-26 00:00:00+00:00,-0.0005571846201798904
2021-05-27 00:00:00+00:00,0.0005294590057900382
2021-05-28 00:00:00+00:00,0.0015356933970339182
2021-05-29 00:00:00+00:00,0.0008581192994955916
2021-05-30 00:00:00+00:00,-0.0022551654045283778
2021-05-31 00:00:00+00:00,0.0016673730011500043
2021-06-01 00:00:00+00:00,-0.004280389308108658
2021-06-02 00:00:00+00:00,-0.0018957562641591882
2021-06-03 00:00:00+00:00,0.0034554420398329785
2021-06-04 00:00:00+00:00,-0.001477400117348719
2021-06-05 00:00:00+00:00,-0.0009237702057462912
2021-06-06 00:00:00+00:00,-0.0013069506125257808
2021-06-07 00:00:00+00:00,0.0012763015642690654
2021-06-08 00:00:00+00:00,-0.0012102524254400933
2021-06-09 00:00:00+00:00,-0.004796312332644917
2021-06-10 00:00:00+00:00,-0.0006752457796597632
2021-06-11 00:00:00+00:00,-0.0020661299116612156
2021-06-12 00:00:00+00:00,-0.0018441527934156467
2021-06-13 00:00:00+00:00,-0.0018070570584203197
2021-06-14 00:00:00+00:00,-0.0016006459634214604
2021-06-15 00:00:00+00:00,0.0006221887440179845
2021-06-16 00:00:00+00:00,0.0015874425563092746
2021-06-17 00:00:00+00:00,-7.254561819033072e-05
2021-06-18 00:00:00+00:00,-0.0005115918359989877
2021-06-19 00:00:00+00:00,-0.0001305195683537482
2021-06-20 00:00:00+00:00,0.0011824711929990092
2021-06-21 00:00:00+00:00,0.0023498511980909287
2021-06-22 00:00:00+00:00,0.001608838090631124
2021-06-23 00:00:00+00:00,0.0015255024565620891
2021-06-24 00:00:00+00:00,-0.00044435674986545795
2021-06-25 00:00:00+00:00,-0.000965572067113533
2021-06-26 00:00:00+00:00,-0.0004971632202222929
2021-06-27 00:00:00+00:00,-0.004946746768330465
2021-06-28 00:00:00+00:00,0.00014287840072593535
2021-06-29 00:00:00+00:00,-0.0009189022382489809
2021-06-30 00:00:00+00:00,0.0003053485290730671
2021-07-01 00:00:00+00:00,0.00014787705426976949
2021-07-02 00:00:00+00:00,-0.0001340179649690771
2021-07-03 00:00:00+00:00,0.004073798227776229
2021-07-04 00:00:00+00:00,0.027690957744694888
2021-07-05 00:00:00+00:00,-0.019247770403189018
2021-07-06 00:00:00+00:00,-0.0046383055609707236
2021-07-07 00:00:00+00:00,-0.013397891577506673
2021-07-08 00:00:00+00:00,0.017591930877877467
2021-07-09 00:00:00+00:00,0.0021920828878172166
2021-07-10 00:00:00+00:00,0.012331754981577904
2021-07-11 00:00:00+00:00,-0.01285879528868718
2021-07-12 00:00:00+00:00,-0.012377187670015744
2021-07-13 00:00:00+00:00,0.021441539656252468
2021-07-14 00:00:00+00:00,0.0013597566094453958
2021-07-15 00:00:00+00:00,0.006510187041948627
2021-07-16 00:00:00+00:00,0.0034659820798567933
2021-07-17 00:00:00+00:00,0.0013852223521974014
2021-07-18 00:00:00+00:00,-0.005145204608976389
2021-07-19 00:00:00+00:00,-0.0006243359494024262
2021-07-20 00:00:00+00:00,-0.0049984184702430035
2021-07-21 00:00:00+00:00,0.0023684147827384375
2021-07-22 00:00:00+00:00,0.0043212699109302834
2021-07-23 00:00:00+00:00,-0.07499706215262643
2021-07-24 00:00:00+00:00,-0.0014630460574511792
2021-07-25 00:00:00+00:00,-0.0029808919730722446
2021-07-26 00:00:00+00:00,0.003055690608161667
2021-07-27 00:00:00+00:00,0.003322062211470985
2021-07-28 00:00:00+00:00,-0.00503191682892654
2021-07-29 00:00:00+00:00,-0.004523499834796402
2021-07-30 00:00:00+00:00,-0.002501000030624154
2021-07-31 00:00:00+00:00,-0.002189979403461735
2021-08-01 00:00:00+00:00,-0.0010421997942285468
2021-08-02 00:00:00+00:00,0.011272940921584351
2021-08-03 00:00:00+00:00,-0.008114982109749503
2021-08-04 00:00:00+00:00,-0.007713014830229319
2021-08-05 00:00:00+00:00,-0.0017427881952601523
2021-08-06 00:00:00+00:00,-0.0005326550360151409
2021-08-07 00:00:00+00:00,-0.005703437358667191
2021-08-08 00:00:00+00:00,0.00889918815941582
2021-08-09 00:00:00+00:00,0.005905106873707005
2021-08-10 00:00:00+00:00,0.006592134829173408
2021-08-11 00:00:00+00:00,-0.0067694635363408796
2021-08-12 00:00:00+00:00,0.014967483501618742
2021-08-13 00:00:00+00:00,-0.01482693409080588
2021-08-14 00:00:00+00:00,0.0004894369189875239
2021-08-15 00:00:00+00:00,0.0037320985208368733
2021-08-16 00:00:00+00:00,-0.003880343733447429
2021-08-17 00:00:00+00:00,0.02163906216286872
2021-08-18 00:00:00+00:00,0.018606266687087814
2021-08-19 00:00:00+00:00,0.009547753586137575
2021-08-20 00:00:00+00:00,-0.02319937767483826
2021-08-21 00:00:00+00:00,-0.0011477293155054604
2021-08-22 00:00:00+00:00,0.006108695530279454
2021-08-23 00:00:00+00:00,-0.013433596851544098
2021-08-24 00:00:00+00:00,-0.013690940715888797
2021-08-25 00:00:00+00:00,-0.04899040132752928
2021-08-26 00:00:00+00:00,0.021141025596293463
2021-08-27 00:00:00+00:00,0.002331399389981011
2021-08-28 00:00:00+00:00,-0.008522917800690704
2021-08-29 00:00:00+00:00,0.0043989402960889525
2021-08-30 00:00:00+00:00,-0.006947163633272262
2021-08-31 00:00:00+00:00,0.00288997122038773
2021-09-01 00:00:00+00:00,0.005945045859120007
2021-09-02 00:00:00+00:00,0.006120122926555887
2021-09-03 00:00:00+00:00,-0.006587384082992595
2021-09-04 00:00:00+00:00,-0.0003474916996683959
2021-09-05 00:00:00+00:00,-0.0014641616197439663
2021-09-06 00:00:00+00:00,0.0063195055874031274
2021-09-07 00:00:00+00:00,0.010775969317634778
2021-09-08 00:00:00+00:00,0.013797990777136377
2021-09-09 00:00:00+00:00,0.01357871265269921
2021-09-10 00:00:00+00:00,-0.0025731658964975213
2021-09-11 00:00:00+00:00,0.007394320855395724
2021-09-12 00:00:00+00:00,-0.008128277825239807
2021-09-13 00:00:00+00:00,0.005304418327655161
2021-09-14 00:00:00+00:00,0.004675712194560824
2021-09-15 00:00:00+00:00,-0.0013167512431036775
2021-09-16 00:00:00+00:00,-0.0006420738213830171
2021-09-17 00:00:00+00:00,0.005110443295397619
2021-09-18 00:00:00+00:00,-0.0009752319170404344
2021-09-19 00:00:00+00:00,-0.01516691972940252
2021-09-20 00:00:00+00:00,-0.004418773092132623
2021-09-21 00:00:00+00:00,0.007380979689788714
2021-09-22 00:00:00+00:00,-0.0012514935019002863
2021-09-23 00:00:00+00:00,-0.0034774186347710087
2021-09-24 00:00:00+00:00,-0.003994503147404856
2021-09-25 00:00:00+00:00,-0.004971542589889942
2021-09-26 00:00:00+00:00,0.0011569604658294836
2021-09-27 00:00:00+00:00,-0.005000401563730443
2021-09-28 00:00:00+00:00,0.0022787774534152056
2021-09-29 00:00:00+00:00,0.0033893812250420864
2021-09-30 00:00:00+00:00,0.003333398668211118
2021-10-01 00:00:00+00:00,0.008801850590169902
2021-10-02 00:00:00+00:00,-0.00041454440519031075
2021-10-03 00:00:00+00:00,-0.001518513445084451
2021-10-04 00:00:00+00:00,-0.003350825183249786
2021-10-05 00:00:00+00:00,-0.005240107402726354
2021-10-06 00:00:00+00:00,-0.0015552167241862005
2021-10-07 00:00:00+00:00,-0.009809045099629694
2021-10-08 00:00:00+00:00,0.00024143171458880587
2021-10-09 00:00:00+00:00,-0.0032642476480095363
2021-10-10 00:00:00+00:00,0.007099519110178956
2021-10-11 00:00:00+00:00,0.003056990563847931
2021-10-12 00:00:00+00:00,0.0013041162611372452
2021-10-13 00:00:00+00:00,0.00025392004520420175
2021-10-14 00:00:00+00:00,-0.0008766565856168784
2021-10-15 00:00:00+00:00,-0.0020567972107581644
2021-10-16 00:00:00+00:00,0.005113827606603187
2021-10-17 00:00:00+00:00,-0.016073115002831526
2021-10-18 00:00:00+00:00,0.013858828493693355
2021-10-19 00:00:00+00:00,0.012351948973797603
2021-10-20 00:00:00+00:00,-0.04865195937462299
2021-10-21 00:00:00+00:00,-0.0010247412677391364
2021-10-22 00:00:00+00:00,0.000959458101013233
2021-10-23 00:00:00+00:00,0.011995272982786267
2021-10-24 00:00:00+00:00,0.008096072320256428
2021-10-25 00:00:00+00:00,-0.008941728083388337
2021-10-26 00:00:00+00:00,0.005920297606223689
2021-10-27 00:00:00+00:00,0.0021583121536417767
2021-10-28 00:00:00+00:00,-0.0029120956505398117
2021-10-29 00:00:00+00:00,-0.014194628468615711
2021-10-30 00:00:00+00:00,-0.009172414968693404
2021-10-31 00:00:00+00:00,0.004914046413992324
2021-11-01 00:00:00+00:00,0.003681562518088392
2021-11-02 00:00:00+00:00,-0.0007738717919957967
2021-11-03 00:00:00+00:00,0.003866037192072801
2021-11-04 00:00:00+00:00,0.0012881930941605637
2021-11-05 00:00:00+00:00,0.008164785569215854
2021-11-06 00:00:00+00:00,0.005153018159395554
2021-11-07 00:00:00+00:00,-0.0003512105045616247
2021-11-08 00:00:00+00:00,-0.006144554689389073
2021-11-09 00:00:00+00:00,-0.0012312155561244528
2021-11-10 00:00:00+00:00,0.007247297010372108
2021-11-11 00:00:00+00:00,-0.00676193023458901
2021-11-12 00:00:00+00:00,0.007440409327610355
2021-11-13 00:00:00+00:00,0.003183209665464573
2021-11-14 00:00:00+00:00,-0.006052497334171324
2021-11-15 00:00:00+00:00,-0.003172173896332846
2021-11-16 00:00:00+00:00,0.0006306173851295935
2021-11-17 00:00:00+00:00,-0.0077466041626853
2021-11-18 00:00:00+00:00,0.0033929379669697356
2021-11-19 00:00:00+00:00,0.005220571078382496
2021-11-20 00:00:00+00:00,-0.0012946722274457438
2021-11-21 00:00:00+00:00,0.0034856210474438435
2021-11-22 00:00:00+00:00,0.003028608516036896
2021-11-23 00:00:00+00:00,0.00430707104356412
2021-11-24 00:00:00+00:00,0.0007649364202546647
2021-11-25 00:00:00+00:00,-0.005342178635768919
2021-11-26 00:00:00+00:00,0.0041257389792597335
2021-11-27 00:00:00+00:00,-0.006616861976123541
2021-11-28 00:00:00+00:00,-0.004090092947462112
2021-11-29 00:00:00+00:00,-0.0014171312781575153
2021-11-30 00:00:00+00:00,0.006705405261158134
2021-12-01 00:00:00+00:00,-0.01060762341474193
2021-12-02 00:00:00+00:00,-0.009075942102141535
2021-12-03 00:00:00+00:00,-0.013608982009592086
2021-12-04 00:00:00+00:00,0.0033356865660804833
2021-12-05 00:00:00+00:00,-0.001313107307673953
2021-12-06 00:00:00+00:00,0.0024599621229057997
2021-12-07 00:00:00+00:00,-0.004156443488527681
2021-12-08 00:00:00+00:00,-0.0043556586179394315
2021-12-09 00:00:00+00:00,-0.004068033731537323
2021-12-10 00:00:00+00:00,-0.0009539236290544198
2021-12-11 00:00:00+00:00,-0.0005474265764310236
2021-12-12 00:00:00+00:00,-0.0009096773220532894
2021-12-13 00:00:00+00:00,-0.0018503596894371673
2021-12-14 00:00:00+00:00,-0.0022353827454936587
2021-12-15 00:00:00+00:00,0.0006222239956154287
2021-12-16 00:00:00+00:00,0.004130218955659685
2021-12-17 00:00:00+00:00,0.002609508588803804
2021-12-18 00:00:00+00:00,0.0016990810531994024
2021-12-19 00:00:00+00:00,-0.0004616856978734849
2021-12-20 00:00:00+00:00,-0.0018076875692804742
2021-12-21 00:00:00+00:00,-0.003388620072830118
2021-12-22 00:00:00+00:00,-0.0075273793228912535
2021-12-23 00:00:00+00:00,0.005544799229319636
2021-12-24 00:00:00+00:00,-0.0037404860549745977
2021-12-25 00:00:00+00:00,0.0027272944891494006
2021-12-26 00:00:00+00:00,-0.011679016335706052
2021-12-27 00:00:00+00:00,0.00015630589197532019
2021-12-28 00:00:00+00:00,0.0022390706635020486
2021-12-29 00:00:00+00:00,-0.0009810736896434225
2021-12-30 00:00:00+00:00,0.0012351487446504992
2021-12-31 00:00:00+00:00,0.00257025147842673
2022-01-01 00:00:00+00:00,-0.002287088226912255
2022-01-02 00:00:00+00:00,0.004536158171744628
2022-01-03 00:00:00+00:00,-0.0035569862292392134
2022-01-04 00:00:00+00:00,0.000588554994152362
2022-01-05 00:00:00+00:00,0.0009882831523714435
2022-01-06 00:00:00+00:00,-0.0016710125928264508
2022-01-07 00:00:00+00:00,-0.001592381395640613
2022-01-08 00:00:00+00:00,-0.001210200686274656
2022-01-09 00:00:00+00:00,0.00032296825254943723
2022-01-10 00:00:00+00:00,0.004144553934006336
2022-01-11 00:00:00+00:00,-0.0003391295223777012
2022-01-12 00:00:00+00:00,0.004767496371937976
2022-01-13 00:00:00+00:00,0.004445121454588241
2022-01-14 00:00:00+00:00,-0.031249354284941914
2022-01-15 00:00:00+00:00,-0.000526012745056128
2022-01-16 00:00:00+00:00,0.0009424511015178987
2022-01-17 00:00:00+00:00,-0.0020644874220871706
2022-01-18 00:00:00+00:00,-0.002054663436390804
2022-01-19 00:00:00+00:00,0.0016872583533662216
2022-01-20 00:00:00+00:00,0.002204414206628161
2022-01-21 00:00:00+00:00,0.0002502901306707348
2022-01-22 00:00:00+00:00,-0.0002726138752618089
2022-01-23 00:00:00+00:00,-0.00019431983908973173
2022-01-24 00:00:00+00:00,-0.0014633468804839225
2022-01-25 00:00:00+00:00,-0.001497481404492316
2022-01-26 00:00:00+00:00,-0.0006500282528067657
2022-01-27 00:00:00+00:00,-0.0002074319466312207
2022-01-28 00:00:00+00:00,-9.552740877220564e-05
2022-01-29 00:00:00+00:00,-0.0008291847037389059
2022-01-30 00:00:00+00:00,0.0009582871013386248
2022-01-31 00:00:00+00:00,-0.0026891503641028997
2022-02-01 00:00:00+00:00,-0.0008465792987452424
2022-02-02 00:00:00+00:00,0.0010795186154895164
2022-02-03 00:00:00+00:00,0.0065867212194999705
2022-02-04 00:00:00+00:00,-0.007977357459182849
2022-02-05 00:00:00+00:00,0.0009864312566076642
2022-02-06 00:00:00+00:00,-0.004344492807792584
2022-02-07 00:00:00+00:00,0.0016449299547775873
2022-02-08 00:00:00+00:00,0.0007849486239072808
2022-02-09 00:00:00+00:00,0.002253692304084881
2022-02-10 00:00:00+00:00,0.00011745077677787406
2022-02-11 00:00:00+00:00,-0.0005467370329573045
2022-02-12 00:00:00+00:00,0.0015838710240829244
2022-02-13 00:00:00+00:00,-0.0007014021608793239
2022-02-14 00:00:00+00:00,-0.00044507805208911363
2022-02-15 00:00:00+00:00,0.00016013575587273257
2022-02-16 00:00:00+00:00,-0.0008912404236365003
2022-02-17 00:00:00+00:00,-0.0005531743490032054
2022-02-18 00:00:00+00:00,0.0003682977118745239
2022-02-19 00:00:00+00:00,0.0008398446785813172
2022-02-20 00:00:00+00:00,0.001020139339768159
2022-02-21 00:00:00+00:00,0.000109112174892187
2022-02-22 00:00:00+00:00,0.00041798495978397857
2022-02-23 00:00:00+00:00,0.0008001581998916146
2022-02-24 00:00:00+00:00,-0.0024292648252073872
2022-02-25 00:00:00+00:00,0.0003878221920410761
2022-02-26 00:00:00+00:00,-0.0013718064196780997
2022-02-27 00:00:00+00:00,0.0019409812274520386
2022-02-28 00:00:00+00:00,-0.0008123121121436737
2022-03-01 00:00:00+00:00,0.0009639397429802666
2022-03-02 00:00:00+00:00,0.0010967122549522736
2022-03-03 00:00:00+00:00,-0.0008991355220394439
2022-03-04 00:00:00+00:00,-0.0006615462754977307
2022-03-05 00:00:00+00:00,-0.0029319361163499934
2022-03-06 00:00:00+00:00,-0.00035320648260567694
2022-03-07 00:00:00+00:00,-0.021508945885926764
2022-03-08 00:00:00+00:00,0.00042662859104235386
2022-03-09 00:00:00+00:00,0.00031422926255553413
2022-03-10 00:00:00+00:00,-6.506784603586549e-05
2022-03-11 00:00:00+00:00,-0.0005348177873544696
2022-03-12 00:00:00+00:00,0.0004820428819001889
2022-03-13 00:00:00+00:00,0.0006591630069250839
2022-03-14 00:00:00+00:00,-0.01764902914997758
2022-03-15 00:00:00+00:00,-0.003280795737547441
2022-03-16 00:00:00+00:00,0.0010610778366298072
2022-03-17 00:00:00+00:00,0.00028948690708877214
2022-03-18 00:00:00+00:00,-0.001825124829047394
2022-03-19 00:00:00+00:00,0.0030468871369787025
2022-03-20 00:00:00+00:00,-0.0010773346240565815
2022-03-21 00:00:00+00:00,0.001648627026293635
2022-03-22 00:00:00+00:00,-0.004446266266712416
2022-03-23 00:00:00+00:00,0.0013325062548991927
2022-03-24 00:00:00+00:00,0.005083904394501282
2022-03-25 00:00:00+00:00,6.786863247939414e-05
2022-03-26 00:00:00+00:00,-0.002267432492071817
2022-03-27 00:00:00+00:00,0.016987276030204855
2022-03-28 00:00:00+00:00,0.004083444151928373
2022-03-29 00:00:00+00:00,0.0018811935631570938
2022-03-30 00:00:00+00:00,-0.005018930228346392
2022-03-31 00:00:00+00:00,-0.005276532475269294
2022-04-01 00:00:00+00:00,-0.0014368356352674988
2022-04-02 00:00:00+00:00,-0.0028827512662410702
2022-04-03 00:00:00+00:00,-0.004383299890391266
2022-04-04 00:00:00+00:00,-0.002876187822976164
2022-04-05 00:00:00+00:00,-0.002944133465471989
2022-04-06 00:00:00+00:00,0.0010906132384486563
2022-04-07 00:00:00+00:00,-0.0036028956351907126
2022-04-08 00:00:00+00:00,0.0003845468395599569
2022-04-09 00:00:00+00:00,-0.00039503078981991926
2022-04-10 00:00:00+00:00,-0.0009999374211911263
2022-04-11 00:00:00+00:00,-0.000294084752867858
2022-04-12 00:00:00+00:00,5.3786201096172276e-05
2022-04-13 00:00:00+00:00,-0.0015669471952108513
2022-04-14 00:00:00+00:00,-0.0003850658665254827
2022-04-15 00:00:00+00:00,7.405566253746832e-05
2022-04-16 00:00:00+00:00,0.0007995036807041585
2022-04-17 00:00:00+00:00,-0.0004105641770188129
2022-04-18 00:00:00+00:00,-0.00045316841528981794
2022-04-19 00:00:00+00:00,0.0007717662427111618
2022-04-20 00:00:00+00:00,-0.0013576277761780697
2022-04-21 00:00:00+00:00,0.0006398006133679779
2022-04-22 00:00:00+00:00,0.0006181763861097798
2022-04-23 00:00:00+00:00,-0.00032130623333589725
2022-04-24 00:00:00+00:00,0.002162795678255344
2022-04-25 00:00:00+00:00,0.0005988299776459899
2022-04-26 00:00:00+00:00,-0.00061704580240146
2022-04-27 00:00:00+00:00,-0.00032583936723914867
2022-04-28 00:00:00+00:00,0.0026011695588480316
2022-04-29 00:00:00+00:00,0.003990813663677146
2022-04-30 00:00:00+00:00,-0.0008582195166961443
2022-05-01 00:00:00+00:00,0.0013043951092852708
2022-05-02 00:00:00+00:00,-0.00034104529738584994
2022-05-03 00:00:00+00:00,-0.0001032235147057046
2022-05-04 00:00:00+00:00,0.0010906215588659888
2022-05-05 00:00:00+00:00,-0.0004236382746566121
2022-05-06 00:00:00+00:00,-0.0001272655664619119
2022-05-07 00:00:00+00:00,-0.00017947928529108293
2022-05-08 00:00:00+00:00,-0.0014603169938882366
2022-05-09 00:00:00+00:00,-0.005850308257751353
2022-05-10 00:00:00+00:00,0.003635023693874492
2022-05-11 00:00:00+00:00,-0.004019051888333044
2022-05-12 00:00:00+00:00,-0.0027664151922538486
2022-05-13 00:00:00+00:00,-0.0012058176819114636
2022-05-14 00:00:00+00:00,0.0009482662804933843
2022-05-15 00:00:00+00:00,-0.00017947366778233576
2022-05-16 00:00:00+00:00,-0.000503803959690026
2022-05-17 00:00:00+00:00,0.0007725703829984869
2022-05-18 00:00:00+00:00,-0.0008978995990642915
2022-05-19 00:00:00+00:00,0.000543201500447446
2022-05-20 00:00:00+00:00,0.000492226428641304
2022-05-21 00:00:00+00:00,-0.00040242545580930104
2022-05-22 00:00:00+00:00,-0.0008050344266175853
2022-05-23 00:00:00+00:00,3.889598185480913e-05
2022-05-24 00:00:00+00:00,-0.00043114028589358354
2022-05-25 00:00:00+00:00,-0.0003253618018801933
2022-05-26 00:00:00+00:00,0.00020323664147809734
2022-05-27 00:00:00+00:00,-0.0005486024649041569
2022-05-28 00:00:00+00:00,-0.0009596270053441425
2022-05-29 00:00:00+00:00,0.0010016131017452068
2022-05-30 00:00:00+00:00,0.0022852734325708684
2022-05-31 00:00:00+00:00,-3.1481734851439484e-05
2022-06-01 00:00:00+00:00,0.00022000259814949837
2022-06-02 00:00:00+00:00,-5.216310528070575e-05
2022-06-03 00:00:00+00:00,-0.0009604977439868215
2022-06-04 00:00:00+00:00,-0.00033536375243106356
2022-06-05 00:00:00+00:00,6.527198521586076e-05
2022-06-06 00:00:00+00:00,-0.00034353885452888494
2022-06-07 00:00:00+00:00,-0.002390452738065079
2022-06-08 00:00:00+00:00,0.003619592703215133
2022-06-09 00:00:00+00:00,-0.0011290317811322738
2022-06-10 00:00:00+00:00,0.0037142371395617415
2022-06-11 00:00:00+00:00,0.00598482913740613
2022-06-12 00:00:00+00:00,-0.0027247922022964285
2022-06-13 00:00:00+00:00,-0.0036494188548703566
2022-06-14 00:00:00+00:00,-0.0013986857335026748
2022-06-15 00:00:00+00:00,2.561462337011233e-05
2022-06-16 00:00:00+00:00,1.2417568918496343e-05
2022-06-17 00:00:00+00:00,0.0007076131489117832
2022-06-18 00:00:00+00:00,-0.0017962978904523484
2022-06-19 00:00:00+00:00,0.0007710041990956394
2022-06-20 00:00:00+00:00,0.0013807201152798727
2022-06-21 00:00:00+00:00,-0.0007040935262063272
2022-06-22 00:00:00+00:00,0.0006109371155671261
2022-06-23 00:00:00+00:00,0.00024194627808019845
2022-06-24 00:00:00+00:00,-0.001274284009541853
2022-06-25 00:00:00+00:00,-0.0009844029602545806
2022-06-26 00:00:00+00:00,-0.00046872554349309555
2022-06-27 00:00:00+00:00,-0.0005108084803666951
2022-06-28 00:00:00+00:00,-0.0006365837453116888
2022-06-29 00:00:00+00:00,1.7995165688681704e-05
2022-06-30 00:00:00+00:00,-5.592393582931294e-05
2022-07-01 00:00:00+00:00,-0.0002359967812818752
2022-07-02 00:00:00+00:00,4.343277640227148e-05
2022-07-03 00:00:00+00:00,0.001089657908128521
2022-07-04 00:00:00+00:00,2.406638643993175e-05
2022-07-05 00:00:00+00:00,-0.00011029117832321403
2022-07-06 00:00:00+00:00,-0.00018900751734724386
2022-07-07 00:00:00+00:00,0.0007455589297944869
2022-07-08 00:00:00+00:00,-0.0007613798392756991
2022-07-09 00:00:00+00:00,-0.00033030053255728544
2022-07-10 00:00:00+00:00,-0.0013071812987770373
2022-07-11 00:00:00+00:00,0.00030190737913065067
2022-07-12 00:00:00+00:00,0.0009460320428933001
2022-07-13 00:00:00+00:00,0.0021618913138496134
2022-07-14 00:00:00+00:00,-0.00022379125337606198
2022-07-15 00:00:00+00:00,-5.351013111100433e-05
2022-07-16 00:00:00+00:00,-8.325605312812831e-05
2022-07-17 00:00:00+00:00,0.0009314570667318745
2022-07-18 00:00:00+00:00,-0.0014710350812882507
2022-07-19 00:00:00+00:00,0.0006328534442600568
2022-07-20 00:00:00+00:00,0.0016211827757745515
2022-07-21 00:00:00+00:00,-0.0010851818992835861
2022-07-22 00:00:00+00:00,-0.0010109756704696656
2022-07-23 00:00:00+00:00,0.0006006011005806922
2022-07-24 00:00:00+00:00,-0.000810520538840063
2022-07-25 00:00:00+00:00,0.00015897749106365554
2022-07-26 00:00:00+00:00,0.0037685368379882346
2022-07-27 00:00:00+00:00,0.0013752638466758577
2022-07-28 00:00:00+00:00,-0.0026670090244613315
2022-07-29 00:00:00+00:00,-0.0008474453247348772
2022-07-30 00:00:00+00:00,-0.00028902074631492525
2022-07-31 00:00:00+00:00,-0.0014540614952344582
2022-08-01 00:00:00+00:00,0.0012678736872676114
2022-08-02 00:00:00+00:00,0.0007922166010987653
2022-08-03 00:00:00+00:00,-0.000828204582509881
2022-08-04 00:00:00+00:00,0.0003075359574648346
2022-08-05 00:00:00+00:00,-0.0006576893782585696
2022-08-06 00:00:00+00:00,-0.00013023123024035686
2022-08-07 00:00:00+00:00,0.004367848867549227
2022-08-08 00:00:00+00:00,0.006866494554685381
2022-08-09 00:00:00+00:00,-7.609998323371002e-05
2022-08-10 00:00:00+00:00,0.0001372864031354596
2022-08-11 00:00:00+00:00,0.00040748326368333254
2022-08-12 00:00:00+00:00,-0.001380802724997147
2022-08-13 00:00:00+00:00,-0.002106524648828899
2022-08-14 00:00:00+00:00,-0.0038651135446661662
2022-08-15 00:00:00+00:00,-0.002045042850414622
2022-08-16 00:00:00+00:00,0.0006572927476642733
2022-08-17 00:00:00+00:00,0.0007849387923996281
2022-08-18 00:00:00+00:00,-0.0006773711354968493
2022-08-19 00:00:00+00:00,9.518591262636207e-05
2022-08-20 00:00:00+00:00,0.00018296917853042493
2022-08-21 00:00:00+00:00,0.0013724390707893811
2022-08-22 00:00:00+00:00,0.000547360893240181
2022-08-23 00:00:00+00:00,0.00031563106923906243
2022-08-24 00:00:00+00:00,6.55812658396508e-05
2022-08-25 00:00:00+00:00,-0.000645691242969549
2022-08-26 00:00:00+00:00,0.0045936408666426235
2022-08-27 00:00:00+00:00,0.0008717195734461439
2022-08-28 00:00:00+00:00,0.003689467613376668
2022-08-29 00:00:00+00:00,-0.0011040393050079796
2022-08-30 00:00:00+00:00,0.0010962345197798996
2022-08-31 00:00:00+00:00,0.001282668970132663
2022-09-01 00:00:00+00:00,-0.00018425949964193903
2022-09-02 00:00:00+00:00,-0.002017586744509216
2022-09-03 00:00:00+00:00,-0.0015562603857322758
2022-09-04 00:00:00+00:00,0.0019192323504836828
2022-09-05 00:00:00+00:00,-0.001812651601836218
2022-09-06 00:00:00+00:00,0.0024084091462185622
2022-09-07 00:00:00+00:00,-0.00033122567648344894
2022-09-08 00:00:00+00:00,-0.0006922619299262812
2022-09-09 00:00:00+00:00,0.0006381650705222979
2022-09-10 00:00:00+00:00,-0.000261774656987491
2022-09-11 00:00:00+00:00,-0.00026745580247119203
2022-09-12 00:00:00+00:00,-0.0009692058161315826
2022-09-13 00:00:00+00:00,0.002705517585382639
2022-09-14 00:00:00+00:00,0.00031167138834769235
2022-09-15 00:00:00+00:00,-0.0007554632218331294
2022-09-16 00:00:00+00:00,-0.0005890360849733651
2022-09-17 00:00:00+00:00,0.0014111460469543977
2022-09-18 00:00:00+00:00,0.0006367467801096452
2022-09-19 00:00:00+00:00,0.0008624832523653302
2022-09-20 00:00:00+00:00,-0.0005898487107589559
2022-09-21 00:00:00+00:00,0.0014416443934914167
2022-09-22 00:00:00+00:00,-0.0008371146978479554
2022-09-23 00:00:00+00:00,0.00015499980099979515
2022-09-24 00:00:00+00:00,0.0012322912210390464
2022-09-25 00:00:00+00:00,-0.0016778350485426097
2022-09-26 00:00:00+00:00,-0.0006779116431119321
2022-09-27 00:00:00+00:00,8.381038697528638e-05
2022-09-28 00:00:00+00:00,0.0009271081252470272
2022-09-29 00:00:00+00:00,-0.00013125235544046699
2022-09-30 00:00:00+00:00,6.9934505370190215e-06
2022-10-01 00:00:00+00:00,-1.7796241695441375e-05
2022-10-02 00:00:00+00:00,-0.0004891942148558111
2022-10-03 00:00:00+00:00,-0.0008130316707110312
2022-10-04 00:00:00+00:00,0.00011380667134149128
2022-10-05 00:00:00+00:00,-0.001569035386231968
2022-10-06 00:00:00+00:00,-0.00098479422026473
2022-10-07 00:00:00+00:00,0.005953558527100154
2022-10-08 00:00:00+00:00,0.0024568342114852496
2022-10-09 00:00:00+00:00,-0.0034168953195007306
2022-10-10 00:00:00+00:00,0.009667626014820064
2022-10-11 00:00:00+00:00,0.002548734261979931
2022-10-12 00:00:00+00:00,0.003218934468373332
2022-10-13 00:00:00+00:00,0.022609409293137553
2022-10-14 00:00:00+00:00,0.000756570787936891
2022-10-15 00:00:00+00:00,0.001116787976236423
2022-10-16 00:00:00+00:00,-0.005810564021519144
2022-10-17 00:00:00+00:00,0.00033225020542109677
2022-10-18 00:00:00+00:00,-0.006307911899203675
2022-10-19 00:00:00+00:00,-0.0012075167446983423
2022-10-20 00:00:00+00:00,-0.0013130427252671891
2022-10-21 00:00:00+00:00,0.00028048031416123023
2022-10-22 00:00:00+00:00,0.001979044468506671
2022-10-23 00:00:00+00:00,-0.004226713164404616
2022-10-24 00:00:00+00:00,-0.00022002723119531783
2022-10-25 00:00:00+00:00,0.014303736885599523
2022-10-26 00:00:00+00:00,-0.00334836184144932
2022-10-27 00:00:00+00:00,0.00043457722241732903
2022-10-28 00:00:00+00:00,-0.0016302444092686262
2022-10-29 00:00:00+00:00,-0.006324390061997013
2022-10-30 00:00:00+00:00,0.003472686273830288
2022-10-31 00:00:00+00:00,0.0015102997686812889
2022-11-01 00:00:00+00:00,0.0001535254874230506
2022-11-02 00:00:00+00:00,0.001896602469441731
2022-11-03 00:00:00+00:00,0.005266234585966295
2022-11-04 00:00:00+00:00,-0.0019053873643511481
2022-11-05 00:00:00+00:00,-0.003943004405040738
2022-11-06 00:00:00+00:00,0.001523942872054049
2022-11-07 00:00:00+00:00,-0.016260902069928453
2022-11-08 00:00:00+00:00,0.00041336142385788645
2022-11-09 00:00:00+00:00,0.005273617284521506
2022-11-10 00:00:00+00:00,0.0025453531428214957
2022-11-11 00:00:00+00:00,0.000349614156711156
2022-11-12 00:00:00+00:00,0.0003798691469703898
2022-11-13 00:00:00+00:00,0.0036425948027385946
2022-11-14 00:00:00+00:00,0.00040298879478285255
2022-11-15 00:00:00+00:00,0.004127126534139436
2022-11-16 00:00:00+00:00,0.003295088630248314
2022-11-17 00:00:00+00:00,0.00016047323310144104
2022-11-18 00:00:00+00:00,-0.0009188913434986571
2022-11-19 00:00:00+00:00,0.00499483236570459
2022-11-20 00:00:00+00:00,0.020274222532784977
2022-11-21 00:00:00+00:00,0.011294590067728608
2022-11-22 00:00:00+00:00,0.004977436708451969
2022-11-23 00:00:00+00:00,0.0022733988075397797
2022-11-24 00:00:00+00:00,-0.006832965349225956
2022-11-25 00:00:00+00:00,0.002895271169404494
2022-11-26 00:00:00+00:00,-0.009855234370092726
2022-11-27 00:00:00+00:00,-0.008647689610244471
2022-11-28 00:00:00+00:00,-0.0006638492959423692
2022-11-29 00:00:00+00:00,-1.4012977453193657e-05
2022-11-30 00:00:00+00:00,-0.0013348353795720354
2022-12-01 00:00:00+00:00,-0.0034761465721026706
2022-12-02 00:00:00+00:00,-0.006763232541231685
2022-12-03 00:00:00+00:00,-0.004552618859191857
2022-12-04 00:00:00+00:00,-0.007674391243139653
2022-12-05 00:00:00+00:00,-0.017843024802854372
2022-12-06 00:00:00+00:00,0.005803186175452381
2022-12-07 00:00:00+00:00,0.010507836396352275
2022-12-08 00:00:00+00:00,0.0011436449798653946
2022-12-09 00:00:00+00:00,-0.0001370083881724943
2022-12-10 00:00:00+00:00,0.003214307265267015
2022-12-11 00:00:00+00:00,0.0021914223128269446
2022-12-12 00:00:00+00:00,0.01010749920552049
2022-12-13 00:00:00+00:00,-0.00398619536393227
2022-12-14 00:00:00+00:00,-0.011579873900066855
2022-12-15 00:00:00+00:00,0.012163465101082476
2022-12-16 00:00:00+00:00,0.039223333357501576
2022-12-17 00:00:00+00:00,0.0009372236307078936
2022-12-18 00:00:00+00:00,0.015487139982461798
2022-12-19 00:00:00+00:00,-0.0012694656667535152
2022-12-20 00:00:00+00:00,0.011272522403002326
2022-12-21 00:00:00+00:00,0.0002920090211118947
2022-12-22 00:00:00+00:00,-6.949738418009556e-05
2022-12-23 00:00:00+00:00,0.0017205327792024644
2022-12-24 00:00:00+00:00,0.004489111437856361
2022-12-25 00:00:00+00:00,-0.004076067136370224
2022-12-26 00:00:00+00:00,0.0027994057308163484
2022-12-27 00:00:00+00:00,0.012172852834987119
2022-12-28 00:00:00+00:00,0.005587486905171848
2022-12-29 00:00:00+00:00,0.008620495510950649
2022-12-30 00:00:00+00:00,-0.0019981795416184533
2022-12-31 00:00:00+00:00,-0.0013637731197037603
2023-01-01 00:00:00+00:00,0.0014752527702081594
2023-01-02 00:00:00+00:00,0.007133892867433011
2023-01-03 00:00:00+00:00,-0.012902452532013114
2023-01-04 00:00:00+00:00,0.003923935127126541
2023-01-05 00:00:00+00:00,-0.017458028276892544
2023-01-06 00:00:00+00:00,-0.004518654286864051
2023-01-07 00:00:00+00:00,0.003588307646691444
2023-01-08 00:00:00+00:00,0.005922142929667554
2023-01-09 00:00:00+00:00,0.009547942847844621
2023-01-10 00:00:00+00:00,-0.004604943668576815
2023-01-11 00:00:00+00:00,0.001276104650933462
2023-01-12 00:00:00+00:00,0.01112105101453395
2023-01-13 00:00:00+00:00,0.027936506795854417
2023-01-14 00:00:00+00:00,0.012308529090981356
2023-01-15 00:00:00+00:00,-0.004587231481361015
2023-01-16 00:00:00+00:00,0.0006250408861815514
2023-01-17 00:00:00+00:00,-0.022743330191436054
2023-01-18 00:00:00+00:00,-0.0017479474485869186
2023-01-19 00:00:00+00:00,0.02908035754653275
2023-01-20 00:00:00+00:00,0.006455695919440978
2023-01-21 00:00:00+00:00,0.001408752776201254
2023-01-22 00:00:00+00:00,0.006081431095927495
2023-01-23 00:00:00+00:00,-0.01309680672089177
2023-01-24 00:00:00+00:00,0.018459617807078867
2023-01-25 00:00:00+00:00,-0.01336900045623995
2023-01-26 00:00:00+00:00,0.0005107173674658387
2023-01-27 00:00:00+00:00,0.0012372348413483723
2023-01-28 00:00:00+00:00,0.0009069044119976637
2023-01-29 00:00:00+00:00,-0.01590679454067395
2023-01-30 00:00:00+00:00,-0.008987177344543988
2023-01-31 00:00:00+00:00,0.0031010341527795034
2023-02-01 00:00:00+00:00,-0.012067590124315707
2023-02-02 00:00:00+00:00,-0.003650064533418473
2023-02-03 00:00:00+00:00,-0.009805179071420528
2023-02-04 00:00:00+00:00,-0.010856459755904843
2023-02-05 00:00:00+00:00,0.0074533418072188825
2023-02-06 00:00:00+00:00,-0.0025482868894435642
2023-02-07 00:00:00+00:00,-0.005925299621562878
2023-02-08 00:00:00+00:00,-0.009243179085099886
2023-02-09 00:00:00+00:00,0.016997942264820466
2023-02-10 00:00:00+00:00,-0.0034782735753068413
2023-02-11 00:00:00+00:00,-0.006485924464688528
2023-02-12 00:00:00+00:00,-0.001108637000058495
2023-02-13 00:00:00+00:00,0.0150904249017787
2023-02-14 00:00:00+00:00,0.01258230544891324
2023-02-15 00:00:00+00:00,0.0048138140875593465
2023-02-16 00:00:00+00:00,-0.0246564798431487
2023-02-17 00:00:00+00:00,-0.003567310193393022
2023-02-18 00:00:00+00:00,-0.019495653558135446
2023-02-19 00:00:00+00:00,-0.005578428288152744
2023-02-20 00:00:00+00:00,-0.0020299535624594763
2023-02-21 00:00:00+00:00,0.0038937437855428862
2023-02-22 00:00:00+00:00,0.0002834685957461762
2023-02-23 00:00:00+00:00,0.0001790976989177242
2023-02-24 00:00:00+00:00,0.0028927389130681607
2023-02-25 00:00:00+00:00,0.006857815976061316
2023-02-26 00:00:00+00:00,0.00046414084477555234
2023-02-27 00:00:00+00:00,0.0028360857370451787
2023-02-28 00:00:00+00:00,-0.008181093264301182
2023-03-01 00:00:00+00:00,0.0064610533215870795
2023-03-02 00:00:00+00:00,-0.005202117988495032
2023-03-03 00:00:00+00:00,0.04390389108152342
2023-03-04 00:00:00+00:00,0.002212924803648931
2023-03-05 00:00:00+00:00,-0.01338087958618587
2023-03-06 00:00:00+00:00,-0.011955412554213786
2023-03-07 00:00:00+00:00,0.02257922383834965
2023-03-08 00:00:00+00:00,0.0024335451279359657
2023-03-09 00:00:00+00:00,0.016388412585753447
2023-03-10 00:00:00+00:00,0.011143971250141731
2023-03-11 00:00:00+00:00,-0.020622161643566853
2023-03-12 00:00:00+00:00,0.0070638853996907985
2023-03-13 00:00:00+00:00,0.003415475730728577
2023-03-14 00:00:00+00:00,0.0071876706406305575
2023-03-15 00:00:00+00:00,-0.001143910653579402
2023-03-16 00:00:00+00:00,0.0036104248654128227
2023-03-17 00:00:00+00:00,0.010434886375442898
2023-03-18 00:00:00+00:00,0.009098948551147507
2023-03-19 00:00:00+00:00,0.003630569573373305
2023-03-20 00:00:00+00:00,-0.0036818070625429912
2023-03-21 00:00:00+00:00,-0.012188078221591033
2023-03-22 00:00:00+00:00,0.01756119096185771
2023-03-23 00:00:00+00:00,0.005723159673356638
2023-03-24 00:00:00+00:00,-0.004294075051663382
2023-03-25 00:00:00+00:00,0.012040854477243044
2023-03-26 00:00:00+00:00,-0.008530954349844218
2023-03-27 00:00:00+00:00,-0.012450417676628658
2023-03-28 00:00:00+00:00,-0.008071668163724911
2023-03-29 00:00:00+00:00,0.01346589180695172
2023-03-30 00:00:00+00:00,-0.015499960124470474
2023-03-31 00:00:00+00:00,-0.0016285315888581295
2023-04-01 00:00:00+00:00,-0.0007709462129662965
2023-04-02 00:00:00+00:00,0.021797390939656085
2023-04-03 00:00:00+00:00,-0.03260859578416994
2023-04-04 00:00:00+00:00,-0.012428166295436962
2023-04-05 00:00:00+00:00,0.006289750248286114
2023-04-06 00:00:00+00:00,0.0022954680635930026
2023-04-07 00:00:00+00:00,0.0023498738214829964
2023-04-08 00:00:00+00:00,-0.004106994230500419
2023-04-09 00:00:00+00:00,0.001929951869159312
2023-04-10 00:00:00+00:00,-0.0033768742977023057
2023-04-11 00:00:00+00:00,0.0004959221028290122
2023-04-12 00:00:00+00:00,-0.029934937260763787
2023-04-13 00:00:00+00:00,-0.012728777693831505
2023-04-14 00:00:00+00:00,-0.0014015500482580509
2023-04-15 00:00:00+00:00,0.00749905661198222
2023-04-16 00:00:00+00:00,-0.008195376650815475
2023-04-17 00:00:00+00:00,-0.009616968245884941
2023-04-18 00:00:00+00:00,0.008700083423613636
2023-04-19 00:00:00+00:00,0.004390029318895574
2023-04-20 00:00:00+00:00,0.014378259987047913
2023-04-21 00:00:00+00:00,0.04362101453596052
2023-04-22 00:00:00+00:00,-0.019473901677604766
2023-04-23 00:00:00+00:00,0.004655341314448265
2023-04-24 00:00:00+00:00,0.019618419848183508
2023-04-25 00:00:00+00:00,0.01844114092934122
2023-04-26 00:00:00+00:00,0.003445983203749789
2023-04-27 00:00:00+00:00,-0.004189583420727398
2023-04-28 00:00:00+00:00,-0.00910055074504202
2023-04-29 00:00:00+00:00,0.01865651990158724
2023-04-30 00:00:00+00:00,0.0014783360253957276
2023-05-01 00:00:00+00:00,0.002298289485222221
2023-05-02 00:00:00+00:00,-0.00794298773385378
2023-05-03 00:00:00+00:00,-0.009827988859539094
2023-05-04 00:00:00+00:00,0.017024537139973053
2023-05-05 00:00:00+00:00,0.01733074258802514
2023-05-06 00:00:00+00:00,0.056926740566679374
2023-05-07 00:00:00+00:00,0.041396652376499726
2023-05-08 00:00:00+00:00,0.13939106370959753
2023-05-09 00:00:00+00:00,-0.024862580980110134
2023-05-10 00:00:00+00:00,-0.004657644737005989
2023-05-11 00:00:00+00:00,-0.010333387389126139
2023-05-12 00:00:00+00:00,0.011594315063178954
2023-05-13 00:00:00+00:00,-0.008397369571344519
2023-05-14 00:00:00+00:00,0.004261809772226138
2023-05-15 00:00:00+00:00,-0.005785238088944259
2023-05-16 00:00:00+00:00,0.005587888489412692
2023-05-17 00:00:00+00:00,0.009224438151066227
2023-05-18 00:00:00+00:00,-0.00487655818725051
2023-05-19 00:00:00+00:00,0.009034905823857598
2023-05-20 00:00:00+00:00,0.024661815050527953
2023-05-21 00:00:00+00:00,0.010170978818577463
2023-05-22 00:00:00+00:00,0.004541410550063619
2023-05-23 00:00:00+00:00,-0.016046888408907393
2023-05-24 00:00:00+00:00,0.013149631172978106
2023-05-25 00:00:00+00:00,-0.016856973007904685
2023-05-26 00:00:00+00:00,-0.016064353812868318
2023-05-27 00:00:00+00:00,0.014785304558295626
2023-05-28 00:00:00+00:00,0.007184349971273931
2023-05-29 00:00:00+00:00,0.04814880905919136
2023-05-30 00:00:00+00:00,-0.009161642081401274
2023-05-31 00:00:00+00:00,-0.009971210241231659
2023-06-01 00:00:00+00:00,0.029589718148500477
2023-06-02 00:00:00+00:00,-0.02561830046770948
2023-06-03 00:00:00+00:00,-0.008220055847244502
2023-06-04 00:00:00+00:00,-0.003735427778918348
2023-06-05 00:00:00+00:00,0.08131257483456707
2023-06-06 00:00:00+00:00,-0.013358568718776453
2023-06-07 00:00:00+00:00,-1.5636634486729968e-05
2023-06-08 00:00:00+00:00,-0.013993159635729337
2023-06-09 00:00:00+00:00,0.026265466260915946
2023-06-10 00:00:00+00:00,0.25819450428637586
2023-06-11 00:00:00+00:00,-0.015040283778374198
2023-06-12 00:00:00+00:00,-0.004959354211329259
2023-06-13 00:00:00+00:00,0.008065882746189442
2023-06-14 00:00:00+00:00,-0.008700680249244643
2023-06-15 00:00:00+00:00,-0.012910839407203003
2023-06-16 00:00:00+00:00,-0.0037712735551411773
2023-06-17 00:00:00+00:00,-0.011371666987199835
2023-06-18 00:00:00+00:00,0.007745312612928948
2023-06-19 00:00:00+00:00,-0.016100457387608375
2023-06-20 00:00:00+00:00,-0.011525891341933034
2023-06-21 00:00:00+00:00,-0.005477118564297716
2023-06-22 00:00:00+00:00,-0.011594751785508057
2023-06-23 00:00:00+00:00,0.0026295123493921685
2023-06-24 00:00:00+00:00,0.006522217468464149
2023-06-25 00:00:00+00:00,0.011573700656567558
2023-06-26 00:00:00+00:00,-0.004002677989172801
2023-06-27 00:00:00+00:00,0.025522325150693633
2023-06-28 00:00:00+00:00,-0.010656988317280854
2023-06-29 00:00:00+00:00,-0.0036698723308549977
2023-06-30 00:00:00+00:00,-0.0128631338390673
2023-07-01 00:00:00+00:00,-0.013164969968222409
2023-07-02 00:00:00+00:00,-0.012456292747294782
2023-07-03 00:00:00+00:00,-0.0008595381279518358
2023-07-04 00:00:00+00:00,0.0067905576069089675
2023-07-05 00:00:00+00:00,0.0031358990138675865
2023-07-06 00:00:00+00:00,0.00010040473021277068
2023-07-07 00:00:00+00:00,-0.0018347845003273426
2023-07-08 00:00:00+00:00,-0.0031806146472661526
2023-07-09 00:00:00+00:00,0.0024938493330159844
2023-07-10 00:00:00+00:00,-0.007131318325231779
2023-07-11 00:00:00+00:00,-0.005751361981600783
2023-07-12 00:00:00+00:00,0.006171798057198408
2023-07-13 00:00:00+00:00,0.01788052676910482
2023-07-14 00:00:00+00:00,-0.0015304362284671302
2023-07-15 00:00:00+00:00,0.005755342971389376
2023-07-16 00:00:00+00:00,-0.022144172391124692
2023-07-17 00:00:00+00:00,-0.0007876670713348635
2023-07-18 00:00:00+00:00,0.009847636520005924
2023-07-19 00:00:00+00:00,0.005809562118456914
2023-07-20 00:00:00+00:00,-0.026683784831755077
2023-07-21 00:00:00+00:00,0.01105228468491113
2023-07-22 00:00:00+00:00,-0.0012644644687222909
2023-07-23 00:00:00+00:00,0.004366566209690031
2023-07-24 00:00:00+00:00,-0.011734538169518506
2023-07-25 00:00:00+00:00,0.001037757252516952
2023-07-26 00:00:00+00:00,-0.0056936846261199546
2023-07-27 00:00:00+00:00,-0.0002457622466149371
2023-07-28 00:00:00+00:00,-0.0023843532359744653
2023-07-29 00:00:00+00:00,-0.0012211389410865575
2023-07-30 00:00:00+00:00,0.00720462366518959
2023-07-31 00:00:00+00:00,-0.004862826068641173
2023-08-01 00:00:00+00:00,-0.011406371818617174
2023-08-02 00:00:00+00:00,0.004747005847855609
2023-08-03 00:00:00+00:00,0.0006442594342047939
2023-08-04 00:00:00+00:00,0.004820863082008682
2023-08-05 00:00:00+00:00,-0.007060685972780588
2023-08-06 00:00:00+00:00,0.014183223725577494
2023-08-07 00:00:00+00:00,-0.0027853235440838437
2023-08-08 00:00:00+00:00,-0.011687537785150108
2023-08-09 00:00:00+00:00,-0.0033570184052563496
2023-08-10 00:00:00+00:00,0.0001164219255095838
2023-08-11 00:00:00+00:00,0.0043886925714787806
2023-08-12 00:00:00+00:00,-0.0023278614601662025
2023-08-13 00:00:00+00:00,-0.00056287285227399
2023-08-14 00:00:00+00:00,0.006042830388055365
2023-08-15 00:00:00+00:00,0.031057621511775053
2023-08-16 00:00:00+00:00,-0.008298750004694344
2023-08-17 00:00:00+00:00,0.07339193545581231
2023-08-18 00:00:00+00:00,-0.008019975619317854
2023-08-19 00:00:00+00:00,-0.00336925295838278
2023-08-20 00:00:00+00:00,-0.002901241173795845
2023-08-21 00:00:00+00:00,0.0027063643038830365
2023-08-22 00:00:00+00:00,0.0020098396014186486
2023-08-23 00:00:00+00:00,-0.0031476819160963913
2023-08-24 00:00:00+00:00,-0.011665460693741424
2023-08-25 00:00:00+00:00,0.001042426410900987
2023-08-26 00:00:00+00:00,-0.002633888937151747
2023-08-27 00:00:00+00:00,-0.017647957890644952
2023-08-28 00:00:00+00:00,0.006229607505608224
2023-08-29 00:00:00+00:00,-0.002830610675611846
2023-08-30 00:00:00+00:00,0.024933729716841112
2023-08-31 00:00:00+00:00,-0.006430017774334542
2023-09-01 00:00:00+00:00,-0.010089061567906855
2023-09-02 00:00:00+00:00,0.024913346369850736
2023-09-03 00:00:00+00:00,0.01492974532058454
2023-09-04 00:00:00+00:00,-0.012561143971390132
2023-09-05 00:00:00+00:00,0.019247524124645834
2023-09-06 00:00:00+00:00,-0.004061524725544716
2023-09-07 00:00:00+00:00,-0.008289706186622814
2023-09-08 00:00:00+00:00,0.0007345756452382038
2023-09-09 00:00:00+00:00,0.035257983177996
2023-09-10 00:00:00+00:00,0.04407136514154975
2023-09-11 00:00:00+00:00,0.06360489394755209
2023-09-12 00:00:00+00:00,-0.004008936564282746
2023-09-13 00:00:00+00:00,-1.3882651819064835e-05
2023-09-14 00:00:00+00:00,0.0028917393177406306
2023-09-15 00:00:00+00:00,-0.017256074785798055
2023-09-16 00:00:00+00:00,0.012620491859163939
2023-09-17 00:00:00+00:00,0.01671897047363037
2023-09-18 00:00:00+00:00,0.011327880751021755
2023-09-19 00:00:00+00:00,-0.011080792626017799
2023-09-20 00:00:00+00:00,-0.01219595664669229
2023-09-21 00:00:00+00:00,-0.009642124354642624
2023-09-22 00:00:00+00:00,0.003282221920055478
2023-09-23 00:00:00+00:00,-0.005055098589944375
2023-09-24 00:00:00+00:00,0.01167865550063468
2023-09-25 00:00:00+00:00,0.000812238119030262
2023-09-26 00:00:00+00:00,0.021405818614131107
2023-09-27 00:00:00+00:00,-0.021385272578067372
2023-09-28 00:00:00+00:00,-0.01014058494245596
2023-09-29 00:00:00+00:00,-0.01226041051680232
2023-09-30 00:00:00+00:00,-0.008838912962826677
2023-10-01 00:00:00+00:00,-0.0026476950136178415
2023-10-02 00:00:00+00:00,-0.014646102429972429
2023-10-03 00:00:00+00:00,0.007001847732685535
2023-10-04 00:00:00+00:00,-0.0011886996672344178
2023-10-05 00:00:00+00:00,-0.007769768684394138
2023-10-06 00:00:00+00:00,-0.0016688172644031627
2023-10-07 00:00:00+00:00,0.006640637103615036
2023-10-08 00:00:00+00:00,0.013344208561480168
2023-10-09 00:00:00+00:00,-0.0066638688760338625
2023-10-10 00:00:00+00:00,0.008797601063840454
2023-10-11 00:00:00+00:00,-0.017177056326298804
2023-10-12 00:00:00+00:00,0.006549197556652875
2023-10-13 00:00:00+00:00,-0.0005944874979828112
2023-10-14 00:00:00+00:00,0.0010295000532393808
2023-10-15 00:00:00+00:00,0.009239828199044443
2023-10-16 00:00:00+00:00,0.008750129337039279
2023-10-17 00:00:00+00:00,0.014204854824677825
2023-10-18 00:00:00+00:00,0.021445639058324528
2023-10-19 00:00:00+00:00,0.0007818657243552442
2023-10-20 00:00:00+00:00,0.014628253672704957
2023-10-21 00:00:00+00:00,0.010747632693836912
2023-10-22 00:00:00+00:00,0.08210934003873147
2023-10-23 00:00:00+00:00,-0.07242812124987637
2023-10-24 00:00:00+00:00,0.03197608803217079
2023-10-25 00:00:00+00:00,-0.012756666886076358
2023-10-26 00:00:00+00:00,0.015193681749114445
2023-10-27 00:00:00+00:00,-0.015411783395995369
2023-10-28 00:00:00+00:00,0.00946634929763405
2023-10-29 00:00:00+00:00,0.006975194399253809
2023-10-30 00:00:00+00:00,0.034704227383795645
2023-10-31 00:00:00+00:00,-0.009048251591108203
2023-11-01 00:00:00+00:00,-0.021129761369121005
2023-11-02 00:00:00+00:00,0.006245812374807176
2023-11-03 00:00:00+00:00,-0.003025673240100388
2023-11-04 00:00:00+00:00,0.0022770133928052103
2023-11-05 00:00:00+00:00,0.036909982169991515
2023-11-06 00:00:00+00:00,0.004587777709463028
2023-11-07 00:00:00+00:00,-0.033575329339551416
2023-11-08 00:00:00+00:00,0.0019961099917670372
2023-11-09 00:00:00+00:00,0.03563685148448658
2023-11-10 00:00:00+00:00,-0.010963360634747434
2023-11-11 00:00:00+00:00,0.011892531725862108
2023-11-12 00:00:00+00:00,-0.08155223449525013
2023-11-13 00:00:00+00:00,0.010392426276813839
2023-11-14 00:00:00+00:00,0.03427135010259336
2023-11-15 00:00:00+00:00,-0.004123225483594086
2023-11-16 00:00:00+00:00,0.006360815605705937
2023-11-17 00:00:00+00:00,-0.007325798255901799
2023-11-18 00:00:00+00:00,0.00830608347753653
2023-11-19 00:00:00+00:00,-0.023539586323000777
2023-11-20 00:00:00+00:00,-0.004195123675288838
2023-11-21 00:00:00+00:00,0.0064938422007139954
2023-11-22 00:00:00+00:00,-0.012929368155695424
2023-11-23 00:00:00+00:00,0.003561672325312807
2023-11-24 00:00:00+00:00,0.004478087147449279
2023-11-25 00:00:00+00:00,0.014022164019963295
2023-11-26 00:00:00+00:00,-0.007564395473806161
2023-11-27 00:00:00+00:00,0.0025191203770822124
2023-11-28 00:00:00+00:00,-0.0020356776030745287
2023-11-29 00:00:00+00:00,0.011263033786168292
2023-11-30 00:00:00+00:00,0.010234037729234934
2023-12-01 00:00:00+00:00,0.009285175603581127
2023-12-02 00:00:00+00:00,0.011405271264883178
2023-12-03 00:00:00+00:00,-0.02073862977635126
2023-12-04 00:00:00+00:00,0.026686370798046838
2023-12-05 00:00:00+00:00,0.00028828266104248643
2023-12-06 00:00:00+00:00,-0.025375540164182607
2023-12-07 00:00:00+00:00,-0.008472025307826238
2023-12-08 00:00:00+00:00,0.0018660036046842274
2023-12-09 00:00:00+00:00,0.014825186040824475
2023-12-10 00:00:00+00:00,-0.003197506015831108
2023-12-11 00:00:00+00:00,-0.03516711767390059
2023-12-12 00:00:00+00:00,0.010934747862211349
2023-12-13 00:00:00+00:00,0.00021955778622299304
2023-12-14 00:00:00+00:00,-0.005381129924979838
2023-12-15 00:00:00+00:00,-0.018758789971652434
2023-12-16 00:00:00+00:00,-0.007162689912381008
2023-12-17 00:00:00+00:00,0.023900616558959364
2023-12-18 00:00:00+00:00,-0.01435993424757981
2023-12-19 00:00:00+00:00,0.04754779171799835
2023-12-20 00:00:00+00:00,0.004172793264217405
2023-12-21 00:00:00+00:00,-0.05794596101181348
2023-12-22 00:00:00+00:00,0.026033641618426355
2023-12-23 00:00:00+00:00,0.008178547627072378
2023-12-24 00:00:00+00:00,-0.002792967527217024
2023-12-25 00:00:00+00:00,-0.01817326197965641
2023-12-26 00:00:00+00:00,-0.011117462726725712
2023-12-27 00:00:00+00:00,-0.005557815638614172
2023-12-28 00:00:00+00:00,0.005321747218105681
2023-12-29 00:00:00+00:00,0.00900791693118379
2023-12-30 00:00:00+00:00,-0.0245188309024903
2023-12-31 00:00:00+00:00,0.002493008619239846
2024-01-01 00:00:00+00:00,-0.005313828178086461
2024-01-02 00:00:00+00:00,0.002612371754742815
2024-01-03 00:00:00+00:00,-0.0013720211179625971
2024-01-04 00:00:00+00:00,0.008241443515878825
2024-01-05 00:00:00+00:00,-0.019569769063742685
2024-01-06 00:00:00+00:00,0.013360768379287156
2024-01-07 00:00:00+00:00,0.01535375342972262
2024-01-08 00:00:00+00:00,0.0016288096074332612
2024-01-09 00:00:00+00:00,-0.0070004697738339245
2024-01-10 00:00:00+00:00,-0.0015003076468711077
2024-01-11 00:00:00+00:00,0.0005373977533111663
2024-01-12 00:00:00+00:00,0.0074844643404997566
2024-01-13 00:00:00+00:00,-0.009504689304414398
2024-01-14 00:00:00+00:00,0.008876110718050039
2024-01-15 00:00:00+00:00,-0.022459232456919928
2024-01-16 00:00:00+00:00,-0.01296060619394408
2024-01-17 00:00:00+00:00,0.015159925360402827
2024-01-18 00:00:00+00:00,0.009806950204145817
2024-01-19 00:00:00+00:00,-0.007449073957761974
2024-01-20 00:00:00+00:00,0.002938552789379463
2024-01-21 00:00:00+00:00,0.011535383625468184
2024-01-22 00:00:00+00:00,0.001360679359963136
2024-01-23 00:00:00+00:00,-0.009372937289465899
2024-01-24 00:00:00+00:00,-0.001050556001007367
2024-01-25 00:00:00+00:00,-0.0031290491335770093
2024-01-26 00:00:00+00:00,-0.004841919862379729
2024-01-27 00:00:00+00:00,-0.0036137370333591693
2024-01-28 00:00:00+00:00,0.005878424207637297
2024-01-29 00:00:00+00:00,0.008821688035274113
2024-01-30 00:00:00+00:00,-0.0005475138870335235
2024-01-31 00:00:00+00:00,0.01614371232937766
2024-02-01 00:00:00+00:00,0.002689111935213639
2024-02-02 00:00:00+00:00,-0.00010660632749312233
2024-02-03 00:00:00+00:00,0.013005039030867607
2024-02-04 00:00:00+00:00,-0.00250058036967897
2024-02-05 00:00:00+00:00,-0.015391564679178583
2024-02-06 00:00:00+00:00,0.004243253484111811
2024-02-07 00:00:00+00:00,0.00831120630017696
2024-02-08 00:00:00+00:00,0.02392202142058632
2024-02-09 00:00:00+00:00,0.00379371239463902
2024-02-10 00:00:00+00:00,0.017702383582112822
2024-02-11 00:00:00+00:00,-0.0010950972313301956
2024-02-12 00:00:00+00:00,0.0053424963174627995
2024-02-13 00:00:00+00:00,0.014146518113755963
2024-02-14 00:00:00+00:00,-0.02660894156444032
2024-02-15 00:00:00+00:00,-0.0067642981509500955
2024-02-16 00:00:00+00:00,-0.013093742529139077
2024-02-17 00:00:00+00:00,-0.006830885999922966
2024-02-18 00:00:00+00:00,-0.009698303023535264
2024-02-19 00:00:00+00:00,0.010855360275565754
2024-02-20 00:00:00+00:00,0.02957724533592373
2024-02-21 00:00:00+00:00,0.013575363249458195
2024-02-22 00:00:00+00:00,-0.011661942603465557
2024-02-23 00:00:00+00:00,-0.008481407390809702
2024-02-24 00:00:00+00:00,0.0015690017605075371
2024-02-25 00:00:00+00:00,0.00442152417748629
2024-02-26 00:00:00+00:00,-0.032305193839391
2024-02-27 00:00:00+00:00,0.006650452786726042
2024-02-28 00:00:00+00:00,-0.011372855016392715
2024-02-29 00:00:00+00:00,-0.002113971874402032
2024-03-01 00:00:00+00:00,0.006916671208653736
2024-03-02 00:00:00+00:00,0.029297100329502206
2024-03-03 00:00:00+00:00,0.03584370583974654
2024-03-04 00:00:00+00:00,-0.05716983633008416
2024-03-05 00:00:00+00:00,0.04769366363676009
2024-03-06 00:00:00+00:00,0.012501517894756758
2024-03-07 00:00:00+00:00,0.016954781034696397
2024-03-08 00:00:00+00:00,0.029357078556422774
2024-03-09 00:00:00+00:00,0.013196821625582361
2024-03-10 00:00:00+00:00,-0.01668248254050611
2024-03-11 00:00:00+00:00,-0.01982984920367514
2024-03-12 00:00:00+00:00,0.005617019188685667
2024-03-13 00:00:00+00:00,-0.00048311246966008687
2024-03-14 00:00:00+00:00,0.0009418611632008921
2024-03-15 00:00:00+00:00,0.001144743428411096
2024-03-16 00:00:00+00:00,0.004626327443349422
2024-03-17 00:00:00+00:00,0.022725398257731903
2024-03-18 00:00:00+00:00,-0.022764996793349375
2024-03-19 00:00:00+00:00,0.005666463542172545
2024-03-20 00:00:00+00:00,-0.00668593958495904
2024-03-21 00:00:00+00:00,-0.005817725455618211
2024-03-22 00:00:00+00:00,-0.0006485762436416565
2024-03-23 00:00:00+00:00,-0.004313624484980352
2024-03-24 00:00:00+00:00,0.007465398994162622
2024-03-25 00:00:00+00:00,0.013964907978337339
2024-03-26 00:00:00+00:00,0.013651609212433758
2024-03-27 00:00:00+00:00,0.0006803253829052034
2024-03-28 00:00:00+00:00,0.0010829120642695293
2024-03-29 00:00:00+00:00,-0.002594145701332386
2024-03-30 00:00:00+00:00,0.009363428719383829
2024-03-31 00:00:00+00:00,0.004307453884237414
2024-04-01 00:00:00+00:00,0.007236541203034562
2024-04-02 00:00:00+00:00,-0.0020310316958203605
2024-04-03 00:00:00+00:00,-0.0011684589459672733
2024-04-04 00:00:00+00:00,-0.007241502557348342
2024-04-05 00:00:00+00:00,-0.008130272058670167
2024-04-06 00:00:00+00:00,-0.008451391476455437
2024-04-07 00:00:00+00:00,0.001908456707238616
2024-04-08 00:00:00+00:00,0.00880062811212718
2024-04-09 00:00:00+00:00,0.023244164099206228
2024-04-10 00:00:00+00:00,0.012456852879099837
2024-04-11 00:00:00+00:00,0.0312904997991121
2024-04-12 00:00:00+00:00,0.019367360066920237
2024-04-13 00:00:00+00:00,-0.028118916853274348
2024-04-14 00:00:00+00:00,0.00392307892475388
2024-04-15 00:00:00+00:00,-0.0038345569875135634
2024-04-16 00:00:00+00:00,-0.0004077777861491721
2024-04-17 00:00:00+00:00,-0.0005204896279974502
2024-04-18 00:00:00+00:00,-5.855268033773625e-05
2024-04-19 00:00:00+00:00,-0.021937466843303194
2024-04-20 00:00:00+00:00,0.00612107283521201
2024-04-21 00:00:00+00:00,0.004289490476916244
2024-04-22 00:00:00+00:00,0.0032096951069502167
2024-04-23 00:00:00+00:00,0.0031626528431694966
2024-04-24 00:00:00+00:00,0.004746600046477701
2024-04-25 00:00:00+00:00,0.0017591189084946199
2024-04-26 00:00:00+00:00,-0.0024753643422654706
2024-04-27 00:00:00+00:00,0.00677712607860623
2024-04-28 00:00:00+00:00,0.0016304165501471548
2024-04-29 00:00:00+00:00,0.005026167229381277
2024-04-30 00:00:00+00:00,-0.005885622050146214
2024-05-01 00:00:00+00:00,0.0013306488020215946
2024-05-02 00:00:00+00:00,-0.006832527467908097
2024-05-03 00:00:00+00:00,-0.0014729322173519287
2024-05-04 00:00:00+00:00,0.006573418666019804
2024-05-05 00:00:00+00:00,-0.00314297571382476
2024-05-06 00:00:00+00:00,0.004557360149159796
2024-05-07 00:00:00+00:00,0.006713851067986238
2024-05-08 00:00:00+00:00,0.00259903416771622
2024-05-09 00:00:00+00:00,0.0033706108369625115
2024-05-10 00:00:00+00:00,-0.0010690541271531255
2024-05-11 00:00:00+00:00,0.004719550652900612
2024-05-12 00:00:00+00:00,-0.000995525986989399
2024-05-13 00:00:00+00:00,-0.009493209362674546
2024-05-14 00:00:00+00:00,0.01135923452724346
2024-05-15 00:00:00+00:00,0.0066279302531275334
2024-05-16 00:00:00+00:00,-0.003686474949919453
2024-05-17 00:00:00+00:00,-0.000918896136817457
2024-05-18 00:00:00+00:00,0.006111918938997359
2024-05-19 00:00:00+00:00,-0.010831515463312017
2024-05-20 00:00:00+00:00,0.054036457903389956
2024-05-21 00:00:00+00:00,-0.001060973572423995
2024-05-22 00:00:00+00:00,-0.012215817379000824
2024-05-23 00:00:00+00:00,0.004804579649693223
2024-05-24 00:00:00+00:00,-0.00557884424679774
2024-05-25 00:00:00+00:00,-0.0038220529000352185
2024-05-26 00:00:00+00:00,-0.008903145389607457
2024-05-27 00:00:00+00:00,-0.0077247874193782946
2024-05-28 00:00:00+00:00,0.001421091836204659
2024-05-29 00:00:00+00:00,-0.006742715104188214
2024-05-30 00:00:00+00:00,0.002880260623535626
2024-05-31 00:00:00+00:00,0.0008372373777373932
2024-06-01 00:00:00+00:00,-0.0022727788682366623
2024-06-02 00:00:00+00:00,-0.021738751593319314
2024-06-03 00:00:00+00:00,0.022938162247353337
2024-06-04 00:00:00+00:00,-0.005887980980715353
2024-06-05 00:00:00+00:00,0.0027342613986299567
2024-06-06 00:00:00+00:00,0.009036723380138693
2024-06-07 00:00:00+00:00,0.0037170540327531505
2024-06-08 00:00:00+00:00,-0.009133685606196687
2024-06-09 00:00:00+00:00,0.0030097572620317115
2024-06-10 00:00:00+00:00,-0.057266656529735456
2024-06-11 00:00:00+00:00,-0.0024035984301361037
2024-06-12 00:00:00+00:00,-0.03861080483145402
2024-06-13 00:00:00+00:00,0.007243093263938271
2024-06-14 00:00:00+00:00,-0.003644821822166033
2024-06-15 00:00:00+00:00,-2.478604005596322e-05
2024-06-16 00:00:00+00:00,0.008624378625023214
2024-06-17 00:00:00+00:00,0.004958327575074709
2024-06-18 00:00:00+00:00,-0.009464144497832602
2024-06-19 00:00:00+00:00,0.002104478186319224
2024-06-20 00:00:00+00:00,-0.0009618001233740372
2024-06-21 00:00:00+00:00,-0.004515218766268563
2024-06-22 00:00:00+00:00,-0.017605836464942258
2024-06-23 00:00:00+00:00,-0.0020266566929710776
2024-06-24 00:00:00+00:00,0.0215838450561307
2024-06-25 00:00:00+00:00,0.009799202709318479
2024-06-26 00:00:00+00:00,-0.008313549562325235
2024-06-27 00:00:00+00:00,-0.0031962539978427785
2024-06-28 00:00:00+00:00,-0.0008319958172570901
2024-06-29 00:00:00+00:00,-0.003293042234714056
2024-06-30 00:00:00+00:00,-0.002154021780025465
2024-07-01 00:00:00+00:00,-0.013530525770705319
2024-07-02 00:00:00+00:00,-0.006142220954430218
2024-07-03 00:00:00+00:00,0.014889190268799358
2024-07-04 00:00:00+00:00,0.022204541697912666
2024-07-05 00:00:00+00:00,-0.025345813229821795
2024-07-06 00:00:00+00:00,-0.00944750754202661
2024-07-07 00:00:00+00:00,0.0042395433962774225
2024-07-08 00:00:00+00:00,0.004238474088461811
2024-07-09 00:00:00+00:00,-0.003739332777052646
2024-07-10 00:00:00+00:00,0.00810965810741842
2024-07-11 00:00:00+00:00,-0.004294648861382743
2024-07-12 00:00:00+00:00,-0.0011910569986758345
2024-07-13 00:00:00+00:00,-0.0011980361751933765
2024-07-14 00:00:00+00:00,-0.010332057818350572
2024-07-15 00:00:00+00:00,0.0011118949490216347
2024-07-16 00:00:00+00:00,-0.00471006157943667
2024-07-17 00:00:00+00:00,-0.0007477023887477867
2024-07-18 00:00:00+00:00,-0.006105796970765117
2024-07-19 00:00:00+00:00,-0.0003978754011166647
2024-07-20 00:00:00+00:00,-0.00032510612189710496
2024-07-21 00:00:00+00:00,0.005965639567455923
2024-07-22 00:00:00+00:00,-0.004777445779564074
2024-07-23 00:00:00+00:00,0.011209783310033168
2024-07-24 00:00:00+00:00,0.009390293212763374
2024-07-25 00:00:00+00:00,0.0004400126392873988
2024-07-26 00:00:00+00:00,0.0021540119332762587
2024-07-27 00:00:00+00:00,0.005961023690533735
2024-07-28 00:00:00+00:00,-0.007716336138712308
2024-07-29 00:00:00+00:00,-0.0035070057086819695
2024-07-30 00:00:00+00:00,-0.007505835597879241
2024-07-31 00:00:00+00:00,-0.00928725964954945
2024-08-01 00:00:00+00:00,-0.009186126938247281
2024-08-02 00:00:00+00:00,0.0024608361157217
2024-08-03 00:00:00+00:00,0.006349498194180203
2024-08-04 00:00:00+00:00,0.013766397186944408
2024-08-05 00:00:00+00:00,-0.010386582190709917
2024-08-06 00:00:00+00:00,0.001021979821324075
2024-08-07 00:00:00+00:00,0.0004572802480952488
2024-08-08 00:00:00+00:00,0.0004595735084638673
2024-08-09 00:00:00+00:00,0.0008319432242954602
2024-08-10 00:00:00+00:00,0.0027765497202400648
2024-08-11 00:00:00+00:00,-0.003668407299653142
2024-08-12 00:00:00+00:00,0.00014787718164506212
2024-08-13 00:00:00+00:00,0.001298798221264425
2024-08-14 00:00:00+00:00,0.0048880565738386615
2024-08-15 00:00:00+00:00,0.002115701004146354
2024-08-16 00:00:00+00:00,-0.003412025315199525
2024-08-17 00:00:00+00:00,-0.0020436027378845528
2024-08-18 00:00:00+00:00,0.00017795431847414928
2024-08-19 00:00:00+00:00,0.012682769379543407
2024-08-20 00:00:00+00:00,-0.024093198679771635
2024-08-21 00:00:00+00:00,0.017815558248629484
2024-08-22 00:00:00+00:00,-0.01878870461763391
2024-08-23 00:00:00+00:00,0.015788194084107733
2024-08-24 00:00:00+00:00,0.005449912577158289
2024-08-25 00:00:00+00:00,-0.0005863220987568163
2024-08-26 00:00:00+00:00,-0.002917883640834844
2024-08-27 00:00:00+00:00,-0.0016640913352802143
2024-08-28 00:00:00+00:00,0.0015693739885566994
2024-08-29 00:00:00+00:00,-0.0007986114476544996
2024-08-30 00:00:00+00:00,-0.0036061018705476383
2024-08-31 00:00:00+00:00,0.005818732934293238
2024-09-01 00:00:00+00:00,0.0077079357708282935
2024-09-02 00:00:00+00:00,-0.012826248287368286
2024-09-03 00:00:00+00:00,0.014245235625587561
2024-09-04 00:00:00+00:00,-0.004184939893237381
2024-09-05 00:00:00+00:00,0.002579869034277058
2024-09-06 00:00:00+00:00,0.01606446852527149
2024-09-07 00:00:00+00:00,0.0028213294830900203
2024-09-08 00:00:00+00:00,0.005014311631162071
2024-09-09 00:00:00+00:00,0.005203230749387722
2024-09-10 00:00:00+00:00,0.0024326258532264456
2024-09-11 00:00:00+00:00,0.0017789613278508956
2024-09-12 00:00:00+00:00,0.011722581494328279
2024-09-13 00:00:00+00:00,-0.000739419881591146
2024-09-14 00:00:00+00:00,0.01617552995493166
2024-09-15 00:00:00+00:00,-0.0015455250934249079
2024-09-16 00:00:00+00:00,0.022331094100960087
2024-09-17 00:00:00+00:00,0.012042111658753909
2024-09-18 00:00:00+00:00,0.004687240128863251
2024-09-19 00:00:00+00:00,0.008146237564321118
2024-09-20 00:00:00+00:00,-0.0010355100500404968
2024-09-21 00:00:00+00:00,0.0043429665448982005
2024-09-22 00:00:00+00:00,0.001793331507118434
2024-09-23 00:00:00+00:00,0.01852433554484678
2024-09-24 00:00:00+00:00,-0.0005591385845361612
2024-09-25 00:00:00+00:00,-0.010923018419552814
2024-09-26 00:00:00+00:00,-0.00514364558555072
2024-09-27 00:00:00+00:00,0.00030414303168265654
2024-09-28 00:00:00+00:00,0.01428746201321259
2024-09-29 00:00:00+00:00,0.02319807403882272
2024-09-30 00:00:00+00:00,0.009251985769229466
2024-10-01 00:00:00+00:00,0.0004303011668281355
2024-10-02 00:00:00+00:00,-0.01743955565091505
2024-10-03 00:00:00+00:00,0.020255869934268
2024-10-04 00:00:00+00:00,-0.0023154281888723956
2024-10-05 00:00:00+00:00,0.009074138715708857
2024-10-06 00:00:00+00:00,0.02239351266434801
2024-10-07 00:00:00+00:00,0.005850406850238757
2024-10-08 00:00:00+00:00,-0.02100420704269407
2024-10-09 00:00:00+00:00,-0.0006900635513406344
2024-10-10 00:00:00+00:00,0.027280157447091936
2024-10-11 00:00:00+00:00,0.012728568549829717
2024-10-12 00:00:00+00:00,0.01709059188210081
2024-10-13 00:00:00+00:00,-0.008264890767374748
2024-10-14 00:00:00+00:00,0.007926855818753771
2024-10-15 00:00:00+00:00,-0.03639819355561119
2024-10-16 00:00:00+00:00,-0.007735013230476529
2024-10-17 00:00:00+00:00,0.0010275755203593682
2024-10-18 00:00:00+00:00,-0.005857816760132947
2024-10-19 00:00:00+00:00,-0.013525126724112801
2024-10-20 00:00:00+00:00,-0.0029831381201998386
2024-10-21 00:00:00+00:00,-0.014415726091739437
2024-10-22 00:00:00+00:00,0.009947360349786761
2024-10-23 00:00:00+00:00,0.007408756386490193
2024-10-24 00:00:00+00:00,0.00024500922445507554
2024-10-25 00:00:00+00:00,0.04504508312577276
2024-10-26 00:00:00+00:00,-0.011870979652359611
2024-10-27 00:00:00+00:00,0.005813451742047744
2024-10-28 00:00:00+00:00,0.0024465328020797927
2024-10-29 00:00:00+00:00,-0.004400546708927683
2024-10-30 00:00:00+00:00,0.004879553282469384
2024-10-31 00:00:00+00:00,0.002542134457661207
2024-11-01 00:00:00+00:00,0.004471575435653392
2024-11-02 00:00:00+00:00,-0.0038326517146544834
2024-11-03 00:00:00+00:00,-0.009897855328877193
2024-11-04 00:00:00+00:00,-0.0036767693418865927
2024-11-05 00:00:00+00:00,0.024848766722197685
2024-11-06 00:00:00+00:00,-0.0017032036325092725
2024-11-07 00:00:00+00:00,-0.0027520981843093973
2024-11-08 00:00:00+00:00,-0.007246061064559351
2024-11-09 00:00:00+00:00,0.01086776010776925
2024-11-10 00:00:00+00:00,-0.0177758660937911
2024-11-11 00:00:00+00:00,0.02120461479077014
2024-11-12 00:00:00+00:00,-0.0085194435383559
2024-11-13 00:00:00+00:00,0.000733183541506801
2024-11-14 00:00:00+00:00,0.00779207657539323
2024-11-15 00:00:00+00:00,-0.003599230273780929
2024-11-16 00:00:00+00:00,-0.0038032531375405965
2024-11-17 00:00:00+00:00,-0.00891422239765704
2024-11-18 00:00:00+00:00,0.015141972795098463
2024-11-19 00:00:00+00:00,0.014030688410014626
2024-11-20 00:00:00+00:00,-0.0015434691978250094
2024-11-21 00:00:00+00:00,0.025603083967099618
2024-11-22 00:00:00+00:00,-0.016493820560879148
2024-11-23 00:00:00+00:00,-0.009173897415941368
2024-11-24 00:00:00+00:00,-0.006539100910371992
2024-11-25 00:00:00+00:00,0.014773307486000972
2024-11-26 00:00:00+00:00,0.006384884119682427
2024-11-27 00:00:00+00:00,-0.015359150744504729
2024-11-28 00:00:00+00:00,0.012435465643699895
2024-11-29 00:00:00+00:00,-0.01021170476508795
2024-11-30 00:00:00+00:00,0.010584281668185425
2024-12-01 00:00:00+00:00,0.02396834089599752
2024-12-02 00:00:00+00:00,0.018487886797898076
2024-12-03 00:00:00+00:00,-0.016119304791270828
2024-12-04 00:00:00+00:00,-0.0037665149607070876
2024-12-05 00:00:00+00:00,0.012685351250339845
2024-12-06 00:00:00+00:00,-0.010273645169697788
2024-12-07 00:00:00+00:00,0.00208689544352242
2024-12-08 00:00:00+00:00,-0.013714631380902745
2024-12-09 00:00:00+00:00,0.003454503282472817
2024-12-10 00:00:00+00:00,0.010480889945188513
2024-12-11 00:00:00+00:00,-0.0034323694640213645
2024-12-12 00:00:00+00:00,0.0023197510166484358
2024-12-13 00:00:00+00:00,0.0006353551179078779
2024-12-14 00:00:00+00:00,0.009097498238406228
2024-12-15 00:00:00+00:00,-0.0036299699928791906
2024-12-16 00:00:00+00:00,0.00753358761744044
2024-12-17 00:00:00+00:00,0.04210201839259918
2024-12-18 00:00:00+00:00,0.0018694635352889788
2024-12-19 00:00:00+00:00,0.010263179577364384
2024-12-20 00:00:00+00:00,0.0007644794931177297
2024-12-21 00:00:00+00:00,0.0009217045935562395
2024-12-22 00:00:00+00:00,0.0017067118482129073
2024-12-23 00:00:00+00:00,-0.0012330671790782614
2024-12-24 00:00:00+00:00,-0.0036792267074617683
2024-12-25 00:00:00+00:00,-0.0013355093665976267
2024-12-26 00:00:00+00:00,-0.011341323646090458
2024-12-27 00:00:00+00:00,0.0024630764273045444
2024-12-28 00:00:00+00:00,0.00032218737622608407
2024-12-29 00:00:00+00:00,0.004840815387775709
2024-12-30 00:00:00+00:00,-0.003542460583431774
2024-12-31 00:00:00+00:00,0.007838382173812608
2025-01-01 00:00:00+00:00,-0.02719905558549474
2025-01-02 00:00:00+00:00,-0.009752361361366318
2025-01-03 00:00:00+00:00,-0.012772035635526957
2025-01-04 00:00:00+00:00,-0.01392575528997008
2025-01-05 00:00:00+00:00,-0.003799512692767303
2025-01-06 00:00:00+00:00,0.027045847426000025
2025-01-07 00:00:00+00:00,-0.027105539931249298
2025-01-08 00:00:00+00:00,-0.00808398385668002
2025-01-09 00:00:00+00:00,0.005224023270378952
2025-01-10 00:00:00+00:00,0.0065148031721732735
2025-01-11 00:00:00+00:00,-0.00851175476069148
2025-01-12 00:00:00+00:00,0.013014616431100856
2025-01-13 00:00:00+00:00,-0.0046297380065257335
2025-01-14 00:00:00+00:00,0.013275231040785172
2025-01-15 00:00:00+00:00,0.011695665230845205
2025-01-16 00:00:00+00:00,-0.017366447797185495
2025-01-17 00:00:00+00:00,0.016679188240807538
2025-01-18 00:00:00+00:00,0.0028733566399425092
2025-01-19 00:00:00+00:00,0.019023430321239137
2025-01-20 00:00:00+00:00,0.00035949180928682395
2025-01-21 00:00:00+00:00,-0.0031377357054144126
2025-01-22 00:00:00+00:00,-0.007258972159314865
2025-01-23 00:00:00+00:00,0.0007701905527703656
2025-01-24 00:00:00+00:00,-0.0018103426960132136
2025-01-25 00:00:00+00:00,-0.007824843384739889
2025-01-26 00:00:00+00:00,0.02474308715466063
2025-01-27 00:00:00+00:00,0.016660895387955208
2025-01-28 00:00:00+00:00,-0.012710074718417915
2025-01-29 00:00:00+00:00,0.009757233396757065
2025-01-30 00:00:00+00:00,-0.016539627220838387
2025-01-31 00:00:00+00:00,0.011029668429646824
2025-02-01 00:00:00+00:00,0.00879143624627414
2025-02-02 00:00:00+00:00,0.02282002990793065
2025-02-03 00:00:00+00:00,-0.0007039429015809693
2025-02-04 00:00:00+00:00,-0.008035894662277452
2025-02-05 00:00:00+00:00,0.008327233499598422
2025-02-06 00:00:00+00:00,0.004759852882575688
2025-02-07 00:00:00+00:00,-0.0020204184592873212
2025-02-08 00:00:00+00:00,-0.002368419845252394
2025-02-09 00:00:00+00:00,0.006291027003051374
2025-02-10 00:00:00+00:00,0.005043761989360903
2025-02-11 00:00:00+00:00,-0.0005499582204793517
2025-02-12 00:00:00+00:00,-0.003339204785794051
2025-02-13 00:00:00+00:00,-0.008001658166609528
2025-02-14 00:00:00+00:00,0.011841654718144154
2025-02-15 00:00:00+00:00,-0.0008056275454162018
2025-02-16 00:00:00+00:00,0.0052575616868395375
2025-02-17 00:00:00+00:00,0.005879105621457445
2025-02-18 00:00:00+00:00,0.0034020184058032614
2025-02-19 00:00:00+00:00,-0.008970450332890253
2025-02-20 00:00:00+00:00,-0.006492281274411994
2025-02-21 00:00:00+00:00,-0.005205725616524101
2025-02-22 00:00:00+00:00,0.01245472507365203
2025-02-23 00:00:00+00:00,0.006284615771829062
2025-02-24 00:00:00+00:00,0.05807378793941333
2025-02-25 00:00:00+00:00,0.0031096926277998094
2025-02-26 00:00:00+00:00,-0.009506548682566316
2025-02-27 00:00:00+00:00,-0.0002295661663692899
2025-02-28 00:00:00+00:00,0.0068582470578371834
2025-03-01 00:00:00+00:00,-0.04333971345947902
2025-03-02 00:00:00+00:00,0.012138418631590226
2025-03-03 00:00:00+00:00,0.005193620554894691
2025-03-04 00:00:00+00:00,-0.006814110845672746
2025-03-05 00:00:00+00:00,-0.002330820221093163
2025-03-06 00:00:00+00:00,0.004939685831901284
2025-03-07 00:00:00+00:00,-0.003863801542173255
2025-03-08 00:00:00+00:00,0.0032587027143240123
2025-03-09 00:00:00+00:00,0.0015927616260940475
2025-03-10 00:00:00+00:00,-9.289562750598296e-05
2025-03-11 00:00:00+00:00,0.005645310943586509
2025-03-12 00:00:00+00:00,0.007274521978244593
2025-03-13 00:00:00+00:00,-0.0055604489560570495
2025-03-14 00:00:00+00:00,-0.004799047690895167
2025-03-15 00:00:00+00:00,-0.0037387241568815235
2025-03-16 00:00:00+00:00,0.028693047893141227
2025-03-17 00:00:00+00:00,-0.008680633145170395
2025-03-18 00:00:00+00:00,-0.007617835761673361
2025-03-19 00:00:00+00:00,0.0061246464993700445
2025-03-20 00:00:00+00:00,-0.0022990570866838356
2025-03-21 00:00:00+00:00,-0.0016203494844201846
2025-03-22 00:00:00+00:00,-0.0029158895559912032
2025-03-23 00:00:00+00:00,-0.009443498598317017
2025-03-24 00:00:00+00:00,-0.00418656048101571
2025-03-25 00:00:00+00:00,0.003297239480250083
2025-03-26 00:00:00+00:00,0.006249868985576745
2025-03-27 00:00:00+00:00,0.0034919897705456325
2025-03-28 00:00:00+00:00,-0.020669229726968125
2025-03-29 00:00:00+00:00,-0.007007305984504479
2025-03-30 00:00:00+00:00,0.00739517964731077
2025-03-31 00:00:00+00:00,0.014129426930405914
2025-04-01 00:00:00+00:00,0.006223367373426604
2025-04-02 00:00:00+00:00,0.0023926804058275204
2025-04-03 00:00:00+00:00,-0.006829132222610653
2025-04-04 00:00:00+00:00,-0.002829382618187346
2025-04-05 00:00:00+00:00,0.0120508692183376
2025-04-06 00:00:00+00:00,0.0006753991161461712
2025-04-07 00:00:00+00:00,0.007335416273109931
2025-04-08 00:00:00+00:00,-0.012780389076300218
2025-04-09 00:00:00+00:00,0.005732892375890024
2025-04-10 00:00:00+00:00,0.0186158712347322
2025-04-11 00:00:00+00:00,-0.022125723584807418
2025-04-12 00:00:00+00:00,0.005462272625318665
2025-04-13 00:00:00+00:00,-0.0022516318300964664
2025-04-14 00:00:00+00:00,0.0038344365342196924
2025-04-15 00:00:00+00:00,0.005765699787004949
2025-04-16 00:00:00+00:00,-0.005374304486550589
2025-04-17 00:00:00+00:00,-0.009584746935920246
2025-04-18 00:00:00+00:00,-0.009338029946648015
2025-04-19 00:00:00+00:00,-0.0028670075798876396
2025-04-20 00:00:00+00:00,0.005127825938399587
2025-04-21 00:00:00+00:00,-0.001383806912954746
2025-04-22 00:00:00+00:00,-0.011394435981689053
2025-04-23 00:00:00+00:00,0.00310088173702593
2025-04-24 00:00:00+00:00,-0.002050319649263846
2025-04-25 00:00:00+00:00,-0.010116559800688674
2025-04-26 00:00:00+00:00,-0.0013131118946621656
2025-04-27 00:00:00+00:00,-0.001461054420750292
2025-04-28 00:00:00+00:00,0.0019172862367315823
2025-04-29 00:00:00+00:00,0.009583930863243613
2025-04-30 00:00:00+00:00,-0.00529502761524684
2025-05-01 00:00:00+00:00,0.0019483647111027045
2025-05-02 00:00:00+00:00,-0.011920351550573425
2025-05-03 00:00:00+00:00,-0.007332955426005904
2025-05-04 00:00:00+00:00,0.008173056579882052
2025-05-05 00:00:00+00:00,0.0035940191411644477
2025-05-06 00:00:00+00:00,0.003928106636341181
2025-05-07 00:00:00+00:00,0.021598835360848983
2025-05-08 00:00:00+00:00,0.023271687194676833
2025-05-09 00:00:00+00:00,-0.006861739221504424
2025-05-10 00:00:00+00:00,-0.023874657843263876
2025-05-11 00:00:00+00:00,-0.018127472184434276
2025-05-12 00:00:00+00:00,0.004142108227167819
2025-05-13 00:00:00+00:00,-0.00176383441130084
2025-05-14 00:00:00+00:00,0.002351993549383651
2025-05-15 00:00:00+00:00,0.0036197586993833727
2025-05-16 00:00:00+00:00,-0.0007147701179893975
2025-05-17 00:00:00+00:00,-0.004535459470080281
2025-05-18 00:00:00+00:00,0.0005954474972655507
2025-05-19 00:00:00+00:00,0.0011654722414614507
2025-05-20 00:00:00+00:00,-0.003920645348961978
2025-05-21 00:00:00+00:00,0.004286931761470246
2025-05-22 00:00:00+00:00,0.007694412368942601
2025-05-23 00:00:00+00:00,-0.0002477978569170491
2025-05-24 00:00:00+00:00,0.002268384588252517
2025-05-25 00:00:00+00:00,0.0007590160888088257
2025-05-26 00:00:00+00:00,0.006207398734584707
2025-05-27 00:00:00+00:00,0.022928989629633287
2025-05-28 00:00:00+00:00,-0.0013503493691435341
2025-05-29 00:00:00+00:00,0.003211206149872049
2025-05-30 00:00:00+00:00,-0.00466418943587602
2025-05-31 00:00:00+00:00,-0.002742498443148673
2025-06-01 00:00:00+00:00,0.0006971571374160744
2025-06-02 00:00:00+00:00,-0.0026245887705495636
2025-06-03 00:00:00+00:00,0.005608498757682039
2025-06-04 00:00:00+00:00,0.005729002420686213
2025-06-05 00:00:00+00:00,-0.002440826724613517
2025-06-06 00:00:00+00:00,-0.004006791431605841
2025-06-07 00:00:00+00:00,0.019638622402265462
2025-06-08 00:00:00+00:00,-0.012619857290848515
2025-06-09 00:00:00+00:00,0.020238993301614785
2025-06-10 00:00:00+00:00,0.02178786075902068
2025-06-11 00:00:00+00:00,0.000302055853264845
2025-06-12 00:00:00+00:00,0.017273537968014886
2025-06-13 00:00:00+00:00,-0.00548628157035644
2025-06-14 00:00:00+00:00,0.004750479808792327
2025-06-15 00:00:00+00:00,-0.0013752881634519784
2025-06-16 00:00:00+00:00,-0.008196358416511345
2025-06-17 00:00:00+00:00,-0.00401024921923155
2025-06-18 00:00:00+00:00,-0.005553147491079445
2025-06-19 00:00:00+00:00,0.009326608710486465
2025-06-20 00:00:00+00:00,0.005888073051888735
2025-06-21 00:00:00+00:00,-0.003120522000215137
2025-06-22 00:00:00+00:00,0.13229281752496913
2025-06-23 00:00:00+00:00,-0.008936199855350732
2025-06-24 00:00:00+00:00,0.013614197440147555
2025-06-25 00:00:00+00:00,0.002792552812487305
2025-06-26 00:00:00+00:00,0.006259284356250789
2025-06-27 00:00:00+00:00,-0.004642377937012792
2025-06-28 00:00:00+00:00,-0.01205157759932671
2025-06-29 00:00:00+00:00,0.006297132854658065
2025-06-30 00:00:00+00:00,0.005224101066335004
2025-07-01 00:00:00+00:00,-0.007522449309707528
2025-07-02 00:00:00+00:00,0.013783689778663318
2025-07-03 00:00:00+00:00,0.008263174908119626
2025-07-04 00:00:00+00:00,0.00414586154031775
2025-07-05 00:00:00+00:00,-0.004981437069429476
2025-07-06 00:00:00+00:00,0.0005498776800193311
2025-07-07 00:00:00+00:00,-0.009684504753123515
2025-07-08 00:00:00+00:00,-0.010722432224400207
2025-07-09 00:00:00+00:00,0.005932867163555715
2025-07-10 00:00:00+00:00,0.08401505172040655
2025-07-11 00:00:00+00:00,0.011279936693308056
2025-07-12 00:00:00+00:00,0.05088658116479146
2025-07-13 00:00:00+00:00,0.004880044625658255
2025-07-14 00:00:00+00:00,-0.005793423667156279
2025-07-15 00:00:00+00:00,-0.0014917951322593597
2025-07-16 00:00:00+00:00,-0.0002064264934936435
2025-07-17 00:00:00+00:00,0.008000007922232948
2025-07-18 00:00:00+00:00,-0.005774399497147248
2025-07-19 00:00:00+00:00,0.00717383618061705
2025-07-20 00:00:00+00:00,0.0046453754216381005
2025-07-21 00:00:00+00:00,0.006436953908502078
2025-07-22 00:00:00+00:00,-0.007970712631823092
2025-07-23 00:00:00+00:00,0.011744586272165307
2025-07-24 00:00:00+00:00,0.019073227401635574
2025-07-25 00:00:00+00:00,0.0029503971528383913
2025-07-26 00:00:00+00:00,0.018279041703669813
2025-07-27 00:00:00+00:00,-0.01302880313330182
2025-07-28 00:00:00+00:00,-0.0039052788593023874
2025-07-29 00:00:00+00:00,-0.008460915254886051
2025-07-30 00:00:00+00:00,-0.006266077854942656
2025-07-31 00:00:00+00:00,-0.009514506377984556
2025-08-01 00:00:00+00:00,-0.0030021619756269245
2025-08-02 00:00:00+00:00,0.0005445947906936998
2025-08-03 00:00:00+00:00,-0.003866801535593375
2025-08-04 00:00:00+00:00,-0.006220161390259855
2025-08-05 00:00:00+00:00,0.008261177589251243
2025-08-06 00:00:00+00:00,-0.001945252973159108
2025-08-07 00:00:00+00:00,0.03252828686834319
2025-08-08 00:00:00+00:00,0.012978092578013545
2025-08-09 00:00:00+00:00,0.016061821159604688
2025-08-10 00:00:00+00:00,0.03538393687773339
2025-08-11 00:00:00+00:00,-0.021729673035243466
2025-08-12 00:00:00+00:00,-0.017075149914113505
2025-08-13 00:00:00+00:00,-0.00823045477773544
2025-08-14 00:00:00+00:00,-0.00702630652806997
2025-08-15 00:00:00+00:00,-0.005181634249215042
2025-08-16 00:00:00+00:00,0.006855402120973562
2025-08-17 00:00:00+00:00,6.103624414229955e-05
2025-08-18 00:00:00+00:00,-0.0015448100066159317
2025-08-19 00:00:00+00:00,-0.0006467590851849138
2025-08-20 00:00:00+00:00,0.0014465718877640255
2025-08-21 00:00:00+00:00,0.0010718895776992356
2025-08-22 00:00:00+00:00,-0.001334539774732203
2025-08-23 00:00:00+00:00,0.0003968668995033659
2025-08-24 00:00:00+00:00,-0.015328149142738329
2025-08-25 00:00:00+00:00,0.0055592607831029
2025-08-26 00:00:00+00:00,-0.005660066656981786
2025-08-27 00:00:00+00:00,0.009969395794272692
2025-08-28 00:00:00+00:00,-0.0027106357559951557
2025-08-29 00:00:00+00:00,-0.002635262215752915
2025-08-30 00:00:00+00:00,0.001258716951504341
2025-08-31 00:00:00+00:00,-0.006454976604586929
2025-09-01 00:00:00+00:00,-0.005156067176528767
2025-09-02 00:00:00+00:00,0.002436119575618325
2025-09-03 00:00:00+00:00,4.2076962274048396e-05
2025-09-04 00:00:00+00:00,0.0001553442176975164
2025-09-05 00:00:00+00:00,-0.002724588071255632
2025-09-06 00:00:00+00:00,0.007583286390633291
2025-09-07 00:00:00+00:00,-0.00825479957905104
2025-09-08 00:00:00+00:00,-0.005465761479980745
2025-09-09 00:00:00+00:00,-0.010626104605427103
2025-09-10 00:00:00+00:00,0.013143966197518057
2025-09-11 00:00:00+00:00,0.007340084877948115
2025-09-12 00:00:00+00:00,0.01625169335622333
2025-09-13 00:00:00+00:00,0.014778885649828525
2025-09-14 00:00:00+00:00,0.0008125821270091871
2025-09-15 00:00:00+00:00,-0.0030494129417227784
2025-09-16 00:00:00+00:00,0.010840803529710513
2025-09-17 00:00:00+00:00,-0.0038604832759470144
2025-09-18 00:00:00+00:00,0.00592859216148352
2025-09-19 00:00:00+00:00,-0.002572528932006317
2025-09-20 00:00:00+00:00,0.0004421684268353546
2025-09-21 00:00:00+00:00,0.006443228649183555
2025-09-22 00:00:00+00:00,0.12334393280289674
2025-09-23 00:00:00+00:00,-0.007506080683300819
2025-09-24 00:00:00+00:00,0.007362824752172338
2025-09-25 00:00:00+00:00,0.002425431490919726
2025-09-26 00:00:00+00:00,-0.0020249475482526174
2025-09-27 00:00:00+00:00,-0.008875906064710342
2025-09-28 00:00:00+00:00,0.014949466674262073
2025-09-29 00:00:00+00:00,-0.01706178812923115
2025-09-30 00:00:00+00:00,-0.0011554097289292842
2025-10-01 00:00:00+00:00,0.003677457483369928
2025-10-02 00:00:00+00:00,0.035127783554156425
2025-10-03 00:00:00+00:00,0.004114940996744973
2025-10-04 00:00:00+00:00,-6.021208170891768e-05
2025-10-05 00:00:00+00:00,-0.03740809314652403
2025-10-06 00:00:00+00:00,-0.010686145239351264
2025-10-07 00:00:00+00:00,-0.008956336840158752
2025-10-08 00:00:00+00:00,0.013698736983582439
2025-10-09 00:00:00+00:00,0.06793083088850642
2025-10-10 00:00:00+00:00,-0.001946953782848937
2025-10-11 00:00:00+00:00,-0.03645644345938896
2025-10-12 00:00:00+00:00,-0.0063872443193196266
2025-10-13 00:00:00+00:00,0.0013005110863524593
2025-10-14 00:00:00+00:00,0.0060365728740227435
2025-10-15 00:00:00+00:00,0.0004294600514412041
2025-10-16 00:00:00+00:00,-0.0003867604848281517
2025-10-17 00:00:00+00:00,0.0026296108544187156
2025-10-18 00:00:00+00:00,-0.0010953613111123323
2025-10-19 00:00:00+00:00,-0.009791460228012907
2025-10-20 00:00:00+00:00,0.012037347183093537
2025-10-21 00:00:00+00:00,0.005480489884564518
2025-10-22 00:00:00+00:00,-0.001712529111865347
2025-10-23 00:00:00+00:00,0.014240967651291705
2025-10-24 00:00:00+00:00,0.014568612640715364
2025-10-25 00:00:00+00:00,-0.000110906735775732
2025-10-26 00:00:00+00:00,0.026745481498678923
2025-10-27 00:00:00+00:00,0.00538933085224684
2025-10-28 00:00:00+00:00,0.002017579447716739
2025-10-29 00:00:00+00:00,0.002442027019724485
2025-10-30 00:00:00+00:00,-0.005742299679888119
2025-10-31 00:00:00+00:00,0.0014974537091769137
2025-11-01 00:00:00+00:00,-0.0060329166271420025
2025-11-02 00:00:00+00:00,0.023363536518742456
2025-11-03 00:00:00+00:00,0.02363924649976043
2025-11-04 00:00:00+00:00,0.002195032488372963
2025-11-05 00:00:00+00:00,0.050949359002308924
2025-11-06 00:00:00+00:00,0.035109640582226806
2025-11-07 00:00:00+00:00,-0.01605506349055197
2025-11-08 00:00:00+00:00,-0.015423059539668426
2025-11-09 00:00:00+00:00,-0.03545104562215741
2025-11-10 00:00:00+00:00,-0.007261052752281867
2025-11-11 00:00:00+00:00,0.00976314157204601
2025-11-12 00:00:00+00:00,0.00436330588229769
2025-11-13 00:00:00+00:00,0.016390838815387918
2025-11-14 00:00:00+00:00,0.0010342703107716607
2025-11-15 00:00:00+00:00,-0.009235717508142408
2025-11-16 00:00:00+00:00,0.018726704161773813
2025-11-17 00:00:00+00:00,-0.0047410913417642465
2025-11-18 00:00:00+00:00,0.005406124642764616
2025-11-19 00:00:00+00:00,-0.0018252086496998172
2025-11-20 00:00:00+00:00,-0.012017381669881491
2025-11-21 00:00:00+00:00,-0.005164658938148113
2025-11-22 00:00:00+00:00,-0.012512900536006785
2025-11-23 00:00:00+00:00,-0.00560053627549581
2025-11-24 00:00:00+00:00,-0.00308780493563326
2025-11-25 00:00:00+00:00,-0.0008697026206878232
2025-11-26 00:00:00+00:00,-0.011118498650114984
2025-11-27 00:00:00+00:00,-0.0009060076388721676
2025-11-28 00:00:00+00:00,-0.003092325673081589
2025-11-29 00:00:00+00:00,-3.252908605484523e-05
2025-11-30 00:00:00+00:00,0.0034082597825520603
2025-12-01 00:00:00+00:00,-0.009359296267939464
2025-12-02 00:00:00+00:00,-0.00131118920319408
2025-12-03 00:00:00+00:00,-0.003981636199542088
2025-12-04 00:00:00+00:00,0.0012478192550657464
2025-12-05 00:00:00+00:00,0.02338432862126964
2025-12-06 00:00:00+00:00,-0.0027642138703272536
2025-12-07 00:00:00+00:00,-0.022387613110083575
2025-12-08 00:00:00+00:00,-0.005748306566497992
2025-12-09 00:00:00+00:00,0.00457880701918422
2025-12-10 00:00:00+00:00,-0.004484385490095749
2025-12-11 00:00:00+00:00,-0.0005692330145237537
2025-12-12 00:00:00+00:00,0.0010641006825325625
2025-12-13 00:00:00+00:00,-0.004816786846391161
2025-12-14 00:00:00+00:00,-0.0048405547594488575
2025-12-15 00:00:00+00:00,0.0190552441266253
2025-12-16 00:00:00+00:00,0.005272795409484664
2025-12-17 00:00:00+00:00,-0.0011893236034213218
2025-12-18 00:00:00+00:00,0.005838486299357665
2025-12-19 00:00:00+00:00,-0.002878051160069512
2025-12-20 00:00:00+00:00,-0.0061922205649139845
2025-12-21 00:00:00+00:00,-0.005364698341663058
2025-12-22 00:00:00+00:00,0.002777848525524865
2025-12-23 00:00:00+00:00,-0.005524865680349613
2025-12-24 00:00:00+00:00,0.0056108312742139625
2025-12-25 00:00:00+00:00,0.0019190971724338363
2025-12-26 00:00:00+00:00,-0.006896535132113903
2025-12-27 00:00:00+00:00,-0.0017802560910782548
2025-12-28 00:00:00+00:00,-0.0036138371479665743
2025-12-29 00:00:00+00:00,-0.0025572933820403976
2025-12-30 00:00:00+00:00,-0.0015443283319731163
2025-12-31 00:00:00+00:00,0.022753940805011107
2026-01-01 00:00:00+00:00,-0.02915194120037448
2026-01-02 00:00:00+00:00,0.014916932799728232
2026-01-03 00:00:00+00:00,-0.0015867552152303269
2026-01-04 00:00:00+00:00,0.004650141988260387
2026-01-05 00:00:00+00:00,0.013095242658027249
2026-01-06 00:00:00+00:00,0.0030147666498221985
2026-01-07 00:00:00+00:00,-0.0008334895909928852
2026-01-08 00:00:00+00:00,-0.005835943450915796
2026-01-09 00:00:00+00:00,-0.0037165892320814987
2026-01-10 00:00:00+00:00,-0.006094439550857111
2026-01-11 00:00:00+00:00,-0.008602944628836085
2026-01-12 00:00:00+00:00,0.017045840649537066
2026-01-13 00:00:00+00:00,0.0010164676042282576
2026-01-14 00:00:00+00:00,-0.011139799974825459
2026-01-15 00:00:00+00:00,-0.0060634229917446636
2026-01-16 00:00:00+00:00,-0.0016473288101393787
2026-01-17 00:00:00+00:00,0.001209938017040966
2026-01-18 00:00:00+00:00,0.01011946338265631
2026-01-19 00:00:00+00:00,0.007601673467289998
2026-01-20 00:00:00+00:00,0.01605106848795328
2026-01-21 00:00:00+00:00,-0.043275222700128194
2026-01-22 00:00:00+00:00,-0.002748306829579454
2026-01-23 00:00:00+00:00,-0.0012628847345089148
2026-01-24 00:00:00+00:00,-0.0029634107670575486
2026-01-25 00:00:00+00:00,-0.013219917670064906
2026-01-26 00:00:00+00:00,-0.026103118215938397
2026-01-27 00:00:00+00:00,-0.0003022023121947594
2026-01-28 00:00:00+00:00,0.0012004348856092988
2026-01-29 00:00:00+00:00,0.006492534016599642
2026-01-30 00:00:00+00:00,0.01382780702525864
2026-01-31 00:00:00+00:00,0.01713871313259685
2026-02-01 00:00:00+00:00,-0.0006817781051851123
2026-02-02 00:00:00+00:00,0.0014571828095116873
2026-02-03 00:00:00+00:00,0.005175828455682232
2026-02-04 00:00:00+00:00,-0.004358047187993901
2026-02-05 00:00:00+00:00,-0.0040279257563606554
2026-02-06 00:00:00+00:00,-0.0005689887690270195
2026-02-07 00:00:00+00:00,-0.003524083160633255
2026-02-08 00:00:00+00:00,0.002489593282428083
2026-02-09 00:00:00+00:00,0.003568367753899595
2026-02-10 00:00:00+00:00,-0.002272812928190838
2026-02-11 00:00:00+00:00,0.008045077410149173
2026-02-12 00:00:00+00:00,0.002362184468939114
2026-02-13 00:00:00+00:00,0.010996724834229647
2026-02-14 00:00:00+00:00,-0.007597138755832495
2026-02-15 00:00:00+00:00,-0.0005420825221632885
2026-02-16 00:00:00+00:00,0.0008486362599797405
2026-02-17 00:00:00+00:00,-0.007898696236062278
2026-02-18 00:00:00+00:00,-0.010092361717556675
2026-02-19 00:00:00+00:00,-0.006490319727953428
2026-02-20 00:00:00+00:00,0.0015769981945016089
2026-02-21 00:00:00+00:00,-0.0006197798307478865
2026-02-22 00:00:00+00:00,-0.0001399007702049823
2026-02-23 00:00:00+00:00,0.006351937104903225
2026-02-24 00:00:00+00:00,0.0129714173032437
2026-02-25 00:00:00+00:00,-0.0021913036788195938
2026-02-26 00:00:00+00:00,0.004519151785071792
2026-02-27 00:00:00+00:00,-0.004138001696625212
2026-02-28 00:00:00+00:00,-0.006199266837789553
2026-03-01 00:00:00+00:00,-0.0004723748321561447
2026-03-02 00:00:00+00:00,-0.0022660545030236843
2026-03-03 00:00:00+00:00,-0.005688042882359343
2026-03-04 00:00:00+00:00,0.0015009710802415845
2026-03-05 00:00:00+00:00,0.006139501510020261
2026-03-06 00:00:00+00:00,0.0007952566726135526
2026-03-07 00:00:00+00:00,0.001082150128627416
2026-03-08 00:00:00+00:00,0.00186051685121686
2026-03-09 00:00:00+00:00,0.0016789460480824802
2026-03-10 00:00:00+00:00,0.004151010522665802
2026-03-11 00:00:00+00:00,0.0021623974107037587
2026-03-12 00:00:00+00:00,-0.0008676641879020313
2026-03-13 00:00:00+00:00,0.0016010119705280703
2026-03-14 00:00:00+00:00,0.007261492603631162
2026-03-15 00:00:00+00:00,0.0031822267502905374
2026-03-16 00:00:00+00:00,0.008922235465814148
2026-03-17 00:00:00+00:00,-0.0015588572331108495
2026-03-18 00:00:00+00:00,-0.0025911346860348966
2026-03-19 00:00:00+00:00,0.0017233163373230045
2026-03-20 00:00:00+00:00,-0.004238174045551371
2026-03-21 00:00:00+00:00,0.000857709523262942
2026-03-22 00:00:00+00:00,0.0092290141287149
2026-03-23 00:00:00+00:00,-4.356007424130093e-05
2026-03-24 00:00:00+00:00,0.001211387633797439
2026-03-25 00:00:00+00:00,0.00884276405600817
2026-03-26 00:00:00+00:00,-0.004549011282131022
2026-03-27 00:00:00+00:00,-0.0034767803972199753
2026-03-28 00:00:00+00:00,-0.005944569896780253
2026-03-29 00:00:00+00:00,0.0016555014290789546
2026-03-30 00:00:00+00:00,0.0023293950655347943
2026-03-31 00:00:00+00:00,-0.011261353027284688
2026-04-01 00:00:00+00:00,-0.006018484767081661
2026-04-02 00:00:00+00:00,-0.0010312690688725117
2026-04-03 00:00:00+00:00,0.007234854558257459
2026-04-04 00:00:00+00:00,-0.0033826813179109196
2026-04-05 00:00:00+00:00,-0.0073626860643560155
2026-04-06 00:00:00+00:00,-0.0005389232935768285
2026-04-07 00:00:00+00:00,-0.0008277495795617971
2026-04-08 00:00:00+00:00,-0.001212135094244227
2026-04-09 00:00:00+00:00,-0.0018568365105691709
2026-04-10 00:00:00+00:00,0.00013726790356484596
2026-04-11 00:00:00+00:00,-0.006629861483720465
2026-04-12 00:00:00+00:00,0.01247279068354235
2026-04-13 00:00:00+00:00,-0.004846467577912278
2026-04-14 00:00:00+00:00,0.0005859608504493541
2026-04-15 00:00:00+00:00,0.000848516710444866
2026-04-16 00:00:00+00:00,0.0032027034570219935
2026-04-17 00:00:00+00:00,-0.011789821348043851
2026-04-18 00:00:00+00:00,-0.00916163640985317
2026-04-19 00:00:00+00:00,0.006209408645138585
2026-04-20 00:00:00+00:00,0.0008594892327463866
2026-04-21 00:00:00+00:00,0.005318074988077911
2026-04-22 00:00:00+00:00,-0.006893356518524546
2026-04-23 00:00:00+00:00,-0.0028244065353485674
2026-04-24 00:00:00+00:00,0.0015135570010743778
2026-04-25 00:00:00+00:00,-0.00303148367434919
2026-04-26 00:00:00+00:00,0.007230919080095482
2026-04-27 00:00:00+00:00,-0.010911575560166871
2026-04-28 00:00:00+00:00,0.0005684200616136759
2026-04-29 00:00:00+00:00,0.004147227287928908
2026-04-30 00:00:00+00:00,0.005834852784362543
2026-05-01 00:00:00+00:00,0.002553665309463947
2026-05-02 00:00:00+00:00,-0.002791416691379786
2026-05-03 00:00:00+00:00,-0.0074853888006922945
2026-05-04 00:00:00+00:00,0.002459293732559361
2026-05-05 00:00:00+00:00,0.005607062496932184
2026-05-06 00:00:00+00:00,-0.005530709153185799
2026-05-07 00:00:00+00:00,0.015550615129739364
2026-05-08 00:00:00+00:00,0.005101397636862063
2026-05-09 00:00:00+00:00,-0.01299779456392432
2026-05-10 00:00:00+00:00,-0.01501317957603576
2026-05-11 00:00:00+00:00,-0.01237319026046792
2026-05-12 00:00:00+00:00,-0.008875052090704515
2026-05-13 00:00:00+00:00,-0.0010509060787825813
2026-05-14 00:00:00+00:00,-0.005620517856701838
2026-05-15 00:00:00+00:00,-0.001977664861470755
2026-05-16 00:00:00+00:00,0.000572370589365219
2026-05-17 00:00:00+00:00,-0.0015490834947034621
2026-05-18 00:00:00+00:00,-0.010867350153023939
2026-05-19 00:00:00+00:00,0.010036842259142411
2026-05-20 00:00:00+00:00,-0.0006200008908211833
2026-05-21 00:00:00+00:00,-0.009163299401986293
2026-05-22 00:00:00+00:00,0.02262379201066954
2026-05-23 00:00:00+00:00,0.00477059486334215
2026-05-24 00:00:00+00:00,0.014305690064296158
2026-05-25 00:00:00+00:00,0.0009952152989137952
2026-05-26 00:00:00+00:00,-0.00835428705022603
2026-05-27 00:00:00+00:00,-0.012943626536239155
2026-05-28 00:00:00+00:00,0.026025773990010923
2026-05-29 00:00:00+00:00,-0.011844644779276062
2026-05-30 00:00:00+00:00,0.004348077182122738
2026-05-31 00:00:00+00:00,-0.010052991553594943
