,g_sep,g_net,t_sep,t_net,fund_delta_b3
2020-02-01,0.2022617473911986,0.2022617473911986,0.0,0.0,-6.262781938031243e-05
2020-02-02,0.21062999999999998,0.21062999999999998,0.1320517473911986,0.1320517473911986,-0.000169142911
2020-02-03,0.14042000000000002,0.14042000000000002,0.07021000000000002,0.07021000000000002,-4.212600000000001e-05
2020-02-04,0.14042,0.14042,2.7755575615628914e-17,2.7755575615628914e-17,-0.0001273300476
2020-02-05,0.26062783507219967,0.26062783507219967,0.26062783507219967,0.26062783507219967,-0.0003376465842051084
2020-02-06,0.07021000000000001,0.07021000000000001,0.19041783507219964,0.19041783507219964,0.0
2020-02-07,0.1965519280358066,0.1965519280358066,0.12634192803580663,0.12634192803580663,-0.00023215327012202324
2020-02-08,0.14042,0.14042,0.056131928035806605,0.056131928035806605,-0.00011764668439999999
2020-02-09,0.07021000000000001,0.07021000000000001,0.07021000000000001,0.07021000000000001,0.0
2020-02-10,0.0,0.0,0.07021000000000001,0.07021000000000001,0.0
2020-02-11,0.0,0.0,0.0,0.0,0.0
2020-02-12,0.0,0.0,0.0,0.0,0.0
2020-02-13,0.0,0.0,0.0,0.0,0.0
2020-02-14,0.07021,0.07021,0.07021,0.07021,-0.0001691611656
2020-02-15,0.0,0.0,0.07021,0.07021,0.0
2020-02-16,0.0,0.0,0.0,0.0,0.0
2020-02-17,0.0,0.0,0.0,0.0,0.0
2020-02-18,0.0,0.0,0.0,0.0,0.0
2020-02-19,0.0,0.0,0.0,0.0,0.0
2020-02-20,0.0,0.0,0.0,0.0,0.0
2020-02-21,0.0,0.0,0.0,0.0,0.0
2020-02-22,0.0,0.0,0.0,0.0,0.0
2020-02-23,0.0,0.0,0.0,0.0,0.0
2020-02-24,0.0,0.0,0.0,0.0,0.0
2020-02-25,0.0,0.0,0.0,0.0,0.0
2020-02-26,0.0,0.0,0.0,0.0,0.0
2020-02-27,0.0,0.0,0.0,0.0,0.0
2020-02-28,0.0,0.0,0.0,0.0,0.0
2020-02-29,0.0,0.0,0.0,0.0,0.0
2020-03-01,0.0,0.0,0.0,0.0,0.0
2020-03-02,0.0,0.0,0.0,0.0,0.0
2020-03-03,0.0,0.0,0.0,0.0,0.0
2020-03-04,0.049146999999999996,0.049146999999999996,0.049146999999999996,0.049146999999999996,0.00010179228346
2020-03-05,0.049146999999999996,0.049146999999999996,0.0,0.0,0.00025073226696
2020-03-06,0.049146999999999996,0.049146999999999996,0.0,0.0,0.0
2020-03-07,0.0,0.0,0.049146999999999996,0.049146999999999996,0.0
2020-03-08,0.0,0.0,0.0,0.0,0.0
2020-03-09,0.0,0.0,0.0,0.0,0.0
2020-03-10,0.0,0.0,0.0,0.0,0.0
2020-03-11,0.0,0.0,0.0,0.0,0.0
2020-03-12,0.0,0.0,0.0,0.0,0.0
2020-03-13,0.0,0.0,0.0,0.0,0.0
2020-03-14,0.0,0.0,0.0,0.0,0.0
2020-03-15,0.0,0.0,0.0,0.0,0.0
2020-03-16,0.010386197521854119,0.010386197521854119,0.010386197521854119,0.010386197521854119,4.5766992795067817e-07
2020-03-17,0.0,0.0,0.010386197521854119,0.010386197521854119,0.0
2020-03-18,0.0,0.0,0.0,0.0,0.0
2020-03-19,0.0,0.0,0.0,0.0,0.0
2020-03-20,0.0,0.0,0.0,0.0,0.0
2020-03-21,0.0,0.0,0.0,0.0,0.0
2020-03-22,0.0,0.0,0.0,0.0,0.0
2020-03-23,0.0,0.0,0.0,0.0,0.0
2020-03-24,0.0,0.0,0.0,0.0,0.0
2020-03-25,0.0,0.0,0.0,0.0,0.0
2020-03-26,0.0,0.0,0.0,0.0,0.0
2020-03-27,0.0,0.0,0.0,0.0,0.0
2020-03-28,0.0,0.0,0.0,0.0,0.0
2020-03-29,0.0,0.0,0.0,0.0,0.0
2020-03-30,0.0,0.0,0.0,0.0,0.0
2020-03-31,0.0,0.0,0.0,0.0,0.0
2020-04-01,0.0,0.0,0.0,0.0,0.0
2020-04-02,0.07673288583668841,0.07673288583668841,0.07673288583668841,0.07673288583668841,4.773435557028895e-06
2020-04-03,0.10039636136846995,0.10039636136846995,0.04202531305784484,0.04202531305784484,1.4043414536937246e-05
2020-04-04,0.11400335158285109,0.11400335158285109,0.014548250759943634,0.014548250759943634,-2.0293980172815956e-05
2020-04-05,0.11487342360808103,0.11487342360808103,0.002462654407508723,0.002462654407508723,-2.2616371783008244e-05
2020-04-06,0.17247542373825944,0.17247542373825944,0.14190503363315599,0.14190503363315599,-9.372521824776864e-05
2020-04-07,0.061445995703666045,0.061445995703666045,0.11102942803459338,0.11102942803459338,-2.549669803702844e-05
2020-04-08,0.06158530799314665,0.06158530799314665,0.00022334506717039274,0.00022334506717039274,-3.0972547102084333e-05
2020-04-09,0.06184613225972686,0.06184613225972686,0.00752087193909662,0.00752087193909662,-2.713321360712112e-05
2020-04-10,0.0,0.0,0.06184613225972686,0.06184613225972686,0.0
2020-04-11,0.0,0.0,0.0,0.0,0.0
2020-04-12,0.024573499999999998,0.024573499999999998,0.024573499999999998,0.024573499999999998,3.2682263530000003e-05
2020-04-13,0.0159465075497665,0.0159465075497665,0.0086269924502335,0.0086269924502335,0.00011713730371786677
2020-04-14,0.03027262371961924,0.03027262371961924,0.03482088383014726,0.03482088383014726,0.0001842998389152945
2020-04-15,0.021003986684354655,0.021003986684354655,0.009268637035264586,0.009268637035264586,9.082837977862221e-05
2020-04-16,0.01633887260189198,0.01633887260189198,0.0046651140824626736,0.0046651140824626736,0.00011081873019978441
2020-04-17,0.01833078466835497,0.01833078466835497,0.00199191206646299,0.00199191206646299,0.0001998231504383508
2020-04-18,0.09652720637451798,0.09652720637451798,0.078196421706163,0.078196421706163,0.00021588435935552828
2020-04-19,0.0975835262082783,0.0975835262082783,0.0010563198337603316,0.0010563198337603316,0.00021495139978120132
2020-04-20,0.0,0.0,0.09758352620827832,0.09758352620827832,0.0
2020-04-21,0.0,0.0,0.0,0.0,0.0
2020-04-22,0.004914699999999999,0.004914699999999999,0.004914699999999999,0.004914699999999999,-6.227907840000001e-07
2020-04-23,0.08814770061357804,0.08814770061357804,0.08323300061357805,0.08323300061357805,7.27653898353477e-06
2020-04-24,0.0737205,0.0737205,0.03471979938642195,0.03471979938642195,0.00011089381638999999
2020-04-25,0.0737205,0.0737205,0.0,0.0,-7.844844140000001e-06
2020-04-26,0.09829399999999999,0.09829399999999999,0.024573499999999998,0.024573499999999998,1.847337436e-05
2020-04-27,0.08821258197991033,0.08821258197991033,0.03906558197991034,0.03906558197991034,-5.292754918794621e-05
2020-04-28,0.11936800760030244,0.11936800760030244,0.031155425620392113,0.031155425620392113,-7.252825132745049e-05
2020-04-29,0.12083103428051731,0.12083103428051731,0.11085920592348422,0.11085920592348422,-0.00011203424009854341
2020-04-30,0.02667798348737991,0.02667798348737991,0.0941530507931374,0.0941530507931374,4.794575621003325e-05
2020-05-01,0.029219322375248397,0.029219322375248397,0.002541338887868483,0.002541338887868483,1.9243615116313166e-05
2020-05-02,0.050468026047390015,0.050468026047390015,0.030096093427483137,0.030096093427483137,-4.7906832813798906e-05
2020-05-03,0.051905837129514416,0.051905837129514416,0.0014378110821244004,0.0014378110821244004,-3.3325317830505075e-05
2020-05-04,0.01792957512752767,0.01792957512752767,0.04175654516885892,0.04175654516885892,2.854866482305806e-06
2020-05-05,0.01573260124188013,0.01573260124188013,0.0021969738856475376,0.0021969738856475376,-3.522844070081799e-06
2020-05-06,0.020005491552687823,0.020005491552687823,0.01564775642852631,0.01564775642852631,-4.055567806327242e-07
2020-05-07,0.032124927865447475,0.032124927865447475,0.017106916947906326,0.017106916947906326,-1.5394579996329642e-05
2020-05-08,0.00968819576927127,0.00968819576927127,0.026710267903823783,0.026710267903823783,-2.9939431385779008e-06
2020-05-09,0.02934242426236687,0.02934242426236687,0.029492771506904394,0.029492771506904394,-2.8134691619999998e-05
2020-05-10,0.049146999999999996,0.049146999999999996,0.07848942426236687,0.07848942426236687,7.185316983369862e-05
2020-05-11,0.0670863820212059,0.0670863820212059,0.017939382021205902,0.017939382021205902,5.716048802482063e-05
2020-05-12,0.04914699999999998,0.04914699999999998,0.017939382021205916,0.017939382021205916,5.6418063013698617e-05
2020-05-13,0.022151841170871118,0.022151841170871118,0.026995158829128865,0.026995158829128865,2.5429099864643834e-05
2020-05-14,0.0,0.0,0.022151841170871118,0.022151841170871118,0.0
2020-05-15,0.0,0.0,0.0,0.0,0.0
2020-05-16,0.0,0.0,0.0,0.0,0.0
2020-05-17,0.0,0.0,0.0,0.0,0.0
2020-05-18,0.0,0.0,0.0,0.0,0.0
2020-05-19,0.0,0.0,0.0,0.0,0.0
2020-05-20,0.0,0.0,0.0,0.0,0.0
2020-05-21,0.04433096583600743,0.04433096583600743,0.04433096583600743,0.04433096583600743,5.0889519685718124e-05
2020-05-22,0.04914699999999998,0.04914699999999998,0.0048160341639925525,0.0048160341639925525,5.6418063013698617e-05
2020-05-23,0.04448496091053445,0.04448496091053445,0.004662039089465532,0.004662039089465532,5.106629759318886e-05
2020-05-24,0.044726343477725215,0.044726343477725215,0.0002413825671907649,0.0002413825671907649,5.1343391553881826e-05
2020-05-25,0.04459656751509131,0.04459656751509131,0.00012977596263390873,0.00012977596263390873,5.119441585978975e-05
2020-05-26,0.06719131442286932,0.06719131442286932,0.022594746907778015,0.022594746907778015,7.713194724159521e-05
2020-05-27,0.066431495358377,0.066431495358377,0.0007598190644923161,0.0007598190644923161,7.625971658947937e-05
2020-05-28,0.09317148203146208,0.09317148203146208,0.07155401332691493,0.07155401332691493,2.104949307173319e-05
2020-05-29,0.13956872770833512,0.13956872770833512,0.07941323946201706,0.07941323946201706,-4.924340080502521e-05
2020-05-30,0.29259422759840975,0.29259422759840975,0.24645586148826099,0.24645586148826099,-0.00010763143796064311
2020-05-31,0.3030595319209132,0.3030595319209132,0.019942712222626946,0.019942712222626946,-0.00015204882838521983
2020-06-01,0.3060229589545943,0.3060229589545943,0.12179713397477755,0.12179713397477755,-0.00010840988092418856
2020-06-02,0.16036577792929377,0.16036577792929377,0.1914455134683274,0.1914455134683274,-0.0002976660027336669
2020-06-03,0.21902964904125508,0.21902964904125508,0.061686264727514886,0.061686264727514886,-0.00010864485890558408
2020-06-04,0.2189659660122507,0.2189659660122507,0.00025337079873066076,0.00025337079873066076,-0.0002176493414729584
2020-06-05,0.21842941494140383,0.21842941494140383,0.0012488940189461575,0.0012488940189461575,-0.00017916502935659702
2020-06-06,0.18790122993849656,0.18790122993849656,0.049426908056118636,0.049426908056118636,-0.00011274073796309795
2020-06-07,0.17037817043381168,0.17037817043381168,0.01752305950468497,0.01752305950468497,-0.00010222690226028701
2020-06-08,0.17035981911964826,0.17035981911964826,0.0026952335847566684,0.0026952335847566684,-0.00012438243439461268
2020-06-09,0.17214735574174705,0.17214735574174705,0.001965699357781202,0.001965699357781202,-0.0001170864495293862
2020-06-10,0.12220552875774225,0.12220552875774225,0.05044399489706402,0.05044399489706402,-7.332331725464535e-05
2020-06-11,0.0,0.0,0.12220552875774225,0.12220552875774225,0.0
2020-06-12,0.0,0.0,0.0,0.0,0.0
2020-06-13,0.0,0.0,0.0,0.0,0.0
2020-06-14,0.0,0.0,0.0,0.0,0.0
2020-06-15,0.0,0.0,0.0,0.0,0.0
2020-06-16,0.0,0.0,0.0,0.0,0.0
2020-06-17,0.0,0.0,0.0,0.0,0.0
2020-06-18,0.0,0.0,0.0,0.0,0.0
2020-06-19,0.0,0.0,0.0,0.0,0.0
2020-06-20,0.0,0.0,0.0,0.0,0.0
2020-06-21,0.0,0.0,0.0,0.0,0.0
2020-06-22,0.0,0.0,0.0,0.0,0.0
2020-06-23,0.049147,0.049147,0.049147,0.049147,2.71881204e-06
2020-06-24,0.049146999999999996,0.049146999999999996,6.938893903907228e-18,6.938893903907228e-18,0.0
2020-06-25,0.049146999999999996,0.049146999999999996,0.0,0.0,0.0
2020-06-26,0.09829399999999996,0.09829399999999996,0.049146999999999996,0.049146999999999996,5.193585661369862e-05
2020-06-27,0.049147,0.049147,0.049147,0.049147,5.6418063013698644e-05
2020-06-28,0.049147,0.049147,0.0,0.0,3.867206425369864e-05
2020-06-29,0.049147,0.049147,0.0,0.0,2.757762047369864e-05
2020-06-30,0.049147,0.049147,0.0,0.0,5.0059424153698644e-05
2020-07-01,0.098294,0.098294,0.049147,0.049147,0.0003456973050136986
2020-07-02,0.10781347811827405,0.10781347811827405,0.00951947811827404,0.00951947811827404,0.0003084705109427557
2020-07-03,0.1709176782764577,0.1709176782764577,0.06310420015818366,0.06310420015818366,0.00037347590379768953
2020-07-04,0.16450498650395776,0.16450498650395776,0.006567762526236084,0.006567762526236084,0.0008861380547778354
2020-07-05,0.14547447676283776,0.14547447676283776,0.030149605341826455,0.030149605341826455,0.0005139727267245237
2020-07-06,0.17723680632082311,0.17723680632082311,0.14869009067627428,0.14869009067627428,2.48655000071924e-05
2020-07-07,0.20087070555310038,0.20087070555310038,0.023731649845342987,0.023731649845342987,-0.00012083345872752531
2020-07-08,0.31409544627062014,0.31409544627062014,0.3534899718519666,0.3534899718519666,-0.0001461279841024221
2020-07-09,0.24573499999999998,0.24573499999999998,0.09013796697458534,0.09013796697458534,-0.00022596217896
2020-07-10,0.12286749999999996,0.12286749999999996,0.12286750000000002,0.12286750000000002,-7.150151294999999e-05
2020-07-11,0.12286750000000002,0.12286750000000002,6.938893903907228e-17,6.938893903907228e-17,-7.163322691000001e-05
2020-07-12,0.1228675,0.1228675,0.049147000000000024,0.049147000000000024,-5.135468324000001e-05
2020-07-13,0.09829399999999995,0.09829399999999995,0.024573500000000057,0.024573500000000057,-8.717055948999996e-05
2020-07-14,0.11745532152861515,0.11745532152861515,0.0191613215286152,0.0191613215286152,-2.9543091189728428e-05
2020-07-15,0.11746583213116338,0.11746583213116338,1.0510602548252646e-05,1.0510602548252646e-05,1.1690933174092081e-05
2020-07-16,0.01948699305765231,0.01948699305765231,0.09860916092648891,0.09860916092648891,0.00010680742946927001
2020-07-17,0.018554156932803087,0.018554156932803087,0.0009328361248492241,0.0009328361248492241,1.2567472656864843e-05
2020-07-18,0.0,0.0,0.018554156932803087,0.018554156932803087,0.0
2020-07-19,0.0,0.0,0.0,0.0,0.0
2020-07-20,0.0,0.0,0.0,0.0,0.0
2020-07-21,0.0,0.0,0.0,0.0,0.0
2020-07-22,0.09495127297554552,0.09495127297554552,0.09495127297554552,0.09495127297554552,-5.697076378532732e-05
2020-07-23,0.1367744401623068,0.1367744401623068,0.041823167186761295,0.041823167186761295,-0.00028705470109667347
2020-07-24,0.14245311323985277,0.14245311323985277,0.0582710465963341,0.0582710465963341,-0.000234159679106562
2020-07-25,0.22811240440102248,0.22811240440102248,0.08565929116116974,0.08565929116116974,-0.0002417226127291653
2020-07-26,0.0,0.0,0.22811240440102248,0.22811240440102248,0.0
2020-07-27,0.09489073010598816,0.09489073010598816,0.09489073010598816,0.09489073010598816,-0.00033133945138408944
2020-07-28,0.0,0.0,0.09489073010598816,0.09489073010598816,0.0
2020-07-29,0.0,0.0,0.0,0.0,0.0
2020-07-30,0.0,0.0,0.0,0.0,0.0
2020-07-31,0.06492924585012005,0.06492924585012005,0.06492924585012005,0.06492924585012005,-0.00020037860476198002
2020-08-01,0.147441,0.147441,0.08251175414987993,0.08251175414987993,-0.00027702591196
2020-08-02,0.0,0.0,0.147441,0.147441,0.0
2020-08-03,0.09829400000000002,0.09829400000000002,0.09829400000000002,0.09829400000000002,1.2049861460000007e-05
2020-08-04,0.049147,0.049147,0.04914700000000002,0.04914700000000002,0.00028249597306
2020-08-05,0.09829399999999999,0.09829399999999999,0.049147,0.049147,0.00027623464526
2020-08-06,0.10498578061381787,0.10498578061381787,0.006691780613817876,0.006691780613817876,7.433086181744464e-05
2020-08-07,0.09354942578608391,0.09354942578608391,0.011589303845335531,0.011589303845335531,3.9316777660858703e-05
2020-08-08,0.094292143424644,0.094292143424644,0.0008473272438675149,0.0008473272438675149,0.0006127401317940778
2020-08-09,0.09686942723757747,0.09686942723757747,0.0025772838129334633,0.0025772838129334633,1.3378871872282412e-05
2020-08-10,0.04914699999999998,0.04914699999999998,0.047722427237577476,0.047722427237577476,-3.530523891999999e-05
2020-08-11,0.0,0.0,0.04914699999999998,0.04914699999999998,0.0
2020-08-12,0.049146999999999996,0.049146999999999996,0.049146999999999996,0.049146999999999996,-2.94882e-05
2020-08-13,0.04914699999999998,0.04914699999999998,1.3877787807814457e-17,1.3877787807814457e-17,-1.8133277119999993e-05
2020-08-14,0.018806702566447935,0.018806702566447935,0.030340297433552047,0.030340297433552047,-2.084911046516418e-05
2020-08-15,0.019196616505324646,0.019196616505324646,0.00038991393887671116,0.00038991393887671116,-2.0852132712743843e-05
2020-08-16,0.049146999999999996,0.049146999999999996,0.06834361650532464,0.06834361650532464,-7.284175164e-05
2020-08-17,0.040022469725387935,0.040022469725387935,0.009124530274612061,0.009124530274612061,-0.0001379062243821637
2020-08-18,0.0,0.0,0.040022469725387935,0.040022469725387935,0.0
2020-08-19,0.0,0.0,0.0,0.0,0.0
2020-08-20,0.0,0.0,0.0,0.0,0.0
2020-08-21,0.0,0.0,0.0,0.0,0.0
2020-08-22,0.0,0.0,0.0,0.0,0.0
2020-08-23,0.0,0.0,0.0,0.0,0.0
2020-08-24,0.0,0.0,0.0,0.0,0.0
2020-08-25,0.0,0.0,0.0,0.0,0.0
2020-08-26,0.0,0.0,0.0,0.0,0.0
2020-08-27,0.0,0.0,0.0,0.0,0.0
2020-08-28,0.0,0.0,0.0,0.0,0.0
2020-08-29,0.0,0.0,0.0,0.0,0.0
2020-08-30,0.0,0.0,0.0,0.0,0.0
2020-08-31,0.0,0.0,0.0,0.0,0.0
2020-09-01,0.0,0.0,0.0,0.0,0.0
2020-09-02,0.0,0.0,0.0,0.0,0.0
2020-09-03,0.0,0.0,0.0,0.0,0.0
2020-09-04,0.0,0.0,0.0,0.0,0.0
2020-09-05,0.0,0.0,0.0,0.0,0.0
2020-09-06,0.0,0.0,0.0,0.0,0.0
2020-09-07,0.0,0.0,0.0,0.0,0.0
2020-09-08,0.0,0.0,0.0,0.0,0.0
2020-09-09,0.0,0.0,0.0,0.0,0.0
2020-09-10,0.008546591998777126,0.008546591998777126,0.008546591998777126,0.008546591998777126,3.3268464014439843e-06
2020-09-11,0.019435023699126988,0.019435023699126988,0.010888431700349862,0.010888431700349862,4.9282166994824266e-05
2020-09-12,0.04914699999999998,0.04914699999999998,0.029711976300872994,0.029711976300872994,0.00030245751857999986
2020-09-13,0.029692469665619718,0.029692469665619718,0.019454530334380264,0.019454530334380264,0.00023803146462262036
2020-09-14,0.030586711554782042,0.030586711554782042,0.0008942418891623241,0.0008942418891623241,0.0003659730624241226
2020-09-15,0.0,0.0,0.030586711554782042,0.030586711554782042,0.0
2020-09-16,0.0,0.0,0.0,0.0,0.0
2020-09-17,0.0,0.0,0.0,0.0,0.0
2020-09-18,0.07021,0.07021,0.07021,0.07021,0.00013341340747671234
2020-09-19,0.07021,0.07021,0.0,0.0,0.00012436474267671233
2020-09-20,0.08299392491864072,0.08299392491864072,0.012783924918640745,0.012783924918640745,0.00010152818919427524
2020-09-21,0.33414870712466904,0.33414870712466904,0.2727712443530258,0.2727712443530258,0.0003835844062609215
2020-09-22,0.28084,0.28084,0.06549483072833352,0.06549483072833352,0.00032238893150684936
2020-09-23,0.196588,0.196588,0.08425199999999997,0.08425199999999997,0.00022567225205479457
2020-09-24,0.08315267732456602,0.08315267732456602,0.11343532267543399,0.11343532267543399,9.545471725751552e-05
2020-09-25,0.06883386258032594,0.06883386258032594,0.014318814744240092,0.014318814744240092,7.901750252371663e-05
2020-09-26,0.06325526060778922,0.06325526060778922,0.005578601972536731,0.005578601972536731,7.261357313606488e-05
2020-09-27,0.06330363071316285,0.06330363071316285,0.049195370105373636,0.049195370105373636,2.971596785976777e-05
2020-09-28,0.04403917150818927,0.04403917150818927,0.019264459204973584,0.019264459204973584,7.601424279263848e-06
2020-09-29,0.04414939912590789,0.04414939912590789,0.00011022761771863412,0.00011022761771863412,7.727959544535372e-06
2020-09-30,0.03339333134086489,0.03339333134086489,0.010756067785042994,0.010756067785042994,1.3953824772646149e-05
2020-10-01,0.009482098296039077,0.009482098296039077,0.023911233044825817,0.023911233044825817,1.0884929276822941e-05
2020-10-02,0.009802906272488771,0.009802906272488771,0.00032080797644969475,0.00032080797644969475,1.1253199255267934e-05
2020-10-03,0.0202657114392852,0.0202657114392852,0.01046280516679643,0.01046280516679643,2.3263926282357536e-05
2020-10-04,0.020259550688141552,0.020259550688141552,6.160751143648863e-06,6.160751143648863e-06,2.325685407762003e-05
2020-10-05,0.019833991734905413,0.019833991734905413,0.0004255589532361388,0.0004255589532361388,2.276833571760375e-05
2020-10-06,0.07987039101961989,0.07987039101961989,0.0997043827545253,0.0997043827545253,-4.792223461177194e-05
2020-10-07,0.07262731885917997,0.07262731885917997,0.010246645005057675,0.010246645005057675,-4.357639131550798e-05
2020-10-08,0.04914699999999999,0.04914699999999999,0.038704642958451725,0.038704642958451725,-2.9488199999999997e-05
2020-10-09,0.0924464684794645,0.0924464684794645,0.04329946847946452,0.04329946847946452,-5.8603628594961525e-05
2020-10-10,0.147441,0.147441,0.05499453152053548,0.05499453152053548,-8.84646e-05
2020-10-11,0.16410645846665345,0.16410645846665345,0.01666545846665353,0.01666545846665353,-9.983202348510593e-05
2020-10-12,0.27000224035481213,0.27000224035481213,0.10744300314404892,0.10744300314404892,-8.010839596909e-05
2020-10-13,0.2605279943591462,0.2605279943591462,0.010373050059192387,0.010373050059192387,0.00025382469295478523
2020-10-14,0.25540757181956536,0.25540757181956536,0.005768839731944588,0.005768839731944588,0.00011307795619868387
2020-10-15,0.24975469563485303,0.24975469563485303,0.005652876184712497,0.005652876184712497,0.00017364172246871426
2020-10-16,0.19658799999999998,0.19658799999999998,0.05316669563485304,0.05316669563485304,-8.170885338e-05
2020-10-17,0.16377679150120295,0.16377679150120295,0.03281120849879703,0.03281120849879703,-5.721292391321664e-05
2020-10-18,0.16436169048764707,0.16436169048764707,0.0005848989864441316,0.0005848989864441316,-5.486858707168829e-05
2020-10-19,0.1662856402617771,0.1662856402617771,0.001923949774130053,0.001923949774130053,-2.6188495757066273e-05
2020-10-20,0.14686117682937141,0.14686117682937141,0.11655881709114853,0.11655881709114853,-2.5843357495050367e-05
2020-10-21,0.05112723579563493,0.05112723579563493,0.09573394103373647,0.09573394103373647,-1.2220883371143434e-05
2020-10-22,0.09924216303365299,0.09924216303365299,0.048114927238018065,0.048114927238018065,-4.036660128758497e-05
2020-10-23,0.15496720745252499,0.15496720745252499,0.058062953393843215,0.058062953393843215,-0.00013223869510368763
2020-10-24,0.14834077841156745,0.14834077841156745,0.012469812007088564,0.012469812007088564,-9.083701701139325e-05
2020-10-25,0.18950244632084245,0.18950244632084245,0.04116166790927506,0.04116166790927506,0.00011014475348783587
2020-10-26,0.12133339402962297,0.12133339402962297,0.06816905229121949,0.06816905229121949,-4.604445155367008e-05
2020-10-27,0.17030613308457454,0.17030613308457454,0.048972739054951565,0.048972739054951565,-2.1851828953918916e-05
2020-10-28,0.22944795071515547,0.22944795071515547,0.05914181763058094,0.05914181763058094,6.358519508691164e-05
2020-10-29,0.21819756118764946,0.21819756118764946,0.012795553759976777,0.012795553759976777,0.0001175067660654898
2020-10-30,0.2011375827581321,0.2011375827581321,0.18629293616087045,0.18629293616087045,0.00013920938759531302
2020-10-31,0.2099537356099903,0.2099537356099903,0.011811693120144538,0.011811693120144538,0.0001245557482651433
2020-11-01,0.15364232063042046,0.15364232063042046,0.08038737696586024,0.08038737696586024,5.4247739930333866e-05
2020-11-02,0.1412240953601661,0.1412240953601661,0.03871672051842187,0.03871672051842187,4.890494154701893e-05
2020-11-03,0.20959392331670806,0.20959392331670806,0.11170821577228533,0.11170821577228533,0.0002026533546667572
2020-11-04,0.2247650879921685,0.2247650879921685,0.0251426381997343,0.0251426381997343,0.00020481630310429538
2020-11-05,0.10802874853733296,0.10802874853733296,0.11680368206921693,0.11680368206921693,4.105485058979511e-05
2020-11-06,0.042297617012666676,0.042297617012666676,0.0657311315246663,0.0657311315246663,-5.7190607962826613e-05
2020-11-07,0.042394626985117735,0.042394626985117735,9.700997245105925e-05,9.700997245105925e-05,-8.373108408068693e-05
2020-11-08,0.04785098563485091,0.04785098563485091,0.005456358649733172,0.005456358649733172,-2.7644790427536966e-05
2020-11-09,0.04759594693114346,0.04759594693114346,0.00047246323426678675,0.00047246323426678675,-2.801848089453984e-05
2020-11-10,0.09609951628371674,0.09609951628371674,0.04850356935257327,0.04850356935257327,-5.990022846799434e-05
2020-11-11,0.11305391270068843,0.11305391270068843,0.08605611201716415,0.08605611201716415,-0.00013183132163545
2020-11-12,0.11620193551214049,0.11620193551214049,0.00330399348360106,0.00330399348360106,-9.391142087577797e-05
2020-11-13,0.14638232763145684,0.14638232763145684,0.1197850134805694,0.1197850134805694,-0.0001428523204239383
2020-11-14,0.12053978962920267,0.12053978962920267,0.03775434703370686,0.03775434703370686,-3.84632241827287e-06
2020-11-15,0.14419348179820546,0.14419348179820546,0.06201079422278186,0.06201079422278186,-9.839647266320777e-05
2020-11-16,0.0860616786493845,0.0860616786493845,0.05892618766402065,0.05892618766402065,-6.563493922195309e-05
2020-11-17,0.19637966626845318,0.19637966626845318,0.11031798761906868,0.11031798761906868,-0.0002539932916848429
2020-11-18,0.025013668427231926,0.025013668427231926,0.19008582225861512,0.19008582225861512,-1.1716402291315434e-05
2020-11-19,0.08612409197422792,0.08612409197422792,0.0809198575622843,0.0809198575622843,-3.31692545623315e-05
2020-11-20,0.08632111561091742,0.08632111561091742,0.08612409197422796,0.08612409197422796,-0.00017706791481920657
2020-11-21,0.0,0.0,0.08632111561091742,0.08632111561091742,0.0
2020-11-22,0.02822017939550614,0.02822017939550614,0.02822017939550614,0.02822017939550614,-0.00012097144301471617
2020-11-23,0.0,0.0,0.02822017939550614,0.02822017939550614,0.0
2020-11-24,0.0,0.0,0.0,0.0,0.0
2020-11-25,0.0,0.0,0.0,0.0,0.0
2020-11-26,0.0,0.0,0.0,0.0,0.0
2020-11-27,0.0,0.0,0.0,0.0,0.0
2020-11-28,0.0,0.0,0.0,0.0,0.0
2020-11-29,0.0,0.0,0.0,0.0,0.0
2020-11-30,0.08488325185333229,0.08488325185333229,0.08488325185333229,0.08488325185333229,-0.00011148164283994128
2020-12-01,0.07021,0.07021,0.014673251853332289,0.014673251853332289,-0.0001414900004
2020-12-02,0.14042,0.14042,0.07021,0.07021,-8.4252e-05
2020-12-03,0.14042000000000002,0.14042000000000002,2.7755575615628914e-17,2.7755575615628914e-17,-0.00010595391100000001
2020-12-04,0.07021000000000001,0.07021000000000001,0.07021000000000001,0.07021000000000001,-4.592155260000001e-05
2020-12-05,0.07021,0.07021,1.3877787807814457e-17,1.3877787807814457e-17,-4.2126e-05
2020-12-06,0.07021000000000001,0.07021000000000001,1.3877787807814457e-17,1.3877787807814457e-17,-4.212600000000001e-05
2020-12-07,0.07021000000000001,0.07021000000000001,0.0,0.0,-4.212600000000001e-05
2020-12-08,0.07021,0.07021,1.3877787807814457e-17,1.3877787807814457e-17,-4.2126e-05
2020-12-09,0.0,0.0,0.07021,0.07021,0.0
2020-12-10,0.0,0.0,0.0,0.0,0.0
2020-12-11,0.0,0.0,0.0,0.0,0.0
2020-12-12,0.0,0.0,0.0,0.0,0.0
2020-12-13,0.0,0.0,0.0,0.0,0.0
2020-12-14,0.0,0.0,0.0,0.0,0.0
2020-12-15,0.0,0.0,0.0,0.0,0.0
2020-12-16,0.14042,0.14042,0.14042,0.14042,-0.00018731325899999998
2020-12-17,0.0,0.0,0.14042,0.14042,0.0
2020-12-18,0.0,0.0,0.0,0.0,0.0
2020-12-19,0.0,0.0,0.0,0.0,0.0
2020-12-20,0.12712206479455154,0.12712206479455154,0.12712206479455154,0.12712206479455154,-0.00037812369355771225
2020-12-21,0.07021000000000001,0.07021000000000001,0.08350793520544843,0.08350793520544843,-0.000134501297
2020-12-22,0.07020999999999998,0.07020999999999998,2.7755575615628914e-17,2.7755575615628914e-17,-5.610621519999998e-05
2020-12-23,0.07021000000000001,0.07021000000000001,2.7755575615628914e-17,2.7755575615628914e-17,-4.4266000800000006e-05
2020-12-24,0.07021,0.07021,1.3877787807814457e-17,1.3877787807814457e-17,-6.630070719999999e-05
2020-12-25,0.14042,0.14042,0.07021,0.07021,-0.00016953327859999998
2020-12-26,0.14042,0.14042,0.0,0.0,-0.00010916812479999999
2020-12-27,0.04210580385212376,0.04210580385212376,0.09831419614787623,0.09831419614787623,-9.20365502921262e-05
2020-12-28,0.07000015193011916,0.07000015193011916,0.028930460632588733,0.028930460632588733,-0.00018342860963697674
2020-12-29,0.06565332558678409,0.06565332558678409,0.07969086990210092,0.07969086990210092,-0.0001684585711062955
2020-12-30,0.054022488967929085,0.054022488967929085,0.01163083661885501,0.01163083661885501,-7.123459417800097e-05
2020-12-31,0.051908249738097434,0.051908249738097434,0.0021142392298316506,0.0021142392298316506,-8.591490138901721e-05
2021-01-01,0.07021,0.07021,0.12211824973809743,0.12211824973809743,-0.00011731529319999999
2021-01-02,0.0,0.0,0.07021,0.07021,0.0
2021-01-03,0.0,0.0,0.0,0.0,0.0
2021-01-04,0.023796776083058756,0.023796776083058756,0.023796776083058756,0.023796776083058756,-0.00012178380908922647
2021-01-05,0.07021000000000001,0.07021000000000001,0.04641322391694125,0.04641322391694125,-4.212600000000001e-05
2021-01-06,0.0172894583429107,0.0172894583429107,0.0874994583429107,0.0874994583429107,-6.535830200620475e-05
2021-01-07,0.0,0.0,0.0172894583429107,0.0172894583429107,0.0
2021-01-08,0.0,0.0,0.0,0.0,0.0
2021-01-09,0.0,0.0,0.0,0.0,0.0
2021-01-10,0.0,0.0,0.0,0.0,0.0
2021-01-11,0.0,0.0,0.0,0.0,0.0
2021-01-12,0.0,0.0,0.0,0.0,0.0
2021-01-13,0.049146999999999996,0.049146999999999996,0.049146999999999996,0.049146999999999996,-2.94882e-05
2021-01-14,0.0,0.0,0.049146999999999996,0.049146999999999996,0.0
2021-01-15,0.0,0.0,0.0,0.0,0.0
2021-01-16,0.0588298446864661,0.0588298446864661,0.0588298446864661,0.0588298446864661,-8.660694415362794e-05
2021-01-17,0.046806843632651376,0.046806843632651376,0.012023001053814722,0.012023001053814722,-2.808410617959083e-05
2021-01-18,0.037739528038646414,0.037739528038646414,0.08454637167129779,0.08454637167129779,-7.203419195792519e-05
2021-01-19,0.0,0.0,0.037739528038646414,0.037739528038646414,0.0
2021-01-20,0.0,0.0,0.0,0.0,0.0
2021-01-21,0.0,0.0,0.0,0.0,0.0
2021-01-22,0.0,0.0,0.0,0.0,0.0
2021-01-23,0.04719088090177853,0.04719088090177853,0.04719088090177853,0.04719088090177853,-2.831452854106712e-05
2021-01-24,0.04756135484635273,0.04756135484635273,0.00037047394457419974,0.00037047394457419974,-7.869596895587215e-05
2021-01-25,0.03179387545406921,0.03179387545406921,0.07935523030042194,0.07935523030042194,-7.582521357040966e-05
2021-01-26,0.0,0.0,0.03179387545406921,0.03179387545406921,0.0
2021-01-27,0.07021,0.07021,0.07021,0.07021,0.00013138995527671232
2021-01-28,0.062139220496491246,0.062139220496491246,0.008070779503508749,0.008070779503508749,0.0001281052976555919
2021-01-29,0.0,0.0,0.062139220496491246,0.062139220496491246,0.0
2021-01-30,0.0,0.0,0.0,0.0,0.0
2021-01-31,0.0,0.0,0.0,0.0,0.0
2021-02-01,0.14042,0.14042,0.14042,0.14042,4.7989939200000016e-05
2021-02-02,0.14042,0.14042,0.0,0.0,-2.5963657999999643e-06
2021-02-03,0.07021,0.07021,0.07021,0.07021,0.00019400146359999996
2021-02-04,0.07021000000000001,0.07021000000000001,1.3877787807814457e-17,1.3877787807814457e-17,6.696770220000001e-05
2021-02-05,0.07021,0.07021,1.3877787807814457e-17,1.3877787807814457e-17,-5.4553169999999996e-05
2021-02-06,0.07020999999999998,0.07020999999999998,0.14042,0.14042,-0.00010231843719999998
2021-02-07,0.0,0.0,0.07020999999999998,0.07020999999999998,0.0
2021-02-08,0.0,0.0,0.0,0.0,0.0
2021-02-09,0.014728268255856356,0.014728268255856356,0.014728268255856356,0.014728268255856356,-8.309836232636716e-05
2021-02-10,0.0,0.0,0.014728268255856356,0.014728268255856356,0.0
2021-02-11,0.0,0.0,0.0,0.0,0.0
2021-02-12,0.0,0.0,0.0,0.0,0.0
2021-02-13,0.0,0.0,0.0,0.0,0.0
2021-02-14,0.0,0.0,0.0,0.0,0.0
2021-02-15,0.0,0.0,0.0,0.0,0.0
2021-02-16,0.0,0.0,0.0,0.0,0.0
2021-02-17,0.0,0.0,0.0,0.0,0.0
2021-02-18,0.0,0.0,0.0,0.0,0.0
2021-02-19,0.0,0.0,0.0,0.0,0.0
2021-02-20,0.0,0.0,0.0,0.0,0.0
2021-02-21,0.0,0.0,0.0,0.0,0.0
2021-02-22,0.0,0.0,0.0,0.0,0.0
2021-02-23,0.0,0.0,0.0,0.0,0.0
2021-02-24,0.0,0.0,0.0,0.0,0.0
2021-02-25,0.014962468779225958,0.014962468779225958,0.014962468779225958,0.014962468779225958,-1.8096507489722627e-05
2021-02-26,0.055919198575205394,0.055919198575205394,0.04095672979597943,0.04095672979597943,-3.3551519145123237e-05
2021-02-27,0.0,0.0,0.055919198575205394,0.055919198575205394,0.0
2021-02-28,0.0,0.0,0.0,0.0,0.0
2021-03-01,0.0,0.0,0.0,0.0,0.0
2021-03-02,0.0,0.0,0.0,0.0,0.0
2021-03-03,0.0,0.0,0.0,0.0,0.0
2021-03-04,0.0,0.0,0.0,0.0,0.0
2021-03-05,0.0,0.0,0.0,0.0,0.0
2021-03-06,0.0,0.0,0.0,0.0,0.0
2021-03-07,0.0,0.0,0.0,0.0,0.0
2021-03-08,0.07021,0.07021,0.07021,0.07021,-0.0001547316064
2021-03-09,0.0,0.0,0.07021,0.07021,0.0
2021-03-10,0.0,0.0,0.0,0.0,0.0
2021-03-11,0.0,0.0,0.0,0.0,0.0
2021-03-12,0.0,0.0,0.0,0.0,0.0
2021-03-13,0.0,0.0,0.0,0.0,0.0
2021-03-14,0.0,0.0,0.0,0.0,0.0
2021-03-15,0.0,0.0,0.0,0.0,0.0
2021-03-16,0.0,0.0,0.0,0.0,0.0
2021-03-17,0.0,0.0,0.0,0.0,0.0
2021-03-18,0.0,0.0,0.0,0.0,0.0
2021-03-19,0.0,0.0,0.0,0.0,0.0
2021-03-20,0.0,0.0,0.0,0.0,0.0
2021-03-21,0.0,0.0,0.0,0.0,0.0
2021-03-22,0.0,0.0,0.0,0.0,0.0
2021-03-23,0.0,0.0,0.0,0.0,0.0
2021-03-24,0.0,0.0,0.0,0.0,0.0
2021-03-25,0.0,0.0,0.0,0.0,0.0
2021-03-26,0.0,0.0,0.0,0.0,0.0
2021-03-27,0.0,0.0,0.0,0.0,0.0
2021-03-28,0.0,0.0,0.0,0.0,0.0
2021-03-29,0.0,0.0,0.0,0.0,0.0
2021-03-30,0.0,0.0,0.0,0.0,0.0
2021-03-31,0.029836156918069692,0.029836156918069692,0.029836156918069692,0.029836156918069692,-0.0001325859141125181
2021-04-01,0.0,0.0,0.029836156918069692,0.029836156918069692,0.0
2021-04-02,0.0,0.0,0.0,0.0,0.0
2021-04-03,0.0,0.0,0.0,0.0,0.0
2021-04-04,0.0,0.0,0.0,0.0,0.0
2021-04-05,0.0,0.0,0.0,0.0,0.0
2021-04-06,0.07021,0.07021,0.07021,0.07021,-0.00042218536780000003
2021-04-07,0.05253199084404823,0.05253199084404823,0.12274199084404822,0.12274199084404822,-0.0004138753911444677
2021-04-08,0.07021000000000001,0.07021000000000001,0.12274199084404824,0.12274199084404824,-0.00013181365820000003
2021-04-09,0.07021,0.07021,1.3877787807814457e-17,1.3877787807814457e-17,-0.00017503493419999998
2021-04-10,0.0,0.0,0.07021,0.07021,0.0
2021-04-11,0.0,0.0,0.0,0.0,0.0
2021-04-12,0.0,0.0,0.0,0.0,0.0
2021-04-13,0.0,0.0,0.0,0.0,0.0
2021-04-14,0.0,0.0,0.0,0.0,0.0
2021-04-15,0.0,0.0,0.0,0.0,0.0
2021-04-16,0.0,0.0,0.0,0.0,0.0
2021-04-17,0.0,0.0,0.0,0.0,0.0
2021-04-18,0.0,0.0,0.0,0.0,0.0
2021-04-19,0.0,0.0,0.0,0.0,0.0
2021-04-20,0.0,0.0,0.0,0.0,0.0
2021-04-21,0.0,0.0,0.0,0.0,0.0
2021-04-22,0.0,0.0,0.0,0.0,0.0
2021-04-23,0.0,0.0,0.0,0.0,0.0
2021-04-24,0.0,0.0,0.0,0.0,0.0
2021-04-25,0.0,0.0,0.0,0.0,0.0
2021-04-26,0.0,0.0,0.0,0.0,0.0
2021-04-27,0.07021,0.07021,0.07021,0.07021,-8.51829846e-05
2021-04-28,0.07021,0.07021,0.0,0.0,-8.896309099999998e-05
2021-04-29,0.07021000000000001,0.07021000000000001,1.3877787807814457e-17,1.3877787807814457e-17,-4.212600000000001e-05
2021-04-30,0.05648984406577918,0.05648984406577918,0.1266998440657792,0.1266998440657792,-0.00012810540877861138
2021-05-01,0.07020999999999998,0.07020999999999998,0.12669984406577917,0.12669984406577917,-8.062495139999997e-05
2021-05-02,0.07021000000000001,0.07021000000000001,2.7755575615628914e-17,2.7755575615628914e-17,-0.00010274952660000002
2021-05-03,0.0,0.0,0.07021000000000001,0.07021000000000001,0.0
2021-05-04,0.0,0.0,0.0,0.0,0.0
2021-05-05,0.02120640759216749,0.02120640759216749,0.02120640759216749,0.02120640759216749,-3.743694370690879e-05
2021-05-06,0.0,0.0,0.02120640759216749,0.02120640759216749,0.0
2021-05-07,0.028562817016908753,0.028562817016908753,0.028562817016908753,0.028562817016908753,-6.466850275164276e-05
2021-05-08,0.07020999999999998,0.07020999999999998,0.041647182983091224,0.041647182983091224,-0.00021032037389999994
2021-05-09,0.035105,0.035105,0.10531499999999999,0.10531499999999999,-7.208530909999999e-05
2021-05-10,0.0,0.0,0.035105,0.035105,0.0
2021-05-11,0.035105,0.035105,0.035105,0.035105,-8.00548462e-05
2021-05-12,0.0,0.0,0.035105,0.035105,0.0
2021-05-13,0.03510500000000001,0.03510500000000001,0.03510500000000001,0.03510500000000001,-3.723025670000001e-05
2021-05-14,0.07021000000000001,0.07021000000000001,0.035105,0.035105,-7.333434500000002e-05
2021-05-15,0.035105000000000004,0.035105000000000004,0.035105000000000004,0.035105000000000004,-3.9443978000000004e-05
2021-05-16,0.006058128298314596,0.006058128298314596,0.029046871701685406,0.029046871701685406,-4.917382739741958e-06
2021-05-17,0.0,0.0,0.006058128298314596,0.006058128298314596,0.0
2021-05-18,0.008700433601841829,0.008700433601841829,0.008700433601841829,0.008700433601841829,2.0632601550680126e-05
2021-05-19,0.0,0.0,0.008700433601841829,0.008700433601841829,0.0
2021-05-20,0.0,0.0,0.0,0.0,0.0
2021-05-21,0.026466320280828244,0.026466320280828244,0.026466320280828244,0.026466320280828244,2.325979868548949e-05
2021-05-22,0.0225926742188689,0.0225926742188689,0.0038736460619593453,0.0038736460619593453,1.0369703218677862e-05
2021-05-23,0.029635105800015465,0.029635105800015465,0.007042431581146567,0.007042431581146567,1.5424041429610353e-05
2021-05-24,0.0,0.0,0.029635105800015465,0.029635105800015465,0.0
2021-05-25,0.0,0.0,0.0,0.0,0.0
2021-05-26,0.0,0.0,0.0,0.0,0.0
2021-05-27,0.0,0.0,0.0,0.0,0.0
2021-05-28,0.0,0.0,0.0,0.0,0.0
2021-05-29,0.0,0.0,0.0,0.0,0.0
2021-05-30,0.0,0.0,0.0,0.0,0.0
2021-05-31,0.0,0.0,0.0,0.0,0.0
2021-06-01,0.0,0.0,0.0,0.0,0.0
2021-06-02,0.0,0.0,0.0,0.0,0.0
2021-06-03,0.0,0.0,0.0,0.0,0.0
2021-06-04,0.0,0.0,0.0,0.0,0.0
2021-06-05,0.0,0.0,0.0,0.0,0.0
2021-06-06,0.0,0.0,0.0,0.0,0.0
2021-06-07,0.0,0.0,0.0,0.0,0.0
2021-06-08,0.07020999999999998,0.07020999999999998,0.07020999999999998,0.07020999999999998,6.798049587671231e-05
2021-06-09,0.0,0.0,0.07020999999999998,0.07020999999999998,0.0
2021-06-10,0.0,0.0,0.0,0.0,0.0
2021-06-11,0.0,0.0,0.0,0.0,0.0
2021-06-12,0.0,0.0,0.0,0.0,0.0
2021-06-13,0.0,0.0,0.0,0.0,0.0
2021-06-14,0.07021,0.07021,0.07021,0.07021,-2.3669195199999996e-05
2021-06-15,0.07021,0.07021,0.0,0.0,-3.93204084e-05
2021-06-16,0.07021000000000002,0.07021000000000002,2.7755575615628914e-17,2.7755575615628914e-17,-4.2126000000000016e-05
2021-06-17,0.03843302647109039,0.03843302647109039,0.03177697352890963,0.03177697352890963,-2.3059815882654237e-05
2021-06-18,0.14042000000000002,0.14042000000000002,0.17885302647109041,0.17885302647109041,0.00014058361815342467
2021-06-19,0.14042000000000002,0.14042000000000002,0.0,0.0,0.00012073805955342469
2021-06-20,0.08896720926322985,0.08896720926322985,0.13917853205167646,0.13917853205167646,2.667731668033759e-05
2021-06-21,0.17349060878903486,0.17349060878903486,0.15173490403165696,0.15173490403165696,6.803376506319551e-05
2021-06-22,0.05451601396950413,0.05451601396950413,0.126194875313205,0.126194875313205,2.945249601012023e-05
2021-06-23,0.02022543136028483,0.02022543136028483,0.0342905826092193,0.0342905826092193,1.925768602880073e-06
2021-06-24,0.007403426409677568,0.007403426409677568,0.012822004950607261,0.012822004950607261,6.361802852219985e-06
2021-06-25,0.013258414240099343,0.013258414240099343,0.005854987830421774,0.005854987830421774,1.4102244373911626e-05
2021-06-26,0.033000769309886074,0.033000769309886074,0.019742355069786728,0.019742355069786728,1.1575025478200796e-05
2021-06-27,0.011266011300687778,0.011266011300687778,0.021734758009198295,0.021734758009198295,3.6072101432445456e-06
2021-06-28,0.0,0.0,0.011266011300687778,0.011266011300687778,0.0
2021-06-29,0.0,0.0,0.0,0.0,0.0
2021-06-30,0.0,0.0,0.0,0.0,0.0
2021-07-01,0.0,0.0,0.0,0.0,0.0
2021-07-02,0.0,0.0,0.0,0.0,0.0
2021-07-03,0.0,0.0,0.0,0.0,0.0
2021-07-04,0.0,0.0,0.0,0.0,0.0
2021-07-05,0.0,0.0,0.0,0.0,0.0
2021-07-06,0.0,0.0,0.0,0.0,0.0
2021-07-07,0.0,0.0,0.0,0.0,0.0
2021-07-08,0.0,0.0,0.0,0.0,0.0
2021-07-09,0.0,0.0,0.0,0.0,0.0
2021-07-10,0.0,0.0,0.0,0.0,0.0
2021-07-11,0.0,0.0,0.0,0.0,0.0
2021-07-12,0.0,0.0,0.0,0.0,0.0
2021-07-13,0.14042000000000004,0.14042000000000004,0.14042000000000004,0.14042000000000004,0.00014868163955342471
2021-07-14,0.2101350852159904,0.2101350852159904,0.18499815461239705,0.18499815461239705,0.00012507252729158808
2021-07-15,0.21036808398997597,0.21036808398997597,0.009128468586997746,0.009128468586997746,0.00023414239923791818
2021-07-16,0.2502378274129969,0.2502378274129969,0.1918395745688522,0.1918395745688522,0.00023119815193804781
2021-07-17,0.25131219199314603,0.25131219199314603,0.0621888673777994,0.0621888673777994,0.0002131399244033402
2021-07-18,0.2630658906856914,0.2630658906856914,0.0762879042751961,0.0762879042751961,0.00020846380120739778
2021-07-19,0.2862218792058337,0.2862218792058337,0.1439686702752414,0.1439686702752414,0.00018492477786860763
2021-07-20,0.14255928121396605,0.14255928121396605,0.17857807441214402,0.17857807441214402,-1.2605999249222123e-05
2021-07-21,0.006910556263708607,0.006910556263708607,0.13564872495025745,0.13564872495025745,-9.249743586215336e-06
2021-07-22,0.0,0.0,0.006910556263708607,0.006910556263708607,0.0
2021-07-23,0.0,0.0,0.0,0.0,0.0
2021-07-24,0.0,0.0,0.0,0.0,0.0
2021-07-25,0.025637769981868244,0.025637769981868244,0.025637769981868244,0.025637769981868244,2.6966319222328657e-05
2021-07-26,0.021604065331115987,0.021604065331115987,0.004033704650752257,0.004033704650752257,1.5054144804028245e-05
2021-07-27,0.013116732768777917,0.013116732768777917,0.00848733256233807,0.00848733256233807,-4.656964802226912e-06
2021-07-28,0.04024371616156311,0.04024371616156311,0.027126983392785187,0.027126983392785187,-2.0629994213638122e-05
2021-07-29,0.061687411304503934,0.061687411304503934,0.022398895745052144,0.022398895745052144,-3.224635703673575e-05
2021-07-30,0.20510529427754612,0.20510529427754612,0.14341788297304217,0.14341788297304217,-0.00011037023543016174
2021-07-31,0.262593599158501,0.262593599158501,0.11476474022981453,0.11476474022981453,-0.0001204624160718826
2021-08-01,0.25905353054702374,0.25905353054702374,0.12909221087396994,0.12909221087396994,-0.00011700645974762246
2021-08-02,0.21124540775288508,0.21124540775288508,0.08437581681224085,0.08437581681224085,-9.949022487422041e-05
2021-08-03,0.16072940408526504,0.16072940408526504,0.10563895279898092,0.10563895279898092,-5.646048589238735e-05
2021-08-04,0.20384628346948402,0.20384628346948402,0.06192994656819947,0.06192994656819947,-8.168065693739625e-05
2021-08-05,0.20727409902962857,0.20727409902962857,0.003427815560144552,0.003427815560144552,-9.408476501800358e-05
2021-08-06,0.26033349744512874,0.26033349744512874,0.11185558864142754,0.11185558864142754,-0.0001310050843853284
2021-08-07,0.2675028689212015,0.2675028689212015,0.06328977208873779,0.06328977208873779,-0.00021008279853182682
2021-08-08,0.26307415252175825,0.26307415252175825,0.06251615904237755,0.06251615904237755,-0.0001662879733698452
2021-08-09,0.14948617217852578,0.14948617217852578,0.11358798034323245,0.11358798034323245,-8.557625718625802e-05
2021-08-10,0.06496166040479917,0.06496166040479917,0.10125887795405142,0.10125887795405142,-5.127869841180356e-05
2021-08-11,0.06819231462603209,0.06819231462603209,0.032190652032989694,0.032190652032989694,-8.076428756522104e-05
2021-08-12,0.03526510865767148,0.03526510865767148,0.03574468754194287,0.03574468754194287,-2.9679550677707418e-05
2021-08-13,0.05170282501801533,0.05170282501801533,0.025915939293901985,0.025915939293901985,-5.034904512790588e-05
2021-08-14,0.04870030605589611,0.04870030605589611,0.03452693668316266,0.03452693668316266,-7.060803653141393e-05
2021-08-15,0.0539559547906452,0.0539559547906452,0.036285698603482526,0.036285698603482526,-6.635077802419882e-05
2021-08-16,0.014615320514065175,0.014615320514065175,0.03941534636812665,0.03941534636812665,-9.91620266238294e-06
2021-08-17,0.028577878355733034,0.028577878355733034,0.013988617342977145,0.013988617342977145,-3.285471331867128e-05
2021-08-18,0.013314805312925415,0.013314805312925415,0.015263073042807617,0.015263073042807617,-7.98888318775525e-06
2021-08-19,0.052365867481287354,0.052365867481287354,0.03905106216836194,0.03905106216836194,-2.821558638637778e-05
2021-08-20,0.08476038579567682,0.08476038579567682,0.08572784637158691,0.08572784637158691,-0.00010704547513007063
2021-08-21,0.026751446776055544,0.026751446776055544,0.07880450293608207,0.07880450293608207,-2.4989596491384526e-05
2021-08-22,0.058871754968576474,0.058871754968576474,0.03212030819252093,0.03212030819252093,-8.398042180216349e-05
2021-08-23,0.06077379876165944,0.06077379876165944,0.012639766626013734,0.012639766626013734,-0.00011988434326997292
2021-08-24,0.027481683193454953,0.027481683193454953,0.03329211556820449,0.03329211556820449,-4.43268557237151e-05
2021-08-25,0.0372446245679217,0.0372446245679217,0.010394544023834624,0.010394544023834624,-3.5801945489159274e-05
2021-08-26,0.04941183545366665,0.04941183545366665,0.012235707285108241,0.012235707285108241,-5.351746781812816e-05
2021-08-27,0.06029302336726598,0.06029302336726598,0.022688227309908417,0.022688227309908417,-2.6104989453307264e-05
2021-08-28,0.06052234350953849,0.06052234350953849,0.0002527101613477821,0.0002527101613477821,-9.073168644258849e-05
2021-08-29,0.04332927670018194,0.04332927670018194,0.0172475616265164,0.0172475616265164,-4.057131945972245e-05
2021-08-30,0.04351526274916738,0.04351526274916738,0.00018598604898544327,0.00018598604898544327,-3.957625352970957e-05
2021-08-31,0.09674113360970885,0.09674113360970885,0.05389648980025959,0.05389648980025959,-0.0001442778336625676
2021-09-01,0.06972007179265341,0.06972007179265341,0.027021061817055426,0.027021061817055426,-9.634500359724364e-05
2021-09-02,0.016887048965392015,0.016887048965392015,0.0528330228272614,0.0528330228272614,-4.540589725814605e-05
2021-09-03,0.026803856477365832,0.026803856477365832,0.043690905442757846,0.043690905442757846,-5.6612961342973915e-05
2021-09-04,0.026803856477365832,0.026803856477365832,0.0,0.0,-4.017683655105319e-05
2021-09-05,0.02684355877291588,0.02684355877291588,3.970229555004881e-05,3.970229555004881e-05,-1.610613526374953e-05
2021-09-06,0.053697863021320756,0.053697863021320756,0.026854304248404876,0.026854304248404876,-0.00013223420956178365
2021-09-07,0.0,0.0,0.053697863021320756,0.053697863021320756,0.0
2021-09-08,0.0,0.0,0.0,0.0,0.0
2021-09-09,0.0,0.0,0.0,0.0,0.0
2021-09-10,0.0,0.0,0.0,0.0,0.0
2021-09-11,0.0,0.0,0.0,0.0,0.0
2021-09-12,0.026919404693275695,0.026919404693275695,0.026919404693275695,0.026919404693275695,-1.615164281596542e-05
2021-09-13,0.00976359409209999,0.00976359409209999,0.017155810601175707,0.017155810601175707,-5.8581564552599944e-06
2021-09-14,0.010072469468256708,0.010072469468256708,0.00030887537615671874,0.00030887537615671874,-6.043481680954025e-06
2021-09-15,0.01069292593709534,0.01069292593709534,0.0006204564688386312,0.0006204564688386312,-6.415755562257204e-06
2021-09-16,0.010492756154346321,0.010492756154346321,0.00020016978274901842,0.00020016978274901842,-9.115267126403735e-06
2021-09-17,0.0,0.0,0.010492756154346321,0.010492756154346321,0.0
2021-09-18,0.0,0.0,0.0,0.0,0.0
2021-09-19,0.0,0.0,0.0,0.0,0.0
2021-09-20,0.0,0.0,0.0,0.0,0.0
2021-09-21,0.0,0.0,0.0,0.0,0.0
2021-09-22,0.0,0.0,0.0,0.0,0.0
2021-09-23,0.0,0.0,0.0,0.0,0.0
2021-09-24,0.0,0.0,0.0,0.0,0.0
2021-09-25,0.0,0.0,0.0,0.0,0.0
2021-09-26,0.03420679401363975,0.03420679401363975,0.03420679401363975,0.03420679401363975,2.3241642187390752e-05
2021-09-27,0.034231407410347185,0.034231407410347185,2.461339670743745e-05,2.461339670743745e-05,2.7690648273265938e-05
2021-09-28,0.040626105946777284,0.040626105946777284,0.0063946985364301,0.0063946985364301,3.3184312717986515e-05
2021-09-29,0.06853702570719288,0.06853702570719288,0.02791091976041559,0.02791091976041559,1.8498321622410875e-05
2021-09-30,0.06862432248144319,0.06862432248144319,8.729677425031723e-05,8.729677425031723e-05,1.8801184241491287e-05
2021-10-01,0.0,0.0,0.06862432248144319,0.06862432248144319,0.0
2021-10-02,0.028603195050898124,0.028603195050898124,0.028603195050898124,0.028603195050898124,7.061213555825118e-05
2021-10-03,0.10534034874046327,0.10534034874046327,0.07673715368956516,0.07673715368956516,4.525542543675898e-05
2021-10-04,0.10451169027024279,0.10451169027024279,0.024627442253197983,0.024627442253197983,1.0983485452793717e-05
2021-10-05,0.08785553528107382,0.08785553528107382,0.0302150307693134,0.0302150307693134,4.515505614087448e-06
2021-10-06,0.09375794466579535,0.09375794466579535,0.03022520169845136,0.03022520169845136,5.9865913094451676e-05
2021-10-07,0.10725677542194834,0.10725677542194834,0.033655847910522084,0.033655847910522084,-0.00011193699660837529
2021-10-08,0.1484160489401027,0.1484160489401027,0.041159273518154384,0.041159273518154384,-0.00015028059723623438
2021-10-09,0.2062602275059663,0.2062602275059663,0.08871431800385823,0.08871431800385823,-0.00015883874237303591
2021-10-10,0.1309266619546913,0.1309266619546913,0.10104998065307016,0.10104998065307016,-0.00013112631987140195
2021-10-11,0.08618787094152955,0.08618787094152955,0.044738791013161736,0.044738791013161736,-7.370716562929609e-05
2021-10-12,0.08901329402617199,0.08901329402617199,0.010793794373636773,0.010793794373636773,-5.34079764157032e-05
2021-10-13,0.16877620540779745,0.16877620540779745,0.07993350264898441,0.07993350264898441,-0.00010636930107242362
2021-10-14,0.13340236874386652,0.13340236874386652,0.03539457897418644,0.03539457897418644,-5.660796115277231e-05
2021-10-15,0.17251823609365652,0.17251823609365652,0.039115867349789994,0.039115867349789994,-0.00016297032109563938
2021-10-16,0.08894372811731863,0.08894372811731863,0.0835783110123161,0.0835783110123161,-1.721150082798234e-05
2021-10-17,0.09829399999999996,0.09829399999999996,0.009350271882681338,0.009350271882681338,6.468433257999995e-05
2021-10-18,0.09829399999999996,0.09829399999999996,0.0,0.0,0.00010645240199999996
2021-10-19,0.1441771865437305,0.1441771865437305,0.045883186543730525,0.045883186543730525,9.057951667006407e-05
2021-10-20,0.13630239777972128,0.13630239777972128,0.13136281861183874,0.13136281861183874,1.5387710137825622e-05
2021-10-21,0.0,0.0,0.13630239777972128,0.13630239777972128,0.0
2021-10-22,0.136969737514336,0.136969737514336,0.136969737514336,0.136969737514336,-0.0002514033612850667
2021-10-23,0.07715093746845485,0.07715093746845485,0.11582667498279084,0.11582667498279084,-9.387782272234554e-05
2021-10-24,0.08409413915212534,0.08409413915212534,0.13347906253154512,0.13347906253154512,-0.00012036183095113209
2021-10-25,0.1695208799052518,0.1695208799052518,0.22605893544731603,0.22605893544731603,-0.00032171943227672916
2021-10-26,0.024422186567501027,0.024422186567501027,0.14941325112018494,0.14941325112018494,-5.860640954976357e-05
2021-10-27,0.07020999999999998,0.07020999999999998,0.09463218656750101,0.09463218656750101,0.00026137674927671225
2021-10-28,0.09082324303230258,0.09082324303230258,0.020613243032302594,0.020613243032302594,6.428968404899711e-05
2021-10-29,0.14041999999999996,0.14041999999999996,0.19001675696769738,0.19001675696769738,-0.00014559307279999996
2021-10-30,0.14041999999999996,0.14041999999999996,0.0,0.0,-0.00021766504199999994
2021-10-31,0.14042,0.14042,2.7755575615628914e-17,2.7755575615628914e-17,-6.38363362e-05
2021-11-01,0.21062999999999998,0.21062999999999998,0.07021,0.07021,-0.00018885226219999998
2021-11-02,0.14042,0.14042,0.21062999999999998,0.21062999999999998,-0.0001529328262
2021-11-03,0.29417948608955735,0.29417948608955735,0.15375948608955736,0.15375948608955736,-0.000514511831813971
2021-11-04,0.2808399999999999,0.2808399999999999,0.03152910523756676,0.03152910523756676,-0.0003502187135999999
2021-11-05,0.28084,0.28084,5.551115123125783e-17,5.551115123125783e-17,-0.0003821937518
2021-11-06,0.21888721674007502,0.21888721674007502,0.06195278325992496,0.06195278325992496,-0.00010024001781140009
2021-11-07,0.22941482957172846,0.22941482957172846,0.010527612831653448,0.010527612831653448,-7.407025406685217e-05
2021-11-08,0.21062999999999998,0.21062999999999998,0.15920482957172846,0.15920482957172846,-0.000277849054
2021-11-09,0.21063000000000004,0.21063000000000004,0.14042000000000004,0.14042000000000004,-0.00016492609840000003
2021-11-10,0.09517696747080376,0.09517696747080376,0.11545303252919627,0.11545303252919627,-0.0001232009727295551
2021-11-11,0.09136285314263293,0.09136285314263293,0.0038141143281708347,0.0038141143281708347,-4.018372952681941e-05
2021-11-12,0.09221564638874144,0.09221564638874144,0.0008527932461085165,0.0008527932461085165,7.965012761764365e-06
2021-11-13,0.09207915296933747,0.09207915296933747,0.00013649341940396784,0.00013649341940396784,1.2349185280500916e-05
2021-11-14,0.09331447611066014,0.09331447611066014,0.0012353231413226723,0.0012353231413226723,9.50048977974788e-06
2021-11-15,0.0933816682823467,0.0933816682823467,6.719217168656144e-05,6.719217168656144e-05,-7.721245018403392e-05
2021-11-16,0.07021000000000001,0.07021000000000001,0.16359166828234672,0.16359166828234672,0.00012027149967671233
2021-11-17,0.07021,0.07021,1.3877787807814457e-17,1.3877787807814457e-17,8.059723287671234e-05
2021-11-18,0.07020999999999998,0.07020999999999998,1.3877787807814457e-17,1.3877787807814457e-17,8.059723287671231e-05
2021-11-19,0.07021,0.07021,1.3877787807814457e-17,1.3877787807814457e-17,8.059723287671234e-05
2021-11-20,0.00693780420479227,0.00693780420479227,0.06327219579520772,0.06327219579520772,7.964219073446468e-06
2021-11-21,0.006895350765271359,0.006895350765271359,4.2453439520910574e-05,4.2453439520910574e-05,7.915484851092328e-06
2021-11-22,0.07649036767395986,0.07649036767395986,0.06959501690868851,0.06959501690868851,9.49515064396288e-05
2021-11-23,0.10978519447506392,0.10978519447506392,0.03329482680110405,0.03329482680110405,0.00015076237063027886
2021-11-24,0.14042000000000002,0.14042000000000002,0.030634805524936096,0.030634805524936096,0.0002930123365534247
2021-11-25,0.1268322822325715,0.1268322822325715,0.013587717767428502,0.013587717767428502,0.0001646027637265362
2021-11-26,0.12858491391485366,0.12858491391485366,0.001752631682282138,0.001752631682282138,0.0002580754103624969
2021-11-27,0.12928699241007244,0.12928699241007244,0.0007020784952187845,0.0007020784952187845,0.00014841438306800096
2021-11-28,0.09487611120513988,0.09487611120513988,0.03441088120493256,0.03441088120493256,0.00010891257697247565
2021-11-29,0.010813314845149554,0.010813314845149554,0.08406279635999032,0.08406279635999032,1.2413092931829215e-05
2021-11-30,0.011202226249655006,0.011202226249655006,0.00038891140450545217,0.00038891140450545217,1.2859541913987529e-05
2021-12-01,0.012170766609391573,0.012170766609391573,0.02337299285904658,0.02337299285904658,-8.82380579180889e-06
2021-12-02,0.009712839934934643,0.009712839934934643,0.0024579266744569304,0.0024579266744569304,-5.827703960960786e-06
2021-12-03,0.009156702251346646,0.009156702251346646,0.01886954218628129,0.01886954218628129,1.0511392447436288e-05
2021-12-04,0.0,0.0,0.009156702251346646,0.009156702251346646,0.0
2021-12-05,0.0,0.0,0.0,0.0,0.0
2021-12-06,0.023465297524853077,0.023465297524853077,0.023465297524853077,0.023465297524853077,1.2446115955306176e-05
2021-12-07,0.0,0.0,0.023465297524853077,0.023465297524853077,0.0
2021-12-08,0.0,0.0,0.0,0.0,0.0
2021-12-09,0.0,0.0,0.0,0.0,0.0
2021-12-10,0.004874133717819774,0.004874133717819774,0.004874133717819774,0.004874133717819774,5.595238432236946e-06
2021-12-11,0.004874183432438988,0.004874183432438988,4.9714619213860056e-08,4.9714619213860056e-08,5.5952955018957154e-06
2021-12-12,0.004736908526265093,0.004736908526265093,0.0001372749061738952,0.0001372749061738952,5.437711431520751e-06
2021-12-13,0.017286349499221393,0.017286349499221393,0.01263255333215362,0.01263255333215362,1.0446617213035458e-05
2021-12-14,0.044221658666023886,0.044221658666023886,0.02693530916680249,0.02693530916680249,1.9648175465671746e-05
2021-12-15,0.0047993256423283495,0.0047993256423283495,0.039422333023695535,0.039422333023695535,5.509362860645421e-06
2021-12-16,0.004678384120212688,0.004678384120212688,0.00012094152211566175,0.00012094152211566175,5.370528620189361e-06
2021-12-17,0.060241628229535354,0.060241628229535354,0.055563244109322674,0.055563244109322674,6.48601834321273e-05
2021-12-18,0.07380398000551125,0.07380398000551125,0.013562351775975898,0.013562351775975898,8.141652903504851e-05
2021-12-19,0.07191966203907936,0.07191966203907936,0.0034482952975353927,0.0034482952975353927,8.013271413207255e-05
2021-12-20,0.08950336954782842,0.08950336954782842,0.019991416542926684,0.019991416542926684,0.00010274496394668524
2021-12-21,0.14779394771709775,0.14779394771709775,0.11358896632172541,0.11358896632172541,5.630274732493683e-05
2021-12-22,0.07628471324262605,0.07628471324262605,0.0715092344744717,0.0715092344744717,1.6644078045488372e-06
2021-12-23,0.14349252406632534,0.14349252406632534,0.12148323730895144,0.12148323730895144,7.173895642365343e-05
2021-12-24,0.05819584094014124,0.05819584094014124,0.09509476902067128,0.09509476902067128,-3.1978078795738595e-05
2021-12-25,0.05474138125726468,0.05474138125726468,0.0184489612932325,0.0184489612932325,-2.7370690628632344e-05
2021-12-26,0.04482892719203367,0.04482892719203367,0.055083022449324004,0.055083022449324004,-1.8509806168665622e-05
2021-12-27,0.07309132267024528,0.07309132267024528,0.04194474897174497,0.04194474897174497,-2.969291365446287e-05
2021-12-28,0.0,0.0,0.07309132267024528,0.07309132267024528,0.0
2021-12-29,0.019402745094890816,0.019402745094890816,0.019402745094890816,0.019402745094890816,2.0303133467884658e-05
2021-12-30,0.0193514317775261,0.0193514317775261,5.1313317364715116e-05,5.1313317364715116e-05,1.775116910300518e-05
2021-12-31,0.023288381096762584,0.023288381096762584,0.003936949319236481,0.003936949319236481,2.0989550970016442e-05
2022-01-01,0.023347593759074914,0.023347593759074914,5.921266231233074e-05,5.921266231233074e-05,2.6801758315212025e-05
2022-01-02,0.023405376306786338,0.023405376306786338,5.778254771142584e-05,5.778254771142584e-05,2.0179223054943322e-05
2022-01-03,0.023462865659975084,0.023462865659975084,5.7489353188743854e-05,5.7489353188743854e-05,2.2808921310392257e-05
2022-01-04,0.06084542918103687,0.06084542918103687,0.03738256352106179,0.03738256352106179,6.984721870371082e-05
2022-01-05,0.18014668939205725,0.18014668939205725,0.11940285879096901,0.11940285879096901,0.00018614854559047175
2022-01-06,0.1948783802253484,0.1948783802253484,0.01473169083329115,0.01473169083329115,0.00018107810777319314
2022-01-07,0.19472064509209353,0.19472064509209353,0.00015773513325491317,0.00015773513325491317,0.00019345655833200083
2022-01-08,0.19903956975057388,0.19903956975057388,0.0642775779404314,0.0642775779404314,0.00018452216338914895
2022-01-09,0.18543010472014954,0.18543010472014954,0.017489403374537325,0.017489403374537325,0.00013890578741448844
2022-01-10,0.2144883916319072,0.2144883916319072,0.029058286911757665,0.029058286911757665,0.00012447147164277632
2022-01-11,0.17334122840500282,0.17334122840500282,0.05646746303629768,0.05646746303629768,0.0001679980216842444
2022-01-12,0.01487075727495683,0.01487075727495683,0.15847047113004598,0.15847047113004598,8.0029241445122e-06
2022-01-13,0.009708829292593892,0.009708829292593892,0.005161927982362938,0.005161927982362938,4.623395048244598e-06
2022-01-14,0.009703478359848127,0.009703478359848127,5.350932745765494e-06,5.350932745765494e-06,2.3607127266410687e-06
2022-01-15,0.009690583639508213,0.009690583639508213,1.289472033991386e-05,1.289472033991386e-05,8.20603667006957e-06
2022-01-16,0.009686018486130965,0.009686018486130965,4.5651533772481795e-06,4.5651533772481795e-06,7.314350419987139e-06
2022-01-17,0.009683632995022801,0.009683632995022801,2.3854911081633984e-06,2.3854911081633984e-06,8.869289868093962e-06
2022-01-18,0.01937365719673618,0.01937365719673618,0.009690024201713377,0.009690024201713377,2.223912194530791e-05
2022-01-19,0.019355673873911503,0.019355673873911503,1.7983322824675907e-05,1.7983322824675907e-05,2.027323357109754e-05
2022-01-20,0.07343999095307356,0.07343999095307356,0.05416143483297867,0.05416143483297867,8.306496540856528e-05
2022-01-21,0.1779914234555912,0.1779914234555912,0.10455143250251764,0.10455143250251764,0.00013383749986971838
2022-01-22,0.07769604917513158,0.07769604917513158,0.10029537428045965,0.10029537428045965,4.7272981676777564e-05
2022-01-23,0.018671991669934624,0.018671991669934624,0.059024057505196945,0.059024057505196945,1.2092101057064791e-05
2022-01-24,0.004171878145035183,0.004171878145035183,0.014500113524899442,0.014500113524899442,3.2170821106069412e-06
2022-01-25,0.0021768229410421194,0.0021768229410421194,0.0021768229410421194,0.0021768229410421194,1.5462086664293079e-06
2022-01-26,0.0,0.0,0.0021768229410421194,0.0021768229410421194,0.0
2022-01-27,0.0,0.0,0.0,0.0,0.0
2022-01-28,0.0,0.0,0.0,0.0,0.0
2022-01-29,0.0,0.0,0.0,0.0,0.0
2022-01-30,0.0,0.0,0.0,0.0,0.0
2022-01-31,0.0,0.0,0.0,0.0,0.0
2022-02-01,0.0,0.0,0.0,0.0,0.0
2022-02-02,0.0,0.0,0.0,0.0,0.0
2022-02-03,2.2451148083533496,2.24511480835335,2.2451148083533496,2.2451148083533496,0.0
2022-02-04,1.1079399787208386,1.1079399787208384,1.2347753544432725,1.2347753544432725,0.0
2022-02-05,0.6039175998228917,0.6039175998228917,0.8895388056187916,0.8895388056187916,0.0
2022-02-06,0.5453264508106446,0.5453264508106447,0.1494763510660994,0.1494763510660994,0.0
2022-02-07,0.48115198222629374,0.4811519822262938,0.12254481737851664,0.10570799418293052,1.6787312313202077e-06
2022-02-08,0.4614835863096875,0.46148358630968755,0.02680561496550008,0.02652615887698927,-1.7594941464802976e-05
2022-02-09,0.48787519538213286,0.487875195382133,0.17651122047016568,0.17649256484804682,-2.118870119591192e-05
2022-02-10,0.5118012031528638,0.5118012031528637,0.19300028769086025,0.19300028769086025,-8.254347727798086e-06
2022-02-11,0.47709158589233885,0.4770915858923388,0.03789804044586943,0.03789804044586943,5.24829923727308e-06
2022-02-12,0.4128815118948281,0.4128815118948281,0.19997177635060107,0.1929779282939269,-1.1480717243752457e-05
2022-02-13,0.42326121068503464,0.4232612106850346,0.01166485088254035,0.01166485088254035,-1.5314931197513192e-05
2022-02-14,0.446836658220965,0.44683665822096497,0.06964310118518971,0.06884614935232854,-9.979862859933847e-07
2022-02-15,0.36847501898705354,0.36847501898705376,0.33247068780108463,0.33045222976835376,-1.460812238653393e-06
2022-02-16,0.3671005636495222,0.36710056364952215,0.004486373074053188,0.003942637299714118,-6.20847166235916e-06
2022-02-17,0.3643346747981074,0.3643346747981075,0.032529776915036876,0.03160945479370226,1.6810889148388204e-05
2022-02-18,0.4582981975871825,0.45829819758718254,0.23072152090976997,0.230126327636842,6.442245496240958e-05
2022-02-19,0.4988483388763118,0.4988483388763117,0.10893490911235351,0.10776659164596375,8.120156907720937e-05
2022-02-20,0.5167631435217458,0.49105643083078904,0.22425035799138782,0.20585039246508,3.888913714525913e-05
2022-02-21,0.5178948636266502,0.441586539447389,0.26148692104327376,0.25371231979749226,2.067089508292968e-05
2022-02-22,0.5359664674870331,0.44852108628923315,0.04919433174101735,0.04823327348189467,1.575825885470962e-05
2022-02-23,0.4547648849969341,0.39801021040245316,0.1445405765792266,0.14372587778159893,3.442989975188918e-05
2022-02-24,0.3998254615653725,0.3998254615653726,0.19148995589859935,0.16295705768471777,9.941198877291456e-07
2022-02-25,0.3836930280759388,0.3836930280759388,0.16214443370805487,0.16214443370805487,0.0
2022-02-26,0.449141030820857,0.44914103082085693,0.15486254561798746,0.15486254561798746,0.00011508122584770797
2022-02-27,0.45179684065941633,0.4517968406594165,0.17213424591993873,0.15638581057690942,8.178413238385468e-05
2022-02-28,0.46318804055261487,0.463188040552615,0.05018330111981209,0.04795700706701156,4.089222087859745e-05
2022-03-01,0.42953301951350814,0.429533019513508,0.034221548443381725,0.03422154844338173,-4.563284371224937e-06
2022-03-02,0.46418531818328684,0.46418531818328673,0.2669182082073801,0.2669182082073801,2.9240100739500114e-05
2022-03-03,0.4611990155616733,0.4611990155616733,0.012454757228441636,0.012099051256044845,-9.090710572919614e-06
2022-03-04,0.42947307202366636,0.4294730720236663,0.03254247941035279,0.03254247941035279,0.0
2022-03-05,0.39792657657584174,0.3979265765758418,0.3189214993038225,0.3189214993038225,0.0
2022-03-06,0.37474634340828544,0.37474634340828544,0.023578625130709754,0.023578625130709754,0.0
2022-03-07,1.4995672572732146,1.4995672572732146,1.2729709867137766,1.2729709867137766,5.624769222964299e-06
2022-03-08,0.4384537074001682,0.43845370740016815,1.326428335494611,1.3264283354946107,1.5378672851242236e-05
2022-03-09,0.45666704680843856,0.4566670468084388,0.05023400070663813,0.0494623218905276,4.2035186670051825e-05
2022-03-10,0.4950591120374934,0.4950591120374934,0.061466422880048,0.06119900677336022,-6.425260634027384e-06
2022-03-11,0.5591152888710486,0.5591152888710487,0.1757027993656167,0.15782610498071362,9.106246098194043e-06
2022-03-12,0.5574871539986561,0.5574871539986562,0.26509775633818944,0.26509775633818944,8.694755483777302e-06
2022-03-13,0.5846766162164266,0.5846766162164264,0.05146406610916895,0.05041492125453809,3.670378391966241e-05
2022-03-14,1.3975354612978548,1.3975354612978552,0.9734074131314046,0.9734074131314046,6.224581889815683e-05
2022-03-15,0.8217993084403997,0.8217993084403995,0.6123498821490073,0.6123474455088324,6.269299543393873e-05
2022-03-16,0.46067238836495644,0.46067238836495644,0.3615729276297903,0.36156006708416083,1.5354524983538662e-05
2022-03-17,0.47357591175816793,0.47357591175816793,0.19920749195698076,0.19920749195698073,1.1039635267222656e-05
2022-03-18,0.4759769573716409,0.47597695737164103,0.0025532344923495658,0.0025532344923495684,1.1041190464234514e-05
2022-03-19,0.4655201134618284,0.4655201134618284,0.21592350499129848,0.2019562553944081,-2.9232001906056355e-05
2022-03-20,0.4341509725482846,0.4341509725482846,0.15134284795155087,0.15130296729084908,-2.91901272123195e-05
2022-03-21,0.40386221865790545,0.40386221865790556,0.07217600480271001,0.068097164185658,-3.073658943365985e-05
2022-03-22,0.7166985793792667,0.6951907159644188,0.4784429542914275,0.47610174021104973,-4.519309046435423e-05
2022-03-23,0.6958726760372449,0.6674666664941338,0.22157279091880314,0.17957821326854856,-4.768992588676721e-05
2022-03-24,0.7789288810091746,0.7161418795452763,0.1195293030374728,0.11952930303747283,-8.36590579300627e-05
2022-03-25,0.8779335922648687,0.8072982171145581,0.09913456625115724,0.0912861925647448,-0.00011597612220506462
2022-03-26,0.9280626153914172,0.856724033186177,0.2190685187523254,0.21647545540065358,-0.0001183671143078687
2022-03-27,1.7150786239516755,1.6440213712041825,0.8739820341998777,0.8537484460097055,-9.186145320156655e-05
2022-03-28,1.6120000170145328,1.5488942807634951,0.5936692196656508,0.5569338277736299,-8.829800816764653e-05
2022-03-29,1.1653752474708974,1.0698220736766144,0.7842354543961384,0.7825400029683068,-0.00010818697553257399
2022-03-30,1.5113030361579303,1.4116526391716055,0.35676092564846906,0.3523069666453484,-0.00011776349857507581
2022-03-31,1.12382258651797,1.0546414884561857,0.4389696472699456,0.4278557391914952,-4.992543612469968e-05
2022-04-01,0.7115045194977379,0.6541676137947233,0.6170938024905961,0.5955908661495825,-6.781275995735493e-05
2022-04-02,0.6228726328210299,0.5792896839382031,0.44115375211236146,0.41249951350495984,-6.763990794034377e-05
2022-04-03,0.6360152230488801,0.5923404531342809,0.04798353938009588,0.04551474666975776,-5.323954328756207e-05
2022-04-04,0.61593495478988,0.5951457035149165,0.2724711904042922,0.26773747528872505,-1.639176923505491e-05
2022-04-05,0.5669691640938159,0.5485228545692208,0.051408740032711245,0.0495765280302259,-1.505644076828423e-05
2022-04-06,0.37901842434688904,0.379018424346889,0.2681397099345975,0.23411178978970587,1.618668078519298e-05
2022-04-07,0.35790350385632064,0.3579035038563207,0.13253184065566692,0.13253184065566692,2.3582397831375487e-05
2022-04-08,0.3434200747439513,0.3434200747439513,0.05193952349921709,0.047095706588818224,4.411470539550527e-05
2022-04-09,0.3033318665451512,0.30333186654515126,0.16156490861735703,0.16156490861735703,4.697714544694689e-05
2022-04-10,0.32717011527887474,0.32717011527887474,0.10227052621922773,0.10186999494127222,4.8251756848815915e-05
2022-04-11,0.38511622336307505,0.38511622336307505,0.11875553877718496,0.11692885616440554,6.520587655135152e-05
2022-04-12,0.31040899306532,0.31040899306532,0.07816933031286563,0.0781661618784247,2.040733540730322e-05
2022-04-13,0.43866756391148237,0.4354721792403352,0.28652489067578585,0.28652489067578585,2.0750675973186307e-05
2022-04-14,0.23133503994153642,0.23133503994153645,0.20839027275728936,0.20832595081337055,1.4692139180888092e-05
2022-04-15,0.2255577215879013,0.22555772158790133,0.0057835540786322776,0.005777318353635121,1.4695718316194682e-05
2022-04-16,0.38740023015523006,0.3874002301552302,0.38388430290483355,0.3838334139065665,1.4724927206980835e-05
2022-04-17,0.45268341187375927,0.45268341187375943,0.3699354241416774,0.36988017303117604,2.558610605320287e-05
2022-04-18,0.4889555632065714,0.48895556320657146,0.047057451862031474,0.04666470090884963,3.11210767151452e-05
2022-04-19,0.2536447014880418,0.25364470148804175,0.36373110202325143,0.36373110202325143,0.0
2022-04-20,0.28253261875313385,0.28253261875313385,0.035393551422132505,0.035393551422132505,0.0
2022-04-21,0.2743461113427119,0.2743461113427119,0.04512045125464054,0.04512045125464054,0.0
2022-04-22,0.2705619422472813,0.27056194224728136,0.10547561171865079,0.10547561171865079,0.0
2022-04-23,0.31575341485759184,0.31575341485759173,0.15200072715909757,0.15200072715909757,0.0
2022-04-24,0.33976756367731564,0.33976756367731564,0.0300488050951597,0.029915303013238127,1.369040297132295e-05
2022-04-25,0.475089146279823,0.47371665640231486,0.22794356554817635,0.20606120960337196,9.083957738664444e-05
2022-04-26,0.6369504195700615,0.5719710430539894,0.32602164797703703,0.3231968758488406,0.00013870979385613896
2022-04-27,0.6380228883675243,0.5728872744151005,0.010979425011886814,0.010472136766232577,7.421507756378029e-05
2022-04-28,0.44739744412848464,0.39616289523763754,0.2851898752720323,0.2836135577335235,0.00011127131913226567
2022-04-29,0.5099727775937624,0.45563591045708113,0.07209083029274628,0.07072015641320509,0.0001536400251434545
2022-04-30,0.4998741964284024,0.4513870586245119,0.1174502248591863,0.11225206683728346,5.696485168140916e-05
2022-05-01,0.2941154634441273,0.27508542859833723,0.37299195256389045,0.31260735708752085,1.3914422776190361e-05
2022-05-02,0.3084172303512012,0.2894108309624105,0.01636934583458028,0.01636934583458028,1.9676281707449512e-05
2022-05-03,0.30551072133446083,0.2871639949883866,0.004765033663885652,0.004683415159121465,1.9978322112667486e-05
2022-05-04,0.26649525912469135,0.26372530932615756,0.19399883603556514,0.19393840243931995,1.7339024727173686e-05
2022-05-05,0.2900062278376549,0.289724464537298,0.03273611200307784,0.03273611200307784,3.339230085634034e-05
2022-05-06,0.3240418980737989,0.263733499407843,0.10631766701170009,0.10151193780080359,-1.5828393949235157e-07
2022-05-07,0.35241859077077814,0.28033090942292027,0.20003336090116516,0.19492873983464656,4.421595618711886e-05
2022-05-08,0.36069430668863334,0.28824205801189273,0.008624347001904085,0.00825977967302146,5.31080968290262e-05
2022-05-09,0.4529072145219942,0.3435482833081455,0.11429877929389919,0.11108870896302511,0.00010381942951639339
2022-05-10,0.2100870065829265,0.16858771104582632,0.2916044791766833,0.2459519821458026,2.32560568256483e-05
2022-05-11,0.2116929184101039,0.20205023004275005,0.13597275599658634,0.1205331629057371,8.932191796116792e-06
2022-05-12,0.1641468937965435,0.16179362383264986,0.05272872229528929,0.04732719702827821,-8.556365729993512e-06
2022-05-13,0.1790952423010604,0.16843454737637484,0.12818023535941397,0.12710220484116397,5.251052230111103e-06
2022-05-14,0.15812751134983452,0.14878186907546875,0.055072094257868534,0.054930156543646164,6.388887782963228e-06
2022-05-15,0.15759760669406067,0.1482676577125684,0.006607786652602288,0.006607786652602289,2.5561504058882887e-06
2022-05-16,0.17074890483066635,0.17074890483066635,0.12273124678535785,0.12273124678535785,2.954145202320788e-06
2022-05-17,0.1686081878267086,0.16860818782670864,0.0025305226013869466,0.0025305226013869466,2.9536120128421743e-06
2022-05-18,0.1753859430269967,0.16530098789377332,0.00833307525700486,0.008092212230930424,-2.748816044782557e-06
2022-05-19,0.16297931995287324,0.1497648722980705,0.0732119447264437,0.0732119447264437,2.3205586452284495e-06
2022-05-20,0.17587290036146327,0.16045272368404304,0.01289358040859002,0.012605629151641401,1.3669188588173981e-05
2022-05-21,0.20314264182962746,0.1943235422538834,0.10852185970537363,0.10852185970537362,3.16682627228872e-06
2022-05-22,0.1745840527055624,0.1726121814925548,0.10106732995192748,0.0893456286503233,1.1113854533275428e-05
2022-05-23,0.16867721844738115,0.16616658535265386,0.00736702871442875,0.007367028714428751,1.1446953444619858e-05
2022-05-24,0.16798507352449168,0.16564972807540213,0.0023389907223202353,0.0023389907223202357,5.832989223772452e-06
2022-05-25,0.17446713022538818,0.17199765535245157,0.06533314875158179,0.06521264642484162,1.0292398025396048e-05
2022-05-26,0.2140850417969446,0.2140850417969446,0.1124688875753669,0.11211174219539763,-4.529564418460649e-06
2022-05-27,0.23330941374353892,0.23330941374353897,0.034606268964527,0.03460626896452701,6.911069353593752e-06
2022-05-28,0.217470665499921,0.21747066549992103,0.09717056516838099,0.09679617903323959,-7.777298065924336e-06
2022-05-29,0.18916123824347789,0.18916123824347789,0.030124925572101335,0.029719371705322035,1.8240995201564277e-05
2022-05-30,0.1707742097970035,0.17077420979700353,0.0814717479018702,0.0806132804386347,-3.9201533347115e-06
2022-05-31,0.19958612283803978,0.19958612283803978,0.11039592084616873,0.11039592084616873,-8.471096067849679e-06
2022-06-01,0.25265984913304007,0.25265984913304,0.07751985272544079,0.0774148819253947,-2.166805274663357e-06
2022-06-02,0.24278646787036612,0.24278646787036615,0.025421484159806575,0.025421484159806582,-9.605459992905332e-07
2022-06-03,0.20622386300296253,0.20622386300296253,0.1082975395547325,0.1081968950055734,2.1641971067957075e-05
2022-06-04,0.1982424898121253,0.19824248981212525,0.06682793084572866,0.062400100342133294,3.879778827595282e-06
2022-06-05,0.15965112457111333,0.15616620053593294,0.07323415998537937,0.07307641571480841,-2.078580053899972e-06
2022-06-06,0.1668899754301561,0.16688997543015607,0.07349663693594699,0.07342601544948973,-1.0564335109988437e-06
2022-06-07,0.36905760301976354,0.3690576030197636,0.20633696284605002,0.20633696284605005,-2.9333418991063966e-05
2022-06-08,0.37683139080903894,0.376831390809039,0.055338187492230705,0.05448573664920077,7.760834686655636e-06
2022-06-09,0.4425123589152745,0.4328820564971889,0.12883150524738995,0.12772682020713977,6.14015029698809e-06
2022-06-10,0.45722042526787554,0.43241673384989965,0.45390927258099595,0.45382044003728966,2.6508364961801676e-05
2022-06-11,0.5792528279467903,0.5316607828988228,0.18020545082171796,0.16389974835919235,-5.782624389773557e-05
2022-06-12,0.44822902623647587,0.40489909357794757,0.3429514445161786,0.3276689789186677,-4.8919681847968356e-05
2022-06-13,0.4269747271482899,0.3850597151218482,0.04858811196785406,0.045450968861904445,-4.183338035256766e-06
2022-06-14,0.2776503027537675,0.24716374540243463,0.1493244243945224,0.14216614449035977,1.344144382839718e-05
2022-06-15,0.18556562646931696,0.18556562646931696,0.22236418792741938,0.1944571343413195,0.0
2022-06-16,0.1773647048715397,0.1773647048715397,0.008540701653489271,0.008540701653489271,0.0
2022-06-17,0.17902809408361517,0.1790280940836152,0.004709963515405417,0.004709963515405417,0.0
2022-06-18,0.3037358321739557,0.26860247038307766,0.2440996266910391,0.22028930661670432,-2.5789672903312125e-05
2022-06-19,0.17944117269548723,0.1776143115916412,0.1243418597156963,0.12234247880492556,2.121792911269075e-06
2022-06-20,0.1585565631452468,0.15674485691216575,0.056991020769706774,0.0569758658989419,3.52936848466577e-06
2022-06-21,0.1782905750952179,0.17829057509521792,0.10379648180987454,0.10379648180987454,0.0
2022-06-22,0.17447477262808114,0.17447477262808114,0.0038160296709047114,0.0038160296709047114,0.0
2022-06-23,0.18090636000683183,0.18090636000683188,0.008282456219077028,0.008282456219077028,0.0
2022-06-24,0.17709390361910604,0.17709390361910615,0.07111868702117954,0.07111868702117954,0.0
2022-06-25,0.19391110208074025,0.19391110208074022,0.14891952400274083,0.14891952400274083,0.0
2022-06-26,0.1651011324443583,0.1651011324443583,0.02886031191386851,0.02886031191386851,0.0
2022-06-27,0.1682584216086686,0.1682584216086686,0.044705201959265896,0.044705201959265896,0.0
2022-06-28,0.16515469397885985,0.16515469397885985,0.0031436569640756616,0.0031436569640756616,0.0
2022-06-29,0.15905280757525692,0.15905280757525683,0.006101886403602938,0.006101886403602938,0.0
2022-06-30,0.12725902109172682,0.12725902109172682,0.10315423978606082,0.10315423978606081,-2.2953048324775873e-06
2022-07-01,0.128301942789436,0.128301942789436,0.0031867156768241,0.003161069129892353,-3.456097071533541e-06
2022-07-02,0.16342151540738672,0.1634215154073867,0.09643279593514938,0.09643279593514936,-4.646590555598699e-07
2022-07-03,0.14081933330149787,0.14081933330149787,0.09373587171614034,0.09373587171614035,3.788591616690826e-07
2022-07-04,0.14411838723609494,0.1441183872360949,0.0033722492264723846,0.0033722492264723855,2.2961140580387525e-06
2022-07-05,0.14953169168706693,0.14953169168706695,0.06305396164576879,0.06305396164576879,8.096788132456685e-06
2022-07-06,0.1459604809322187,0.14596048093221867,0.04775521273218238,0.047679243716030155,1.1508056825663572e-05
2022-07-07,0.21421383270855326,0.2142138327085532,0.07139794206302813,0.0710368022106049,9.904326760344418e-06
2022-07-08,0.24337012443135814,0.24337012443135822,0.029161600000245175,0.029156291722804917,3.318795140100759e-05
2022-07-09,0.2933748462885264,0.2933748462885264,0.13975519474491366,0.1298845824899059,2.806454258064366e-05
2022-07-10,0.32680370808534664,0.32680370808534676,0.07373612384876974,0.07057995232245504,5.6569179939999987e-05
2022-07-11,0.2578780327637346,0.25787803276373467,0.167219675321612,0.16633775620623975,-1.5290832938641295e-05
2022-07-12,0.25933042130089284,0.2593304213008929,0.1526101415775155,0.1522181689812409,-2.27702575309672e-05
2022-07-13,0.30486151304931564,0.3048615130493155,0.04561016887468021,0.04561016887468014,-8.099053967890406e-05
2022-07-14,0.25517696497696646,0.2551769649769665,0.07590059824196818,0.0717423989432462,-3.316716016361842e-05
2022-07-15,0.19362371583845087,0.19362371583845076,0.1467518467853827,0.14494881425285752,1.196736727800582e-05
2022-07-16,0.305643868985793,0.3056438689857929,0.23679949772619874,0.22917796789466505,-2.557299600067431e-05
2022-07-17,0.3073123039969516,0.3073123039969516,0.0020768027951036947,0.0020747588053962084,-3.7466475252216673e-05
2022-07-18,0.4275974691598294,0.3990077989343257,0.2641009799899225,0.2561782484743157,-7.344742027435246e-05
2022-07-19,0.43341801339372604,0.40660529613841884,0.07098758885010731,0.06830582513101277,-9.802983009545383e-05
2022-07-20,0.4019497254170732,0.35970042408221153,0.13086888421956178,0.12474571604565077,-5.637691866518064e-05
2022-07-21,0.3232554680376973,0.31727925976586185,0.12405604644840873,0.1168990611259746,-2.3276004867197498e-05
2022-07-22,0.315972416054061,0.3106491402325605,0.011889865365107805,0.010791306704600047,-3.16793154003845e-05
2022-07-23,0.25172750468835353,0.2468695903959607,0.11176848466212316,0.11130312313301549,1.2523671257699597e-05
2022-07-24,0.2673430833910908,0.2562610417889969,0.05773553972393451,0.05734977092651112,-3.929418242866261e-06
2022-07-25,0.17058359305210152,0.1705835930521015,0.13131013999820967,0.13131013999820967,0.0
2022-07-26,0.1739451214220587,0.17394512142205873,0.0038394975232075787,0.0038394975232075787,0.0
2022-07-27,0.18844547985114807,0.18844547985114804,0.0699780526771107,0.06486533642274289,9.662847134632566e-07
2022-07-28,0.2516208046814419,0.2516208046814419,0.08255504625722067,0.08094479599633336,-2.5366808939519026e-05
2022-07-29,0.2850996957299998,0.2554530689571689,0.05304100803016937,0.05280173883479972,-4.933310252828718e-05
2022-07-30,0.3834688370442422,0.36214624852960337,0.28217485839376766,0.2563647169309533,-0.0001159713958303862
2022-07-31,0.37620982449888285,0.3556613516705451,0.007481938342456942,0.0066397025613301784,-6.115321861319031e-05
2022-08-01,0.2845299931334522,0.2649238164555391,0.10029151029579401,0.09807579675637594,-5.161170849370121e-05
2022-08-02,0.25022611989557314,0.23881428976717592,0.14298670906449285,0.13227477872194915,-2.2056203231126152e-05
2022-08-03,0.2836122152086591,0.28361221520865915,0.049411080491120696,0.049316393963534724,-6.872304667551533e-06
2022-08-04,0.24418702295962882,0.24418702295962894,0.0761140271182645,0.07588177732702607,-3.734560929270662e-06
2022-08-05,0.23652290469314993,0.2365229046931499,0.04894451469326164,0.04893954281723119,1.065157861925845e-05
2022-08-06,0.25297553466238126,0.25297553466238126,0.10818691168362994,0.10712148572813189,-3.9976280424381434e-05
2022-08-07,0.6649878591294527,0.6649878591294527,0.4341201200035102,0.4341201200035102,-1.7200420415605867e-05
2022-08-08,0.7711037891831007,0.7529245694368067,0.16381216269368282,0.15456548981499968,-1.373400312947156e-05
2022-08-09,0.3427260246884945,0.3172786593501073,0.5936064101773092,0.5873025608932756,6.096741753112705e-06
2022-08-10,0.34193986797003717,0.31593879113527457,0.011723950929260329,0.010720716499419226,-1.1333093934623283e-06
2022-08-11,0.37705956464950985,0.3600897800523457,0.09898612226410548,0.098983735938047,-3.3662889291288595e-05
2022-08-12,0.3806835824354433,0.3635393111548687,0.0037254369591467654,0.003550950275736382,-1.963914111759166e-05
2022-08-13,0.4351895881244667,0.39858574149718995,0.21983089342556622,0.21983089342556617,-7.293861454627186e-05
2022-08-14,0.6549755374277962,0.6549755374277961,0.3430477320240464,0.33590712903142245,-5.502879762448855e-05
2022-08-15,0.5842258690643769,0.5743580360368291,0.15271312778025942,0.13564284367901389,1.9875790451308397e-05
2022-08-16,0.38375754629740233,0.3743754163558512,0.20046832276697463,0.19998261968097794,9.023580307907452e-06
2022-08-17,0.23643951579407574,0.2364395157940757,0.19627204449710609,0.18862851380314316,-8.822753779914644e-06
2022-08-18,0.23813339382725193,0.238133393827252,0.005913304053304383,0.0059133040533043794,-2.1676097622302437e-05
2022-08-19,0.22923862690958713,0.22923862690958716,0.129975655321608,0.12997565532160799,2.336225459902886e-05
2022-08-20,0.22285511466049565,0.22285511466049565,0.14443875895542382,0.14443100591287708,1.225200193027141e-05
2022-08-21,0.2270544244400743,0.22705442444007418,0.004332685664087937,0.0043326856640879385,1.3297861330420289e-05
2022-08-22,0.26100400001694024,0.25290902573384433,0.034033659110716194,0.033817219841109684,-6.831012906216501e-05
2022-08-23,0.27023796712548676,0.26205726716051647,0.06831563366081417,0.06809298340437633,-2.2086147139860847e-05
2022-08-24,0.2519204687748279,0.24370221047937274,0.10536102397914968,0.10536102397914968,1.1114754434100741e-05
2022-08-25,0.25071468033766603,0.24257819695163566,0.00228663408807399,0.0022866340880739917,1.6400546238284638e-05
2022-08-26,0.4750759205038593,0.4671057470506152,0.2811254605496743,0.2811254605496743,2.199238625354644e-05
2022-08-27,0.5631758327204092,0.5540586624274447,0.1288110332163923,0.12877896013339432,-3.754292919237097e-05
2022-08-28,0.6216275590347375,0.6065366318726104,0.06133086794261913,0.060392185436927176,-3.675852350345429e-05
2022-08-29,0.7343960832032377,0.7167639603424444,0.23298857125742523,0.2221548124928997,-0.0001186511703865571
2022-08-30,0.4273832946773235,0.4102811773427851,0.30735499599201416,0.3066489945772836,1.3262817275531142e-05
2022-08-31,0.42422391085862454,0.4067197263709368,0.0071691315248440385,0.00716913152484403,3.651327684758206e-05
2022-09-01,0.4366667964131924,0.4305506358251975,0.14383197281263418,0.14368899463122628,4.140461586291889e-05
2022-09-02,0.41945708791868097,0.4134288957533189,0.03139471288574534,0.03100428710262497,5.877801002162476e-05
2022-09-03,0.39650685522860496,0.39650685522860507,0.26934196293755025,0.2692936096868659,4.351393451063705e-05
2022-09-04,0.4838428551483378,0.4838428551483378,0.1862737031498585,0.1862737031498585,7.051930393054336e-05
2022-09-05,0.40839527590867086,0.40839527590867086,0.10733791100477426,0.10733791100477424,6.418728244523352e-05
2022-09-06,0.39437584857982505,0.39437584857982494,0.08879598967662247,0.08820658366399392,8.98904736264591e-05
2022-09-07,0.6301341350174439,0.6301341350174441,0.29643244678564606,0.29643244678564606,1.474469792484382e-05
2022-09-08,0.37688254212904504,0.3768825421290449,0.3560776629994977,0.3548984046273193,6.96287339479286e-05
2022-09-09,0.34566281625344825,0.34566281625344825,0.14477705017076617,0.14395294724011792,1.569419420020596e-05
2022-09-10,0.3888023541933227,0.3755949581727141,0.21618483759625046,0.2101687324702073,-1.2353179373947595e-05
2022-09-11,0.4386523037264999,0.42492233279555164,0.055870546243340216,0.05584810258652029,-1.0483038134375316e-05
2022-09-12,0.47461136980712376,0.4502197567799417,0.04576916322751897,0.04562372583961483,2.721993212869341e-05
2022-09-13,0.38400507606335105,0.38400507606335116,0.33710363506660124,0.311750932014189,3.452587670071017e-06
2022-09-14,0.3396564543110115,0.33965645431101144,0.07987704056190147,0.07987704056190147,2.4427756478717926e-05
2022-09-15,0.3345555968614986,0.3345555968614986,0.022589473327666518,0.022589473327666518,6.491925757229655e-06
2022-09-16,0.31863525527935654,0.31863525527935643,0.06743801318188666,0.06743484860086874,5.262194375035962e-06
2022-09-17,0.30597723610813093,0.30597723610813093,0.16409315023115711,0.16408165033109168,6.561196414934055e-07
2022-09-18,0.2994973964791194,0.29949739647911927,0.14886848390285345,0.13045389547841496,3.2536952375019323e-05
2022-09-19,0.3698988347295998,0.36789916619462,0.19283715030647397,0.18699596747414884,2.7760397472993204e-05
2022-09-20,0.617156726404556,0.6150208851028691,0.2615123279695644,0.26116832641946336,6.985600646194673e-05
2022-09-21,0.5725130501072101,0.5694152366509171,0.0716328902588124,0.07115024346126433,3.9661416500803415e-05
2022-09-22,0.3592985395356326,0.3558901797724237,0.35676382985410576,0.3565452265045848,1.2009272161246918e-05
2022-09-23,0.31524300563420565,0.31505980873277123,0.15872307651113893,0.15666739894239,3.5264591996120954e-05
2022-09-24,0.33718143046171695,0.3371814304617169,0.13945211420554723,0.13927561515468073,4.222815736876654e-05
2022-09-25,0.3311189506897534,0.33111895068975344,0.11269562202321409,0.11269313877087718,3.479562479455639e-05
2022-09-26,0.3112922322752094,0.31129223227520947,0.020083648356636133,0.020083648356636133,2.6834896442424718e-05
2022-09-27,0.2679869285098148,0.26798692850981487,0.04365087790567228,0.04356634408235273,6.547296237573629e-06
2022-09-28,0.2795874640335088,0.27958746403350887,0.16510747094610492,0.16510747094610492,1.2813272527729354e-06
2022-09-29,0.2853801143357473,0.28538011433574717,0.005884399742753864,0.005884399742753859,2.7566548217979757e-05
2022-09-30,0.29119475054556765,0.29119475054556765,0.006708143219062553,0.006708143219062552,4.064072282259772e-05
2022-10-01,0.3440317074504594,0.3440317074504594,0.1935214347312811,0.19345084358355857,3.9986656990824394e-05
2022-10-02,0.5847959358157568,0.5847959358157566,0.2629776358207317,0.2629776358207317,2.0476392758745613e-05
2022-10-03,0.3221568828699086,0.32215688286990857,0.37383165383783884,0.36806226925820307,3.3112853574224496e-05
2022-10-04,0.33766317439530846,0.33766317439530846,0.16547633965339248,0.15570121859319236,1.4944798453371696e-05
2022-10-05,0.5894464221673871,0.5894464221673873,0.25294562452515734,0.25294562452515734,7.510086518461987e-06
2022-10-06,1.413946003909638,1.4139460039096385,0.850244985207937,0.850244985207937,8.006472428360383e-06
2022-10-07,1.2006671966506925,1.2006671966506923,0.33437563614540705,0.3341243223754584,1.5595479616265962e-05
2022-10-08,1.6128984706131921,1.6128984706131924,0.8537291065909818,0.8537291065909818,4.1147629820568865e-05
2022-10-09,1.4464631833089678,1.446463183308968,0.31513684069195447,0.3151368406919545,1.8746454207425607e-05
2022-10-10,0.9967532255888094,0.9967532255888093,1.063630820655014,1.0634875916420177,3.4483875347743666e-05
2022-10-11,0.6938715304335534,0.6938715304335533,0.4273212909336197,0.4235544184435118,-4.2086295845792434e-05
2022-10-12,0.9555790188852898,0.9555790188852897,0.7360158928568743,0.7360158928568743,1.928142390357171e-05
2022-10-13,1.2156124038769185,1.1857122099925572,0.579388388967538,0.5731775509822872,-1.704347021157846e-05
2022-10-14,1.012163407867269,0.9824168646379389,1.444330695619855,1.414808490323367,4.31716166114821e-05
2022-10-15,1.0101257222695692,0.9797635033738851,0.27355781602429596,0.2717107890252341,1.6185048693252062e-05
2022-10-16,1.08471121431263,1.054391756716801,0.1608314029401575,0.1607886416403022,1.2867438666432857e-05
2022-10-17,1.0108784479251982,1.0108784479251982,0.0762834643116917,0.07395864444932825,2.09814772192026e-05
2022-10-18,1.0167594454033917,1.0011734916369148,0.5768172873326163,0.5767461860745392,5.263464124487852e-06
2022-10-19,0.7588249440310253,0.743238990264548,0.4063638639398053,0.4041138296854229,-1.0538118109755164e-05
2022-10-20,0.9946083357991541,0.9782117878196441,0.26452070780919495,0.26377494374031957,6.154200852639002e-05
2022-10-21,0.7966668312596148,0.7794847034485635,0.2682843276507328,0.2674514789355034,1.851899546757909e-05
2022-10-22,0.7661914272989807,0.7620874103370008,0.2630340197051343,0.26266345950882336,-2.769046869347116e-05
2022-10-23,0.7533974065259824,0.7533974065259822,0.18987277434403718,0.18980115057712743,4.012760832578566e-05
2022-10-24,0.9257418476506539,0.9257418476506538,0.23029541710053578,0.23029541710053575,4.253719176274735e-05
2022-10-25,1.2575941600131935,1.257594160013194,0.5830132194050394,0.5828752278915157,4.303804268864133e-06
2022-10-26,0.6735332599514972,0.6735332599514972,0.8715771406042384,0.8715771406042383,-2.068584468027061e-05
2022-10-27,0.7001055407364879,0.700105540736488,0.039229264062095856,0.03895337451561599,-4.649505450504021e-06
2022-10-28,0.7203789620688978,0.7203789620688977,0.41281519919576565,0.41193804869365563,4.460496968521519e-07
2022-10-29,0.7778894426751976,0.7552164247804461,0.32336407092052255,0.31286116272804826,-4.332618300232111e-05
2022-10-30,0.8449366249672865,0.8153310843061076,0.17890355016888562,0.14845296618413645,-0.00011382753849252999
2022-10-31,0.8596847311422829,0.8109219176853512,0.18840882311848264,0.1878627860710233,-7.75940550574261e-05
2022-11-01,0.8738282846673133,0.8549216659729973,0.16994506189588865,0.16931644037806323,8.398858285563253e-05
2022-11-02,0.752870051039567,0.752870051039567,0.25390016682867705,0.23425468221968546,4.449675212989804e-05
2022-11-03,0.8200727366477333,0.8200727366477331,0.2944292543381566,0.2920171738113129,5.597348134108818e-05
2022-11-04,0.9280215901793343,0.9082327837726177,0.21122106282415953,0.20888023369166114,-4.2955867902536255e-05
2022-11-05,0.788573718906515,0.7732202349778117,0.5932422260589221,0.5283360794067063,-3.697750544013883e-05
2022-11-06,0.7301835350977706,0.7147256854778808,0.320529141491525,0.31644932784767754,-4.338106495380562e-05
2022-11-07,0.6640858987255327,0.643197354157282,0.1845136084681807,0.17350708248982294,-2.328190022995828e-05
2022-11-08,0.5095022779362148,0.5095022779362149,0.2829029671070215,0.28290296710702145,2.467231503874192e-05
2022-11-09,0.5090062338284151,0.5090062338284151,0.3360821581304801,0.3344760515945323,5.330141527145416e-06
2022-11-10,0.5062801883614391,0.5062801883614391,0.08195896481301684,0.07641156406215288,0.0
2022-11-11,0.5078695168491358,0.507869516849136,0.015552846377250643,0.015552846377250643,0.0
2022-11-12,0.5082956628267652,0.5082956628267652,0.436468897663006,0.436468897663006,0.0
2022-11-13,0.5194453289666425,0.5020845471899397,0.013242277041599543,0.013242277041599543,-0.00014617009863025876
2022-11-14,0.540330419322792,0.5403304193227918,0.03910907077239323,0.03910907077239323,0.0
2022-11-15,0.6986475195131665,0.6986475195131666,0.38731626247905115,0.38731626247905115,0.0
2022-11-16,0.7298355433646184,0.7298355433646186,0.031188023851451883,0.031188023851451883,0.0
2022-11-17,0.7375413107222405,0.7375413107222406,0.2517514588124973,0.2517514588124973,0.0
2022-11-18,0.693662285515494,0.693662285515494,0.2765822462851747,0.2765822462851747,0.0
2022-11-19,0.6860625059159093,0.6860625059159092,0.20283863839141514,0.20283863839141514,0.0
2022-11-20,1.5651908009560895,1.5651908009560898,0.9488597064456973,0.9488597064456974,4.9421251925801875e-05
2022-11-21,1.5192518857807047,1.5192518857807047,0.4893668150825209,0.48936681508252083,0.00011045708346746082
2022-11-22,0.8915734237998227,0.8915734237998229,0.8780475648737416,0.8779496400837151,0.00011772183290658792
2022-11-23,1.0026787300922568,1.0026787300922566,0.31887460775082804,0.31349826864992053,8.263327679905002e-05
2022-11-24,1.0343646542483147,1.034364654248315,0.32497099688808795,0.3249709968880879,7.430837449356122e-05
2022-11-25,0.8017173997748642,0.8017173997748642,0.23855417702887508,0.23798002597447768,7.168134092417873e-05
2022-11-26,1.0527142147586104,1.0527142147586104,0.37104559691417377,0.37104559691417377,7.265305442605077e-05
2022-11-27,1.0264302255745001,1.0264302255745004,0.3576460337156694,0.3575006159361649,5.9507738085136085e-05
2022-11-28,0.9267245411491012,0.9267245411491016,0.44429110372968417,0.44429110372968417,5.158846493742029e-05
2022-11-29,0.7766463490288014,0.7766463490288013,0.20266867955525786,0.20266867955525786,7.636107838101242e-05
2022-11-30,0.9761978044213749,0.9761978044213747,0.46194291254200115,0.4573862077766089,-5.184968891313954e-06
2022-12-01,1.0155610717774084,1.0155610717774084,0.07221670395603555,0.07141181746390439,-1.1833763891557885e-05
2022-12-02,0.937489074608643,0.9374890746086431,0.5881292423082173,0.537921896356965,-1.6137626678743517e-05
2022-12-03,1.1064893643013838,1.106489364301384,0.9846903310043794,0.984371524412868,-2.03928002678316e-06
2022-12-04,1.2629659783008602,1.26296597830086,0.49758936105172774,0.4974271485626865,-3.7047323445778652e-06
2022-12-05,1.7650072133284551,1.7168675633241182,1.0365320721338718,1.0310147959834342,-1.993594442949399e-05
2022-12-06,0.9239821509371506,0.9113822206178063,0.9408425805485322,0.9007451307183764,-2.7275456036330158e-05
2022-12-07,0.9657164638402094,0.9657164638402095,0.3003456324156465,0.29223161673448295,1.1113578441621413e-05
2022-12-08,0.7417478881007378,0.7417478881007377,0.4062142289448881,0.405210547087819,5.632034424828307e-06
2022-12-09,0.7550182655612035,0.7550182655612035,0.2803195646172398,0.2803195646172397,5.612097511130707e-06
2022-12-10,0.7800331605841894,0.7800331605841894,0.2951367543440713,0.2951367543440713,1.0702929748668534e-05
2022-12-11,1.169320680830931,1.1693206808309309,0.4513839392743373,0.4513839392743373,3.881631519129836e-05
2022-12-12,1.2833179878283312,1.2833179878283314,0.35681887509862376,0.35681887509862376,-3.379831638676823e-05
2022-12-13,1.5872345544036208,1.5583800765866551,0.6381721849091071,0.6353528743836114,-2.4408693333647284e-05
2022-12-14,1.3569627879688027,1.356962787968803,0.9621647888932734,0.9611248687093874,-2.811901270021793e-06
2022-12-15,0.9656953712592036,0.9207224585272176,0.591244579527724,0.5910925885725631,1.2534817525673459e-05
2022-12-16,1.3056198940463788,1.2549708561958244,0.5044427189398264,0.5041023940835033,0.00012626537671309838
2022-12-17,1.0042121889486946,1.0042121889486944,1.0337637658363796,1.0021635036868168,-2.192731100202693e-05
2022-12-18,0.9098437199845791,0.9098437199845792,0.3780279123010722,0.37802791230107224,-2.7228610906759212e-05
2022-12-19,0.9724680170202711,0.890042638955494,0.10030163490909622,0.09790049246335472,-6.066965469790759e-05
2022-12-20,0.9239055070460442,0.8318151027586932,0.07149065746267723,0.07070160275998258,1.3334998281955775e-05
2022-12-21,1.005397484384137,0.8755122914700355,0.2933509374832241,0.29128524736213446,4.038884453916929e-05
2022-12-22,0.9582675477448191,0.8565684797531601,0.11909816151748287,0.11825602326807955,7.074037459631506e-05
2022-12-23,1.0914993077448363,0.989506932185311,0.13713621659571845,0.1365311598964783,0.0001248296482026813
2022-12-24,1.1262610282240695,0.9899828958613722,0.5012478590579204,0.500903509781519,8.086002050892805e-05
2022-12-25,1.1292355258288989,0.9914463753931231,0.2697979767089819,0.2696085619732446,8.036040913894451e-05
2022-12-26,1.2900933771667025,1.2691024687838761,0.39073117086352704,0.38946871000882965,2.4660474743008154e-05
2022-12-27,1.4146916777589131,1.359847428120872,0.9053025739853005,0.9044899575751914,5.9245317508249665e-05
2022-12-28,1.4111201033002942,1.395981241008367,0.5920235317448389,0.5920235317448389,7.517457357898851e-05
2022-12-29,1.3617163297450268,1.342792751880117,0.3337733402185404,0.32760374287042304,9.473660885294031e-05
2022-12-30,1.219598713265841,1.1439044018062028,0.6706916805328133,0.6706916805328131,0.00011221458479363353
2022-12-31,1.088536282351473,1.0360788936875305,0.30410618853244187,0.30410618853244187,0.00010003082842109022
2023-01-01,1.043938816439506,1.025006363260763,0.23013665402560693,0.23006565151493766,0.00015007967003958736
2023-01-02,1.1272276630106193,1.0963353371286013,0.47149421810883363,0.45415107899802265,7.34958436375742e-05
2023-01-03,1.048199258164302,1.0176216587337372,0.0882182381258006,0.08620074231058764,0.00010207825573454156
2023-01-04,0.9958346784566013,0.9958346784566012,0.15577733991791665,0.14514867980411034,0.00041024189410643434
2023-01-05,1.0418385215354369,1.0117266553303241,0.5043893866481063,0.47286420965282994,0.00010053975200275065
2023-01-06,1.1275821350399344,1.1275821350399347,0.3347560189702629,0.3136628517164332,6.0898371297432747e-05
2023-01-07,0.9525654971958657,0.9525654971958657,0.48202500272893434,0.44586297349893245,2.9859839559562e-05
2023-01-08,1.2401900212719879,1.240190021271988,0.4726181032785636,0.4726181032785637,1.5341180290067205e-05
2023-01-09,1.355101026838268,1.2698017565451782,0.22403422358937605,0.21700077828214523,-9.643819279167785e-05
2023-01-10,1.283045494785677,1.1893283414017641,0.1907325753523542,0.1764550775059683,-0.00014420261397972685
2023-01-11,1.3091034427858923,1.2131469897881424,0.7055100380048076,0.7046381997307389,-9.773076249391474e-05
2023-01-12,1.481469265379203,1.345929529123662,0.4214384391717277,0.41890213246322605,-0.00017551738484181527
2023-01-13,1.5459103450153335,1.4286671079384223,0.11824479273466122,0.10688304518280047,-0.00011644077011658929
2023-01-14,1.3513099516142852,1.236118567922096,0.8223645404068076,0.7953051182552954,-0.0002828375691136027
2023-01-15,1.0634481183210904,0.9500500582466755,0.3567192738323754,0.34987524682341253,-0.00021492388130905511
2023-01-16,1.1840414548963456,1.0201548569745307,0.29105881755335095,0.2768822107204384,-0.00020170829785671137
2023-01-17,1.282580606988565,1.1270308722917415,0.31215606499816256,0.31151701724538167,-0.00017181256383028254
2023-01-18,1.177092310246357,1.0950299262565577,0.3730362438222369,0.36122156144326334,-8.303295453172577e-05
2023-01-19,0.9754391798546934,0.9436323283082549,0.28380966411882946,0.2799399073024097,-2.682876103533545e-05
2023-01-20,1.2314900641234878,1.1704869743533484,0.6879324543831128,0.6611502271022698,-5.053338553602487e-05
2023-01-21,1.2550733875892934,1.1572699853214719,0.5439764204212291,0.5242305937132167,-8.410161972794775e-05
2023-01-22,1.2607249693143716,1.1410219676300735,0.03099803610733764,0.030189109575304008,-9.485570532592726e-05
2023-01-23,1.2393053281168809,1.1545887002379456,0.40339832537356013,0.39631904014357294,-9.978461183639538e-05
2023-01-24,1.0199272376058839,0.9602030869140936,0.23802808422398522,0.2254406610179644,-9.88215649558326e-05
2023-01-25,1.1247875384464832,1.0531763565347434,0.12620743370118415,0.11235172566088851,-0.00010378061460794524
2023-01-26,1.0970354834385758,0.9613335420823844,0.3813244904287236,0.3750105367844157,-0.00013389905373122678
2023-01-27,1.1225722735850008,0.9703861957495293,0.04416631786898967,0.04240721074529932,-0.00016831973183573654
2023-01-28,1.140530056479056,1.0137073289900658,0.4314658812235228,0.4107739383818986,-0.00018578475479886375
2023-01-29,1.32917978051396,1.2056808004484916,0.6255348114421928,0.6206161195165597,-0.00015079781648675935
2023-01-30,1.1296945821031068,1.0575089498788495,0.24179437262631948,0.23515224059300277,-0.00011433356862555565
2023-01-31,0.9379393149141849,0.8702256153061175,0.49048071288464634,0.4708860342558979,-9.192020753740728e-05
2023-02-01,0.8613214133846667,0.7979041487757761,0.47238830357291534,0.4713062514542468,-3.835243597115758e-05
2023-02-02,0.8134496216413349,0.7431131264326917,0.059985995303483586,0.057564036531678464,-5.839481555021831e-05
2023-02-03,0.8184060003234395,0.7535294427347455,0.035902591190123755,0.033692034222746296,-6.385885006157544e-05
2023-02-04,0.9167478756372685,0.9167478756372683,0.702622610657894,0.7026226106578939,-0.0001158694664411629
2023-02-05,0.9846593836051529,0.8782451852225732,0.4080405647734191,0.4078363098618243,-8.810245867607364e-05
2023-02-06,0.9497221024285131,0.9083214988052514,0.05905163889029606,0.04346155594532417,-6.768193382041707e-05
2023-02-07,0.8540261514524872,0.8395823593798654,0.3399533930727582,0.33931679571816475,-6.821365184423926e-05
2023-02-08,0.8261660637381573,0.8117228785133919,0.030398494289987147,0.030397887442130712,-8.620545374584034e-05
2023-02-09,0.6615632819569593,0.6615632819569592,0.16712060001030654,0.16526387327291162,-1.3263867182847476e-05
2023-02-10,0.6477550020026246,0.6477550020026246,0.4153995320077364,0.4153995320077364,-1.3162846444996858e-05
2023-02-11,0.5829287898039985,0.5829287898039984,0.2908095596170136,0.28403139594297727,-7.856808806542729e-06
2023-02-12,0.6199859940012318,0.6199859940012319,0.07410465077592773,0.07341916742826368,-7.787253525115144e-06
2023-02-13,0.6402217673501105,0.6402217673501106,0.2891916074480448,0.2609286167576967,0.0
2023-02-14,0.6583817796660645,0.6583817796660647,0.13834268817050385,0.13834268817050385,0.0
2023-02-15,0.7864777469203418,0.7864777469203417,0.32766285493839425,0.32766285493839425,-2.4721146708612753e-05
2023-02-16,0.9159600560648641,0.9159600560648642,0.37862779427035753,0.378586700604998,-8.527439064569424e-05
2023-02-17,0.8101455815824634,0.8101455815824632,0.10718108639306341,0.10718108639306342,-6.891392736436097e-05
2023-02-18,0.7107753098237676,0.7107753098237677,0.24413137612541785,0.24394446377404178,-6.89886923049114e-05
2023-02-19,0.6475975147297547,0.6347546398148707,0.4094915247539276,0.39058511908058835,-7.525716554670956e-05
2023-02-20,0.5949809872810636,0.572605287154295,0.16435232971365896,0.1640337955985261,-8.589487020269202e-05
2023-02-21,0.5525641923778529,0.5304311748416627,0.04277335486198012,0.042530672271401754,-5.481568627930171e-05
2023-02-22,0.5905234956661277,0.5905234956661276,0.2656763598512502,0.26427802042999005,-3.504808076287249e-05
2023-02-23,0.5980993953508214,0.598099395350821,0.008448994893519498,0.008448994893519501,-2.2481388802538285e-05
2023-02-24,0.593650292346018,0.5936502923460178,0.01926533995104274,0.018267648305014723,-1.6460955593873746e-05
2023-02-25,0.6294786168843493,0.6294786168843493,0.6206069167287679,0.5666548499957897,0.0
2023-02-26,0.6576823469018201,0.6576823469018201,0.02853527197196299,0.02853527197196299,0.0
2023-02-27,0.6564837566689475,0.6564837566689474,0.004679738048214698,0.004679738048214698,0.0
2023-02-28,0.5933783933436171,0.5933783933436173,0.2080399113824167,0.2080399113824167,0.0
2023-03-01,0.6139765454497894,0.6139765454497895,0.13917034962504352,0.13917034962504352,0.0
2023-03-02,1.0231525360247888,1.023152536024789,0.5051827524012683,0.5051827524012683,2.8921855262016496e-06
2023-03-03,0.9397165312712517,0.9397165312712518,0.6451588065525493,0.5937800210035433,1.6239576359786918e-05
2023-03-04,0.994859167049566,0.9948591670495662,1.0026004556859642,1.0022067803823576,3.17224821911359e-05
2023-03-05,0.9080567950435077,0.9080567950435076,0.14774255324782348,0.14774255324782345,2.7501126209502938e-05
2023-03-06,1.0956590627577125,1.095659062757712,0.6845197406694226,0.6839353551444782,2.6534627544563074e-05
2023-03-07,0.910496687685078,0.9104966876850777,0.3687269885704617,0.3687269885704617,3.1738124132154425e-05
2023-03-08,1.2899079946056418,1.2899079946056415,0.38001103257464564,0.38001103257464564,3.199732172371982e-05
2023-03-09,1.0110905921548288,1.0110905921548285,0.5663049562277094,0.5661928708932706,3.1795396741578477e-05
2023-03-10,0.9555196850807887,0.9555196850807886,0.22820508313972887,0.22820508313972887,-4.4931074815396995e-07
2023-03-11,0.9258682409727492,0.9258682409727492,0.40528565462124555,0.40528565462124555,2.4775621628824478e-05
2023-03-12,0.861856902051062,0.861856902051062,0.48628880479495934,0.4862888047949593,1.6663700861320754e-05
2023-03-13,0.8936750950458919,0.8936750950458917,0.05654536929191753,0.051151937752690106,-2.1693664010913376e-07
2023-03-14,0.9409903956042434,0.9409903956042435,0.13380104184450442,0.1291852505901762,-7.13529877513803e-05
2023-03-15,0.8877141236689234,0.8877141236689234,0.5088927704271498,0.5080782822789424,-6.819285303268919e-05
2023-03-16,0.9149351191759869,0.9149351191759868,0.0630255650214285,0.06234116942151481,-3.37875650860263e-05
2023-03-17,1.0075940384884576,1.0075940384884576,0.28063726028607494,0.2703868105144308,0.00013138516912505774
2023-03-18,0.9359053970378246,0.9359053970378247,0.5552277375309865,0.548970144810302,0.00012927143871959806
2023-03-19,0.962107599921625,0.9621075999216253,0.031203338737827466,0.029870503779443516,0.0002185412346483875
2023-03-20,1.087490322180547,1.087490322180547,0.16937780250401624,0.16195628295774595,0.0002465060338849631
2023-03-21,1.154079334654143,1.1206321839329507,0.39067709854355964,0.39019373518470024,0.00017240462513182394
2023-03-22,1.0176476965423369,1.0110698879813829,0.42052084694937947,0.4191867898678504,7.618670059045233e-05
2023-03-23,1.095218825669534,1.0378355211707484,0.08343018538110511,0.07239357948160466,-2.5585196090458985e-05
2023-03-24,1.1756217666164317,1.1207703271001566,0.28348737873042396,0.26299335548695535,-3.313413188117555e-05
2023-03-25,1.0768923875549903,1.0287173100246831,0.1812521385835737,0.17457577659760554,-9.575760160699184e-06
2023-03-26,1.589724419020455,1.5375474927870227,0.5128320314654646,0.511708252590782,-9.836133248895447e-06
2023-03-27,1.822706360494821,1.7781262079859175,0.7299565228125084,0.7268806845413225,-1.29466607063015e-05
2023-03-28,1.30666082251021,1.263350526471294,0.5419706971107894,0.5391078321819185,-1.524552734407786e-05
2023-03-29,1.0579620344805702,1.0141180243762529,0.2508429570016967,0.25082790981558656,-4.223657508269626e-05
2023-03-30,1.0705826870992496,1.0250018420454081,0.2531986603719986,0.2482008159885973,-3.668466263101818e-05
2023-03-31,1.006503934830666,0.9646214452909467,0.0642505601472976,0.06175743030778881,-2.6956954598015466e-05
2023-04-01,1.0108769300247928,1.0108769300247924,0.7723627775644012,0.7152922139663875,-2.3045896103641232e-05
2023-04-02,0.9978757140466816,0.9978757140466816,0.20819591275695512,0.20819591275695512,-1.2772595796804082e-05
2023-04-03,1.314951346518957,1.314951346518957,0.31765340353661253,0.31765340353661253,-4.982918861418727e-06
2023-04-04,1.197074923671762,1.1970749236717617,0.6068078932599072,0.5266118245261442,-8.786281290471075e-06
2023-04-05,1.182567009289736,1.182567009289736,0.3893538971830195,0.3893375289409251,-3.4808187025673326e-05
2023-04-06,1.1791910309005447,1.1791910309005444,0.36351994465869225,0.36321731627373616,-1.0843478469780902e-05
2023-04-07,1.1921432643388026,1.1921432643388026,0.01304629085754316,0.013046290857543167,-1.1007750538604063e-05
2023-04-08,1.1554173176327658,1.155417317632766,0.5796226594722412,0.579510481791407,-8.96870930577724e-06
2023-04-09,1.347846220666012,1.3478462206660122,0.2157774503189648,0.21560713239402599,-9.655442539234953e-07
2023-04-10,1.5870064393728591,1.5743823552062015,0.24140329816277958,0.24096904900417163,-3.440180814762526e-05
2023-04-11,1.6331832499836558,1.6092754473560102,1.0406325360709991,1.02410635375937,-0.00011904762982961423
2023-04-12,1.6954474767282464,1.6954474767282461,0.4967965279870335,0.49662758887716196,-9.401126068970175e-05
2023-04-13,1.5181751821727265,1.5181751821727263,0.537049411353704,0.5307994061660188,-0.00011813543064018443
2023-04-14,1.3024583426849483,1.228599487197613,0.8954248932627411,0.8941662658180379,-0.00017246699440958918
2023-04-15,1.068046449279462,0.9651033148457608,0.5037998213580319,0.503517936135154,-0.00019600704825147272
2023-04-16,1.0345381087841357,0.955864871423171,0.3886357472551343,0.3795764665494664,-0.00024298811860441188
2023-04-17,1.0603039421806415,0.9827166244195076,0.29104078826724206,0.2882604428382707,-0.0003629468121991083
2023-04-18,1.0140986261802083,0.9411391867215573,0.04713545508203084,0.04429741941418829,-0.00019780613772677342
2023-04-19,0.8011163510383672,0.8011163510383672,0.2730712159415816,0.26688812560032305,-1.1327160294656871e-05
2023-04-20,1.3463218071716372,1.3463218071716374,0.9302100245444739,0.9080098785960729,1.204191640171181e-05
2023-04-21,1.431370722141335,1.4313707221413354,0.45421848210843047,0.42353865700549126,2.692231982753046e-05
2023-04-22,1.5841400712594356,1.5841400712594356,0.7608060135691104,0.7608060135691104,1.6447920739135956e-05
2023-04-23,1.2291029370269704,1.2291029370269702,0.9275282683770272,0.9265017673477999,1.71080046973611e-05
2023-04-24,1.436107998687257,1.4361079986872576,0.20755323445685997,0.207521603085081,8.848580433791358e-06
2023-04-25,1.360454074121716,1.3604540741217162,0.28702387711383526,0.2870153762801887,5.520278795348388e-06
2023-04-26,0.9890488384502264,0.9890488384502261,0.8364977650126506,0.8348482079132193,0.0
2023-04-27,0.9902523359680222,0.9902523359680222,0.011948674783955341,0.011948674783955341,0.0
2023-04-28,0.9812074095915562,0.9812074095915563,0.016411483578911035,0.016411483578911035,0.0
2023-04-29,1.1149554730806752,1.1149554730806754,0.5206291303951078,0.5206291303951078,0.0
2023-04-30,2.06127378143499,2.061273781434991,0.9463183083543151,0.9463183083543151,0.0
2023-05-01,2.1692407280410793,2.1692407280410793,0.5615389970172151,0.5615389970172151,0.0
2023-05-02,1.382222244422663,1.3822222444226635,1.0811154108007317,1.0811154108007317,0.0
2023-05-03,1.7720296369600157,1.7720296369600161,0.46299569506798804,0.46299569506798804,0.0
2023-05-04,1.4711085128851402,1.4711085128851402,0.3800271272893952,0.3800271272893952,0.0
2023-05-05,1.7963141813283519,1.796314181328352,0.6889481727933027,0.6889481727933027,0.0
2023-05-06,2.63548521051872,2.6354852105187203,2.304279318603903,2.3042793186039026,3.001420123062657e-05
2023-05-07,2.7429426883922026,2.742942688392202,1.0509512778402819,1.0509512778402819,2.071775121787139e-05
2023-05-08,3.7179713612595875,3.7179713612595897,1.6933215295149961,1.693321529514996,7.62465740717291e-05
2023-05-09,1.3401079987732962,1.2718288187055942,2.5633256890245733,2.563301834608465,3.090519670017415e-05
2023-05-10,1.4503797862748202,1.3746492852977814,0.36648821327245396,0.36641260021832495,4.476855136933856e-05
2023-05-11,1.3212743371354543,1.2365856670337678,0.924026342521439,0.9238731040876096,8.094531965116705e-05
2023-05-12,1.2641355296330905,1.1839514679411087,0.30183206586510414,0.3017015075071096,0.00010353912288101557
2023-05-13,1.246268484963148,1.140723277420379,0.4012529558770962,0.4011842503433577,0.00010577567489612177
2023-05-14,1.1920438083041476,1.1424778548580439,0.510387667833232,0.5102363107297708,7.047068994745946e-05
2023-05-15,1.224697970062345,1.1797640107556302,0.043130877496409294,0.042309669711633524,8.238699497523621e-05
2023-05-16,1.2403789924886734,1.1964322452340517,0.39635033346934867,0.3962881855542586,8.22279244333912e-05
2023-05-17,1.27023629681181,1.2260967299264767,0.381862005455637,0.37995857848324543,5.2389725748229074e-05
2023-05-18,1.384403984234078,1.3410241611109122,0.4300762709318602,0.43007627093186024,5.378645497986751e-05
2023-05-19,1.4876218142844495,1.4445233545683611,0.13334494495174035,0.13334494495174032,4.096857776329609e-05
2023-05-20,1.4767270058021953,1.4767270058021953,0.8193428939031489,0.8193428939031489,5.157622509694131e-05
2023-05-21,1.6593724922970159,1.6593724922970159,0.5025303971113322,0.5025303971113322,4.5958929069997994e-05
2023-05-22,1.858814442769146,1.858814442769146,0.2246023112722515,0.2246023112722515,3.053824142470148e-05
2023-05-23,1.723944528681234,1.723944528681234,0.5417029191494739,0.5415075594150462,4.561757152244034e-05
2023-05-24,1.875113855511271,1.8751138555112714,0.7141353000323196,0.7130841645625958,5.390367465931244e-05
2023-05-25,1.947494188117356,1.9191610222074156,0.39015017600335156,0.37427955633457793,7.351891636876365e-05
2023-05-26,1.4894706214578581,1.453171960201013,1.211816546876486,1.211816546876486,9.10380521129184e-05
2023-05-27,1.403130063593582,1.368902112575081,0.5789743306377216,0.5782901606481705,7.134728327266916e-05
2023-05-28,1.5563625026977583,1.5201489649548012,0.428867623421704,0.42827368959393264,-4.011992294204358e-06
2023-05-29,1.5863447637270416,1.549631775418623,0.47383664493587796,0.47055901290445623,-6.0349665230194126e-05
2023-05-30,1.5057293015683544,1.4669050611217538,0.16543700096964478,0.16468257261491115,-5.486353761300699e-05
2023-05-31,1.2416486021954345,1.2057562035409435,0.6462742023185684,0.6459256107019903,-3.215938943314109e-05
2023-06-01,1.4126187390336913,1.320716109631688,0.6994874951289325,0.6627873491361796,-3.6468842786736447e-05
2023-06-02,1.5118035184555205,1.420007893944236,0.26570049652751365,0.26559533496841625,-3.924010897567489e-05
2023-06-03,1.5191413558851394,1.430086102962608,0.47559021371393967,0.47281403712675907,-1.6866254161944452e-05
2023-06-04,1.6318065241898192,1.54817863883371,0.5560600425510944,0.5505537474998204,-3.4051745221469125e-05
2023-06-05,1.8716278008726857,1.8716278008726857,1.3444568570244915,1.3352768456654949,0.00012963599417434215
2023-06-06,1.2641078601788234,1.221684058872526,0.8899815513732419,0.8654530106162028,5.850933035341045e-05
2023-06-07,1.9337195160984717,1.8930222714143057,1.3411102542449636,1.3391983784425108,0.00011749447221181985
2023-06-08,1.8740053668524979,1.8332021266665366,0.09686096169793841,0.09670721201868197,0.00010010074336914031
2023-06-09,1.4393896911669173,1.4006521034721937,0.57037993812364,0.5698222911758477,0.00011445752364104054
2023-06-10,2.0868157669966028,2.034162282455878,1.4937607378481428,1.4655432687684073,5.73592947793514e-05
2023-06-11,1.2327576342994935,1.2025843560030143,1.0706134140331005,1.0608100682213137,-6.850860163575306e-06
2023-06-12,1.1862492589748779,1.1559127756046272,0.06367177862382091,0.06161443778651844,3.2522690210762775e-05
2023-06-13,1.169294901166962,1.1531432058976094,0.3949977521030551,0.394325614979262,3.928970146679213e-05
2023-06-14,1.232673199977289,1.2170940514913133,0.12145030133522403,0.12118913119037886,4.941807128128984e-05
2023-06-15,1.1302607066107968,1.115301110602813,0.463315592390297,0.45820652717478605,3.476128064116323e-05
2023-06-16,1.1708550355252243,1.1358602867015837,0.35598816287500257,0.35539601958668,5.1175514239280326e-05
2023-06-17,1.0823843541676075,1.0468457990648958,0.307621332530747,0.3070775262516761,4.451724662061344e-05
2023-06-18,0.9783560072667133,0.947380566761507,0.10440201894297932,0.10116684669733317,4.174815100146473e-05
2023-06-19,1.0051632125312095,1.0051632125312093,0.23271471668149113,0.23256520849432077,3.662458023049201e-05
2023-06-20,1.0692774847361532,1.0692774847361532,0.5244517243598887,0.4846888083510538,1.632561936868783e-06
2023-06-21,1.0739201917706036,1.0739201917706036,0.14646095868218284,0.14566968522266005,-1.852448724e-05
2023-06-22,1.0283265823074554,1.0283265823074557,0.24532319600277974,0.24049671176609383,-5.8225433839999996e-05
2023-06-23,0.9769749920340614,0.9769749920340614,0.051412497984714395,0.051412497984714395,-5.336184672e-05
2023-06-24,0.958794329509025,0.9587943295090249,0.3772723120534898,0.3772723120534898,-5.250275716e-05
2023-06-25,0.9529145594397271,0.9529145594397269,0.4660155816708258,0.4660155816708258,-5.897640000000001e-05
2023-06-26,0.9990579152401086,0.9990579152401086,0.046143355800381536,0.04614335580038152,-5.326650154e-05
2023-06-27,1.0353818805190567,1.035381880519057,0.06249731156591795,0.062497311565917965,-7.067142012e-05
2023-06-28,1.0336936856879362,1.0336936856879362,0.33866698335100254,0.33866698335100254,-4.946736890692003e-05
2023-06-29,0.9904206084406815,0.9576692208981205,0.08327116767724993,0.08327116767724993,-5.048013750228334e-05
2023-06-30,1.0725050315895033,1.027359280202492,0.29832001322864854,0.2925339011462029,-0.0001016866023685022
2023-07-01,1.0926261340913344,1.0926261340913341,0.8557423959265323,0.8099823336875414,-0.00012452941663109322
2023-07-02,1.038507320840509,1.0385073208405087,0.056700263737002196,0.056700263737002196,-0.00013009824505052204
2023-07-03,1.061190935845573,1.0268481532984133,0.12187122074307413,0.12187122074307413,-0.00014378062919031886
2023-07-04,0.8942386323214424,0.8297021324660835,0.4319423729819111,0.43194237298191107,-0.0001208823450107816
2023-07-05,0.895016100517944,0.776935221743676,0.2400542677984494,0.22929594658953292,-0.00011193682573477069
2023-07-06,0.9280408340789985,0.8208407648485907,0.1679361548346712,0.1618723847360879,-8.35948533409419e-05
2023-07-07,1.0117469974677387,0.9180929285891966,0.3793768084300521,0.3788602459044985,-1.6088403028220666e-05
2023-07-08,0.9621922097517621,0.8671807122402825,0.32948226159374727,0.32948226159374727,-2.596044184371807e-05
2023-07-09,0.9606349560003982,0.866725561380356,0.010948432164602118,0.010948432164602123,-1.0150528903763122e-05
2023-07-10,1.1951512086502551,1.1951512086502551,0.6085396800100848,0.6076078754159603,-4.617719210233158e-05
2023-07-11,1.213503061700992,1.2135030617009925,0.18597624067485166,0.1859762406748517,1.6356750869585303e-06
2023-07-12,1.1705517202127158,1.170551720212716,0.04300255834289396,0.04300255834289396,-2.1698365629211465e-05
2023-07-13,1.4055999926148481,1.2974982323493063,0.6211619606490522,0.582249728058837,0.000251391131611702
2023-07-14,1.2185007319333205,1.146532073452795,0.3370738576676169,0.3249237853858331,-1.0436644650338183e-05
2023-07-15,1.180809687481232,1.180809687481232,0.734579056536186,0.7296153894315692,8.372233028950111e-05
2023-07-16,1.1921375374921683,1.1921375374921683,0.46434372528871287,0.46312334836387603,7.803317753960636e-05
2023-07-17,1.0909207701545447,1.0417737701545449,0.1828062385140376,0.18001644559257768,8.509483644228929e-05
2023-07-18,1.0242838293415384,1.0064192329982724,0.14711597883266692,0.14593157803406065,-2.6807792028496637e-05
2023-07-19,1.1367878036127972,1.1199333225368755,0.35638852462248016,0.35409416642039293,-4.138435129230446e-05
2023-07-20,1.1627676715339446,1.13898373576764,0.4653922840457068,0.46481265116154685,-3.564694392061673e-05
2023-07-21,1.0233040479186646,0.9588308814895082,0.181653014122847,0.18041395090055012,-3.134033308111492e-05
2023-07-22,1.0683450376308465,1.0040786348571062,0.5073016265015867,0.4815395386332907,-2.0442973943783358e-05
2023-07-23,1.0783083380940188,1.0159855837314282,0.0810216994502599,0.07748790581242612,-2.4479451109067277e-05
2023-07-24,1.1691577479541415,1.1159312012329476,0.2221917697776779,0.21851718139081167,-8.870777666301372e-06
2023-07-25,0.8823679157062773,0.8823679157062772,0.652469578713573,0.652469578713573,6.120040273698631e-06
2023-07-26,0.8865593828338848,0.8865593828338848,0.0043820874611193205,0.004382087461119312,3.2418599973698626e-05
2023-07-27,0.8230772129399485,0.8230772129399485,0.06348216989393624,0.06348216989393622,-2.400903660630137e-05
2023-07-28,0.8365305854621778,0.8365305854621778,0.23028646943561354,0.2302052132628079,9.01175277453618e-06
2023-07-29,0.7886693293071826,0.7886693293071826,0.4362822861224871,0.4362822861224871,-6.327441051877104e-06
2023-07-30,0.9563232707618914,0.9563232707618914,0.5440744138504696,0.5405976770825507,8.29368439607961e-05
2023-07-31,0.9197016844433542,0.9197016844433543,0.4049622334354468,0.40230099807650377,8.964585401058145e-06
2023-08-01,0.9474108738128394,0.9474108738128394,0.22250642080426075,0.22250642080426075,2.8551815753227563e-05
2023-08-02,0.8074990675564213,0.8074990675564214,0.2744596138164791,0.27445961381647904,3.767143133369863e-05
2023-08-03,0.973382979432605,0.9733829794326043,0.5487855236052503,0.5487855236052503,4.5060191313698626e-05
2023-08-04,0.9093733548084348,0.9093733548084346,0.385425297647367,0.385425297647367,3.059426333369863e-05
2023-08-05,0.9471746268631559,0.9471746268631561,0.625585872559542,0.625585872559542,3.526224539369862e-05
2023-08-06,0.95627502552875,0.9562750255287501,0.2238655548535724,0.22386555485357237,3.358534975369863e-05
2023-08-07,1.0522159193732243,1.0522159193732241,0.1866080988866342,0.1866080988866342,5.525131323369861e-05
2023-08-08,0.8932782204824345,0.8932782204824345,0.19063164602739435,0.1906316460273943,5.0698335153698626e-05
2023-08-09,0.8357365549143976,0.8357365549143975,0.5772488094223169,0.5772488094223169,5.6418063013698617e-05
2023-08-10,0.8289427203862233,0.8289427203862232,0.01141862391696137,0.01141862391696137,5.6418063013698617e-05
2023-08-11,0.8298692339014238,0.8298692339014238,0.002233067946419552,0.002233067946419552,5.517464391369863e-05
2023-08-12,0.8249378386646857,0.824937838664686,0.6163541154906413,0.6163541154906413,5.4224140933698625e-05
2023-08-13,0.8803737245224562,0.880373724522456,0.061679691394097055,0.061679691394097055,5.5266057333698616e-05
2023-08-14,0.9629861708419981,0.962986170841998,0.3525846328561608,0.3525846328561608,5.6418063013698617e-05
2023-08-15,1.2685097706948527,1.1944903333637928,0.5972899674182481,0.5948850280868461,0.0001104969846610959
2023-08-16,1.3229710084250563,1.1717327927827954,0.5380845382049504,0.5302319585603001,9.816313913916903e-06
2023-08-17,1.387232319538827,1.249011088908421,0.3798807107236167,0.37934653062561496,9.687648114564999e-05
2023-08-18,1.0135919150469836,0.9939877237797211,1.0197625245472643,0.9880397479011336,2.377638110867203e-05
2023-08-19,1.125561469754291,1.125561469754291,1.0058442642920264,1.0051420784136982,-4.9546735069699855e-05
2023-08-20,1.1152807448240958,1.115280744824096,0.010584972181758117,0.01058497218175811,-4.335709259317866e-05
2023-08-21,1.0268169755621703,1.0268169755621703,0.5509770627360164,0.5082375708382422,1.3899921418096984e-05
2023-08-22,1.1842073080637168,1.184207308063717,0.15749928673020103,0.15749928673020105,3.864740030024617e-05
2023-08-23,1.1177332864460119,1.1177332864460119,0.15753992863712224,0.15753992863712224,0.0001024355313732236
2023-08-24,1.1992981875529427,1.199298187552943,0.6539076761629474,0.6527129920950494,8.474278943168805e-05
2023-08-25,1.1846442307391758,1.1846442307391762,0.07364298550526413,0.07208830179206173,8.366929543120244e-05
2023-08-26,1.2889662039208416,1.271194879225723,0.5070138189521398,0.5070138189521398,0.00016496034290016092
2023-08-27,1.26203457544564,1.244607917127031,0.4138410811867238,0.4138410811867238,0.00016738987895734215
2023-08-28,1.1864387713397586,1.1697208800804884,0.07593901088127954,0.07586464996383589,0.00017100760565551864
2023-08-29,1.0795486034093804,1.0795486034093804,0.44106192005457673,0.4410619200545768,9.951540393698634e-06
2023-08-30,1.0565448270110114,1.0565448270110112,0.33560479768500656,0.3356047976850066,3.631399119369862e-05
2023-08-31,1.1558907721055887,1.1558907721055887,0.099450608622251,0.099450608622251,6.094545432947078e-05
2023-09-01,1.2534299044091248,1.1673804027598247,0.30949796454444867,0.3073370966588498,9.014181565388204e-05
2023-09-02,1.3459430747077596,1.2805983755443622,0.7691572318283573,0.7691572318283573,6.164290786874526e-05
2023-09-03,1.4096274684021866,1.4096274684021866,0.47491155289440895,0.4746967579586781,8.615286906470444e-05
2023-09-04,1.505597429332522,1.5055974293325225,0.09820895851262909,0.09708945972148228,9.377596589373904e-05
2023-09-05,1.341105909717871,1.3411059097178706,0.5010014027778205,0.5010014027778205,0.00011347162600117646
2023-09-06,1.4951989217489658,1.495198921748966,0.16481722144988453,0.16237904884883278,9.88124857932562e-05
2023-09-07,1.420553200660427,1.420553200660427,0.08915690506854929,0.08843606366346878,0.00012880350492570336
2023-09-08,1.604225665412343,1.6042256654123428,0.6884644743835189,0.6873040788767628,8.06259730432587e-05
2023-09-09,1.6923911215535954,1.6923911215535947,0.6893522892577132,0.6893522892577133,7.394643734213165e-05
2023-09-10,2.4344430075272623,2.4344430075272623,0.813188548616094,0.8129780115358873,5.9826822109183294e-05
2023-09-11,2.4238644972466,2.378538836288303,1.132370893480806,1.0709434312356823,0.000186384175566502
2023-09-12,1.9124461326827054,1.866863499613965,0.5566386353908176,0.545292595016142,0.0001447998756918279
2023-09-13,1.6210846400637249,1.4692744092196077,0.5760106093561175,0.5706150217921186,0.00020335066268646179
2023-09-14,1.4714899885464376,1.4372546393143535,0.6440722141348062,0.5990092568786642,0.0001865167156320871
2023-09-15,1.4074317584545564,1.4074317584545561,0.11146580965036293,0.11146580965036296,0.00020892346612219178
2023-09-16,1.272941204730178,1.272941204730178,0.46850848405520684,0.46850848405520684,0.00022264334264219176
2023-09-17,1.4345230782653138,1.4345230782653138,0.3872210321805128,0.3872210321805128,0.00023358444778219178
2023-09-18,1.3377412841553897,1.3377412841553897,0.5432276688544385,0.5250471387220144,7.033926106916563e-05
2023-09-19,1.2402537058052974,1.2402537058052974,0.1968656711244886,0.1477186711244886,3.3139094993698626e-05
2023-09-20,1.3395481734590275,1.3395481734590275,0.34333912314714604,0.343339123147146,1.853064071369863e-05
2023-09-21,1.4188287999871225,1.4188287999871223,0.2505728495827087,0.24803463138598206,4.236890967265754e-05
2023-09-22,1.4182297922278495,1.418229792227849,0.0872120248747252,0.0872120248747252,4.705517441665754e-05
2023-09-23,1.4513149604415472,1.4513149604415474,0.7824860160258333,0.7824860160258335,2.0287889678958903e-05
2023-09-24,1.3205325440569704,1.3205325440569702,0.21142455110506508,0.21142455110506508,2.5140861046958902e-05
2023-09-25,1.4362567404062916,1.4362567404062916,0.2344564582206322,0.23445645822063219,2.6006984687178074e-05
2023-09-26,1.4579382713068845,1.4579382713068847,0.37609885540944904,0.37609885540944904,2.9113271675178072e-05
2023-09-27,1.6479975003590737,1.6479975003590746,0.22937682905218945,0.22937682905218945,5.851831495117808e-05
2023-09-28,1.6415645631154245,1.6415645631154248,0.4897178404657775,0.4897178404657775,4.396569166317808e-05
2023-09-29,1.4613991313993997,1.4220815313993993,0.645546298622201,0.6432717713105082,8.214044482958905e-06
2023-09-30,1.4283300075994338,1.3890124075994341,0.565329171930993,0.565329171930993,6.356105934736532e-05
2023-10-01,1.4492031680713489,1.410413245839092,0.20447727899665605,0.1974758354975487,-2.3905003080742867e-05
2023-10-02,1.5503825455487608,1.55038254554876,0.5579037231468085,0.5405044984912142,-9.316519810644183e-05
2023-10-03,1.3869501306209964,1.3476325306209964,0.46913799270674683,0.45173876805115265,-4.8719651682573904e-05
2023-10-04,1.4401722649218103,1.401006998531201,0.09939408893515123,0.09906255696979557,3.838928194274175e-05
2023-10-05,1.3289365277210812,1.2897078074065307,0.2611414050078328,0.26074790786473595,7.449516291492669e-05
2023-10-06,1.3336181710804067,1.2943308361933314,0.06907832283278978,0.06907832283278979,1.5364315204590667e-05
2023-10-07,1.175274948087585,1.0573221480875852,0.6112312318529093,0.6112312318529094,-5.101197877571841e-06
2023-10-08,1.4535844206210782,1.386335511633384,0.6802812011738775,0.6790575998764512,-3.260874872091006e-05
2023-10-09,1.4828105685436783,1.4828105685436783,0.44346831272288617,0.4353100342718587,0.00010929545145767738
2023-10-10,1.4004243928518851,1.4004243928518854,0.2616895522543688,0.2605510354046895,0.000155221012598597
2023-10-11,1.4427558881873233,1.4427558881873235,0.6868992221818533,0.6865977713183007,0.0002219481257932876
2023-10-12,1.477592080859738,1.4775920808597383,0.22124129854437702,0.221241298544377,0.00023211550588441744
2023-10-13,1.4954862228870802,1.4954862228870804,0.2678049990445986,0.2677819371722505,0.00020021373069423177
2023-10-14,1.5081174631091305,1.508117463109131,0.7526077610510279,0.7520214253573643,0.00016685103723726864
2023-10-15,1.4820004925215748,1.4820004925215748,0.060539247933395345,0.06053924793339535,0.0001975349161986196
2023-10-16,1.5387081123603092,1.5387081123603092,0.2803673962677222,0.2803673962677222,0.00018380327711938385
2023-10-17,1.6876586433316851,1.651197763783105,0.6486337337604721,0.6418618957694154,0.00019964010384780227
2023-10-18,1.7019131544948687,1.6637861549876902,0.3109696521147562,0.31095837055618525,0.00019552084986766097
2023-10-19,1.826173741152625,1.7852985314568894,0.2186139558422012,0.2097979571380989,0.00017010916646418222
2023-10-20,1.7291651192618245,1.7291651192618243,0.45501044936431534,0.4513010804336294,0.00019713967877697382
2023-10-21,1.551030036044026,1.5510300360440257,0.8923741168148102,0.8259621603085534,2.8502388386371657e-05
2023-10-22,1.6098899198358516,1.6098899198358518,0.06623001166501262,0.06560347691139937,-3.721398680010619e-06
2023-10-23,1.8858788829107511,1.7079007671717783,0.8847201591120584,0.8620015801880893,-0.00011974522044135559
2023-10-24,1.476811388444173,1.2506051024276654,0.5971394114139312,0.5868455446204208,-0.00020931257900643076
2023-10-25,1.4128962634685402,1.2997970703136934,0.30004385294355584,0.27191666513541535,-0.00011057908702862519
2023-10-26,1.465140545017666,1.2361900473825629,0.5530243739824794,0.5061238952382776,-0.00022502041989449681
2023-10-27,1.48033560261945,1.3096656509147455,0.10662507948595333,0.10227904040778318,-0.0001895027029222742
2023-10-28,1.3912701843408974,1.1470347888611032,0.7362939745355016,0.7111855306162997,-0.00016957729363281676
2023-10-29,1.4472236815544162,1.2859276992308677,0.3486707581360077,0.3349780131168595,-0.000191251348592263
2023-10-30,1.542608578506488,1.3806828649637113,0.1026683554016151,0.10243587120402385,-0.00021718032271039774
2023-10-31,1.715383527476551,1.4730045659948396,0.22754625027119232,0.2275462502711923,-0.0002378061692770078
2023-11-01,1.5973397075516993,1.3630714527224626,0.4836871846885695,0.4685942783037906,-0.00012016979734929994
2023-11-02,1.5678975205761636,1.567897520576164,0.5598698120801543,0.5469056759141201,-0.000282822175246353
2023-11-03,1.4769778136591107,1.4078279422672508,0.19418699770059858,0.19188792915695008,-0.00021312273287832177
2023-11-04,1.5301048792775749,1.4612095241300154,0.7020770846106826,0.6975345283184267,-0.00020668751201534982
2023-11-05,1.7061459273877153,1.640410155209326,0.18387447134608492,0.18351704073918154,-0.0002407706393386816
2023-11-06,1.8047412256197228,1.657788702613049,0.2428904389174003,0.23097878409621708,-0.0002618833480322913
2023-11-07,1.8375532621315855,1.6653140273381466,0.6907253808204035,0.6906331293534537,-0.00027022246766206367
2023-11-08,1.6714095263904385,1.508324080565038,0.17993478000609842,0.16071289404845268,-0.00025126317873757373
2023-11-09,1.4790644999647178,1.3670431735734743,0.23758654302707405,0.23487271948501337,-0.00025376540095517757
2023-11-10,1.479522383089074,1.3445037594132898,0.3880250519579904,0.34064482688822584,-0.0002638491792336953
2023-11-11,1.233081006119939,1.0898765062674651,0.5443795415801383,0.5417689548529021,-0.0004036831163888126
2023-11-12,1.3212418758714057,1.1250922691519518,0.4977033486861533,0.47183930832271875,-0.0003057560810634789
2023-11-13,0.9956871863260922,0.8824178599490263,0.5426267536219074,0.539796260045664,-0.00027165827270196635
2023-11-14,0.9374169647532418,0.8634582142709133,0.12413186975741414,0.12412039481373993,-0.0001567353951383007
2023-11-15,1.09621218532227,1.011310520111422,0.1621418117230071,0.15879522056902803,-0.00016439703164365958
2023-11-16,0.9543152772864405,0.8300171904195909,0.4858837415864055,0.4858837415864055,-0.00016701642889008174
2023-11-17,0.9184410246862963,0.9184410246862963,0.4284516643304632,0.3263531453361517,-4.9154316489597487e-05
2023-11-18,0.764731443203917,0.7647314432039168,0.2817244105747013,0.2812821391203369,-4.521159859009628e-05
2023-11-19,0.7830607773890785,0.7830607773890782,0.3621741395193659,0.3621741395193659,-2.93092044694536e-05
2023-11-20,0.7468599016388814,0.7468599016388814,0.08019688131670472,0.07698028427456469,-5.475359669286587e-05
2023-11-21,0.7033971131243923,0.7033971131243923,0.0448131416031672,0.044764427108761114,-2.6681050978686774e-05
2023-11-22,0.81668027568694,0.8166802756869401,0.5025905488723927,0.50106743648676,-2.622411726299694e-05
2023-11-23,0.787960664456588,0.7879606644565879,0.02871961123035208,0.028719611230352094,-2.614759673156972e-05
2023-11-24,0.8003920787286394,0.8003920787286393,0.014176140451932537,0.013985717531689375,-2.609046985549677e-05
2023-11-25,0.968432838166082,0.9684328381660824,0.6676887274886318,0.6676887274886318,-2.609046985549676e-05
2023-11-26,0.8921513138941122,0.8921513138941122,0.18906370486092855,0.18882459395461587,-2.601873658360295e-05
2023-11-27,0.909571218339741,0.9095712183397409,0.22164590547421031,0.22164590547421031,-2.6055024485844122e-05
2023-11-28,0.8704725071505166,0.8704725071505167,0.2766271001380596,0.2764669547052152,-2.6006980855990797e-05
2023-11-29,0.8671262434964775,0.8671262434964774,0.007222603828356034,0.007000815745449893,-2.5940444431118954e-05
2023-11-30,0.9872722408917475,0.9872722408917477,0.17365937871097537,0.1736593787109754,-2.5941054871310906e-05
2023-12-01,1.1401972906495488,1.1401972906495486,0.2559830044153303,0.2559830044153303,-2.5962059713703827e-05
2023-12-02,1.3202385888074883,1.3202385888074883,0.6331038964314137,0.6283584335255434,-5.063067954480753e-05
2023-12-03,1.5687825958266712,1.568782595826672,0.5480063296957404,0.5480063296957404,-8.561670185888744e-05
2023-12-04,1.3743853826696872,1.3743853826696872,0.9189056418215777,0.9184208385839572,-0.00014853923806188013
2023-12-05,1.2162195655612928,1.2162195655612928,0.48959261757966344,0.4895926175796633,-0.00015051282463533576
2023-12-06,1.25323254986477,1.2532325498647698,0.10690578500644901,0.10414819000206432,-0.00024901892830407927
2023-12-07,1.2154149402926557,1.1028251160654094,0.5547911023881676,0.5346217557352424,-0.00022263096433777457
2023-12-08,1.2185653029612855,1.021699567264995,0.08413674511288788,0.08198773774724748,-0.00044280362287873115
2023-12-09,1.1460092810473934,0.9443234469843471,0.44154607508823973,0.4324781706709113,-0.000552990163526661
2023-12-10,1.382615152554812,1.1519029322172258,0.4118603540716931,0.39227824142978585,-0.0003913662847167275
2023-12-11,1.206521295054037,1.1453857353216101,0.27927438702949076,0.27525988767920506,-9.774061990050004e-05
2023-12-12,0.9208314591605944,0.8614978661034851,0.6434946738087562,0.6434946738087562,-1.546944656707732e-05
2023-12-13,0.9900848923614931,0.9900848923614931,0.3855420130121821,0.3854285455839198,8.097335504409398e-05
2023-12-14,1.0259200846593084,1.0212150375382354,0.07064872178310952,0.07063620677859259,9.029294557275326e-05
2023-12-15,1.1395594344035764,1.065224404625857,0.15392504243768199,0.15392504243768199,2.6410061229654572e-05
2023-12-16,1.1744469372838602,1.079229531993681,0.6175060859362583,0.6148703031835856,2.832852359810199e-05
2023-12-17,1.1243997888015236,1.047850023559103,0.49662093055027945,0.4413227574179227,1.81182839638822e-05
2023-12-18,1.7003679698587801,1.6457231166417248,0.7210747574266697,0.7203987626896706,-2.995848945387386e-05
2023-12-19,1.1025900794081969,1.0463298081992443,0.7981872951161484,0.7965834338317339,-2.3985379190796392e-05
2023-12-20,1.2284162214705314,1.2284162214705314,0.3484850742927746,0.34848507429277453,6.547049385222788e-05
2023-12-21,1.217924769158651,1.217924769158651,0.4109673648397516,0.40426700419209277,2.1567068730555873e-06
2023-12-22,0.9178062440648593,0.9178062440648597,0.6130738639662855,0.6130738639662854,-5.065462253039865e-05
2023-12-23,0.9670661822588428,0.9670661822588427,0.3254600897877609,0.3105721247559404,5.888549114889607e-05
2023-12-24,0.9777776246105847,0.977777624610585,0.020215230849309887,0.019903647294936554,-3.7067715501860406e-05
2023-12-25,1.0019818873811586,1.0019818873811586,0.3312387909190368,0.3307667409095696,-6.980751907074226e-07
2023-12-26,0.9295399045436099,0.8909572530310835,0.1488305003615609,0.1488305003615609,-0.0001431181559582243
2023-12-27,0.7992758849700982,0.7992758849700983,0.25084018061532765,0.20929089802130688,2.8813837841847377e-05
2023-12-28,0.7674545654150609,0.7674545654150611,0.28483338225660015,0.28483338225660015,0.00020312855226252126
2023-12-29,0.766454448617951,0.7664544486179508,0.026323953444065455,0.02470998754721371,9.153439464551609e-05
2023-12-30,0.7841932052460006,0.7841932052460006,0.2983670712317946,0.2983670712317946,9.708287678178563e-05
2023-12-31,0.6967104125925715,0.6967104125925718,0.3611970325742537,0.3610377447645458,0.00016307378740273095
2024-01-01,0.732395284834622,0.7323952848346219,0.15055594128852423,0.15055594128852423,-1.1313308403469217e-05
2024-01-02,0.6728145185044325,0.6728145185044326,0.07710290378700034,0.07710290378700034,-4.69790074592033e-05
2024-01-03,0.664155722388758,0.6641557223887579,0.32026409591732746,0.32026409591732746,1.3914152053091122e-05
2024-01-04,0.6346364972680258,0.6346364972680257,0.030480761797287644,0.03048076179728764,1.124270900813961e-05
2024-01-05,0.6600028606202698,0.6600028606202699,0.025366363352243848,0.02536636335224384,3.8544348104058995e-05
2024-01-06,0.5718585689207746,0.5718585689207746,0.5691997547866,0.5691997547866,4.788960260635933e-05
2024-01-07,0.5977165102326182,0.5977165102326181,0.04410462546503355,0.042767541396532494,0.0
2024-01-08,0.6900771240000564,0.6900771240000566,0.09239840203833483,0.09239840203833484,-2.4486514297326916e-05
2024-01-09,0.7074175485556378,0.7074175485556378,0.16089336916302535,0.16089336916302532,-2.448879560154406e-05
2024-01-10,0.7254866158341057,0.7254866158341058,0.06387778167024283,0.06188147198291881,-4.907285028615727e-05
2024-01-11,0.6736266143908504,0.6736266143908501,0.157801649538662,0.157801649538662,-4.90702784936697e-05
2024-01-12,0.7010809830159086,0.7010809830159085,0.27613504215293966,0.24330525747147988,-2.0882727123351802e-05
2024-01-13,0.7535384607600616,0.7535384607600614,0.2658169049227171,0.2658169049227171,-2.1494109827619653e-05
2024-01-14,0.7150100879338162,0.715010087933816,0.03852837282624545,0.03852837282624545,-1.671174448115347e-05
2024-01-15,0.6942338172798497,0.6942338172798498,0.15098346813392008,0.15064494077476723,-1.661018627340762e-05
2024-01-16,0.6396890244759087,0.6396890244759086,0.17230514582168496,0.1648618948382627,-1.972958413847621e-05
2024-01-17,0.5943551985045307,0.5943551985045308,0.04654232765605959,0.04556954937233769,-2.0021417623592775e-05
2024-01-18,0.6278181947709034,0.6278181947709035,0.2653226827234759,0.2568602763110599,3.150355436875171e-05
2024-01-19,0.6723859017190507,0.6723859017190507,0.04456770694814734,0.04456770694814733,5.056807870526921e-05
2024-01-20,0.684198207899638,0.684198207899638,0.21454512394708725,0.21450772379771704,5.055685866045816e-05
2024-01-21,0.6771406611731191,0.677140661173119,0.26793048644007356,0.26793048644007356,5.6418063013698644e-05
2024-01-22,0.7793190608928282,0.7793190608928279,0.11636478638895992,0.11636478638895989,5.641806301369863e-05
2024-01-23,0.7482278555547175,0.7482278555547175,0.07678130079014552,0.07678130079014552,5.641806301369863e-05
2024-01-24,0.7577139912884872,0.757713991288487,0.21447858853311388,0.21447858853311388,5.641806301369863e-05
2024-01-25,0.7886040624864531,0.788604062486453,0.03572789852504052,0.03547149929526669,6.732972803668056e-05
2024-01-26,0.8271806802481229,0.827180680248123,0.2324802792253818,0.23218971707263011,6.716295332160802e-05
2024-01-27,0.7820737512390173,0.764313966297893,0.5281277329048012,0.5281277329048011,6.661169300045362e-05
2024-01-28,0.7726020459127421,0.7549726204693115,0.010235208855492473,0.010104849357798784,6.653687022027053e-05
2024-01-29,0.7592766994677784,0.7592766994677782,0.13676318227748022,0.13676318227748024,6.685910173606025e-05
2024-01-30,0.8198580403845545,0.8198580403845545,0.17396658892880945,0.17274595407828341,5.068621400241862e-05
2024-01-31,0.7845292092380308,0.7845292092380309,0.2583326200546932,0.22311647168054743,5.399987897642156e-05
2024-02-01,0.8232644012276427,0.8232644012276426,0.0746401694123432,0.06512956766901816,5.641806301369863e-05
2024-02-02,0.8693762942300789,0.8693762942300789,0.22532047064711883,0.22532047064711883,5.6418063013698644e-05
2024-02-03,0.9941232375186813,0.9941232375186815,0.44743195335604413,0.44743195335604413,5.64180630136986e-05
2024-02-04,1.1191910589931884,1.1191910589931886,0.12525178797954495,0.12525178797954495,5.641806301369863e-05
2024-02-05,1.1662921802680906,1.1662921802680908,0.48372424353612076,0.4778947328868256,4.325763884327064e-05
2024-02-06,1.248760172128695,1.2487601721286954,0.1809265663775247,0.18092656637752463,4.40873094740331e-05
2024-02-07,1.5049173552838966,1.4865870077374455,0.29972699427979377,0.2951328622395717,0.00025250576417316483
2024-02-08,1.5098643117139132,1.4921385089407784,0.2237677027800315,0.22252318153713113,6.214767267180202e-05
2024-02-09,1.4319134735724197,1.348368075976435,0.648104512293427,0.5477411578253669,0.0002049899633553383
2024-02-10,1.8162913817449433,1.7266423780082918,0.9012201490099394,0.889887600518151,7.995513425894298e-05
2024-02-11,1.8719025670555562,1.816870700796031,0.27554060008820846,0.2755406000882084,0.00015217441139140874
2024-02-12,2.0081521735605334,1.9559875569259428,0.2879663522807421,0.2844158565692506,6.882056748288384e-05
2024-02-13,1.5525702174359486,1.5120149765544837,0.4591746563273843,0.45796448327918626,-2.988801595438503e-05
2024-02-14,1.6921341012238236,1.6012710703792157,0.6038910503460807,0.6013732787640746,-7.82237030113815e-05
2024-02-15,1.5647521218079408,1.5156051218079403,0.4031268592040621,0.39989141505568426,-0.00014708623849760046
2024-02-16,1.5101841637910813,1.461037163791081,0.574378116755828,0.5732561612297691,-0.00016371075480292588
2024-02-17,1.1318269186335295,1.0826799186335296,0.9517767850429345,0.9481057717430157,-9.026406852544132e-05
2024-02-18,1.1309028639745606,1.0817558639745604,0.01800691078032524,0.01800691078032519,-8.341666991239306e-05
2024-02-19,1.0968562336130474,1.0477092336130476,0.03493519419307533,0.034818109035499895,-0.00015194263383697603
2024-02-20,1.1179399937996233,1.0687929937996232,0.38151062502193583,0.3815106250219358,-0.00015260923682627973
2024-02-21,1.1928503260858778,1.1437033260858778,0.08532774457059648,0.08153521812217196,-3.5362740909999996e-05
2024-02-22,1.198673243757387,1.149526243757387,0.0319363896577597,0.03193638965775971,5.7258220880000006e-05
2024-02-23,1.0726867641720224,1.0642665926608585,0.22800244514700857,0.2255297302843188,4.350224666697549e-05
2024-02-24,0.9946062388891024,0.9861421267915508,0.5868593386934516,0.5868593386934517,6.67863965138489e-05
2024-02-25,1.0894444668716916,1.0720303579120054,0.20901761562841292,0.18948368107823163,8.710623129491458e-05
2024-02-26,1.4849789630468775,1.467624231784278,0.5260218494869956,0.5260218494869956,-0.00014153665544689673
2024-02-27,1.0854442520322227,1.0309395628607865,0.4804739797520555,0.4804739797520555,-0.00024531443057140476
2024-02-28,1.5221140964939135,1.5221140964939133,0.6573422022223258,0.6538534730516365,1.720931351999999e-05
2024-02-29,0.86784207854818,0.8678420785481801,0.7765345928000121,0.7765345928000122,0.0
2024-03-01,0.8514173903988911,0.8514173903988912,0.2103014065202855,0.2103014065202855,0.0
2024-03-02,0.8942257021305713,0.8942257021305713,0.6256859698377539,0.6256859698377539,-6.970893617164576e-05
2024-03-03,0.9714325194982296,0.9530840708585627,0.4816220064899319,0.4816202839378721,-0.0001812335162662378
2024-03-04,0.9594757556261759,0.9223068038304902,0.12974826990104538,0.11220839022143947,-0.00018746224995551083
2024-03-05,0.998653392303172,0.9986533923031717,0.49658829809537125,0.4902196336022026,0.0
2024-03-06,0.8596150891546638,0.8596150891546639,0.9037487987605454,0.8756175350248497,-0.00012211751678
2024-03-07,0.8169494228065234,0.8169494228065235,0.07354108206322382,0.07354108206322381,-0.00013611261649999995
2024-03-08,0.7380398835484978,0.7380398835484978,0.08215191941216998,0.08215191941216995,1.0940122199999999e-06
2024-03-09,0.634458718947346,0.634458718947346,0.40292877457477333,0.4000210247413618,-2.2520313797424644e-06
2024-03-10,0.5353795946265655,0.5353795946265656,0.1052140100776994,0.1052140100776994,-5.0252225088953626e-05
2024-03-11,0.606270835482366,0.606270835482366,0.30756256622701683,0.28937694844270373,-9.551227979999998e-06
2024-03-12,0.5553154806526646,0.5553154806526647,0.34323166448167686,0.33636868708945183,-5.4335556061608747e-05
2024-03-13,0.5800522920833584,0.5800522920833583,0.026673194751650624,0.026673194751650628,-8.655224162545449e-05
2024-03-14,0.597849417681976,0.5978494176819761,0.020458966430718574,0.020348120846533133,-9.967404775999998e-05
2024-03-15,0.6887732363596448,0.6887732363596447,0.32202409682152355,0.32167502200347553,-0.00017361370162631941
2024-03-16,0.5489256519300009,0.5489256519300008,0.40430235476595805,0.3435911482818016,-3.127837642385907e-05
2024-03-17,0.5560471652689869,0.5560471652689871,0.010920875123937832,0.010428310283525054,-3.3628092279460797e-05
2024-03-18,0.5879073151419334,0.5879073151419335,0.29789564679233205,0.29789564679233205,-5.187797703037602e-05
2024-03-19,0.5200703855517445,0.5200703855517443,0.06835564964605384,0.06835564964605384,0.0
2024-03-20,0.5772132449551605,0.5772132449551606,0.0581212705445524,0.0581212705445524,-3.8739631279999984e-05
2024-03-21,0.5268994882287528,0.5268994882287528,0.4177065847770288,0.4177065847770288,-7.419427707999999e-05
2024-03-22,0.49229345924474327,0.49229345924474327,0.037451127425962294,0.03727373771601823,-3.3016646884860033e-05
2024-03-23,0.45490755017444623,0.4549075501744462,0.12666369687907564,0.12481407322404318,0.0
2024-03-24,0.5497633247206357,0.5497633247206359,0.2584803100206829,0.2584803100206829,0.0
2024-03-25,0.5659309742385059,0.5659309742385058,0.016167649517870072,0.016167649517870072,0.0
2024-03-26,0.6516558061234172,0.6516558061234172,0.2825529541584882,0.2825529541584882,-7.64197364298421e-05
2024-03-27,0.5889339360048869,0.5889339360048869,0.4032525369178635,0.4031299203988104,-0.00024996506875328095
2024-03-28,0.4873521688391051,0.48735216883910487,0.1029195938474975,0.1029195938474975,0.0
2024-03-29,0.5024491879907804,0.5024491879907803,0.015174861977677246,0.015174861977677246,0.0
2024-03-30,0.6740411543678828,0.674041154367883,0.3661749570592273,0.3661749570592273,0.0
2024-03-31,0.6373500791780061,0.6373500791780062,0.2391058259910674,0.2391058259910674,0.0
2024-04-01,0.6457905940757493,0.6457905940757495,0.00844869429521246,0.00844869429521246,0.0
2024-04-02,0.700182566006537,0.7001825660065369,0.23516015937370505,0.23516015937370505,0.0
2024-04-03,0.705900261520646,0.7059002615206458,0.005925262294251105,0.005925262294251105,0.0
2024-04-04,0.7154597291154429,0.7154597291154428,0.01200308931312876,0.01200308931312876,0.0
2024-04-05,0.6380350954923915,0.6380350954923913,0.5870117849178784,0.5870117849178784,0.0
2024-04-06,0.5771737771207557,0.5771737771207557,0.18514381194948915,0.18514381194948915,0.0
2024-04-07,0.5594706539642619,0.559470653964262,0.018997908543261312,0.018997908543261312,0.0
2024-04-08,0.7004119369040513,0.7004119369040517,0.3898641818948908,0.3405820164501646,-0.00010525812989999996
2024-04-09,1.2783748997736608,1.2783748997736604,0.5910413551985341,0.5910413551985342,-0.00010891761551999997
2024-04-10,1.3554427781132736,1.3554427781132738,0.24116473340549743,0.24116473340549743,-8.034060090000001e-05
2024-04-11,0.9454546204017458,0.9454546204017461,0.8467228276699412,0.8445178577154202,-0.00010229158359569496
2024-04-12,0.8835896138963686,0.8835896138963684,0.15400119589748407,0.14833346263140587,-2.934233583336766e-05
2024-04-13,0.70624463596982,0.7062446359698199,0.32220321617398917,0.32220321617398917,0.0
2024-04-14,0.4895936486198162,0.4895936486198161,0.36781822136614767,0.36781822136614767,0.0
2024-04-15,0.4074326566836459,0.4074326566836459,0.28375221871105616,0.28375221871105616,0.0
2024-04-16,0.40725872419677733,0.4072587241967773,0.004685542103120238,0.004685542103120238,0.0
2024-04-17,0.43899668573950124,0.43899668573950124,0.2060854240683368,0.2060854240683368,0.0
2024-04-18,0.4483425749025298,0.4483425749025299,0.015636904132023212,0.015636904132023212,0.0
2024-04-19,0.46152621781402436,0.4615262178140243,0.020337958529315636,0.020337958529315636,0.0
2024-04-20,0.513793598314567,0.513793598314567,0.3724661887231765,0.3724661887231765,0.0
2024-04-21,0.5166553833643476,0.5166553833643477,0.013404242607101213,0.013404242607101213,0.0
2024-04-22,0.5236030907766369,0.5236030907766367,0.006947707412289285,0.006947707412289285,0.0
2024-04-23,0.481576038066153,0.48157603806615323,0.22917411286739775,0.22917411286739775,0.0
2024-04-24,0.4896182996659624,0.48961829966596254,0.008090463541671382,0.008090463541671382,0.0
2024-04-25,0.5260486002796461,0.5260486002796461,0.1498542528419509,0.1498542528419509,0.0
2024-04-26,0.5337412958289565,0.5337412958289565,0.18833958908977777,0.18833958908977777,0.0
2024-04-27,0.48628606398086033,0.48628606398086016,0.12376430703942289,0.12376430703942289,0.0
2024-04-28,0.4825670232946201,0.48256702329462026,0.008721138311166731,0.008721138311166731,0.0
2024-04-29,0.5205426005575331,0.520542600557533,0.25861081358317817,0.25861081358317817,0.0
2024-04-30,0.5553354661190537,0.549903405645355,0.18166622507263366,0.1816662250726337,1.563779810622665e-05
2024-05-01,0.5239255093389844,0.5239255093389844,0.0314303478396711,0.03138394416102679,0.0
2024-05-02,0.5116545407780819,0.5116545407780819,0.32776547309894977,0.32776547309894977,0.0
2024-05-03,0.5442240781242406,0.5442240781242405,0.05432357562643521,0.0543235756264352,0.0
2024-05-04,0.5636836949130172,0.5636836949130172,0.24573016369152334,0.24573016369152334,-2.854877430096071e-06
2024-05-05,0.5049981593671091,0.504998159367109,0.4235270486178246,0.4235270486178246,-5.47621573583956e-06
2024-05-06,0.585745010075113,0.5852429391549168,0.10369364355040597,0.1034798654929942,-5.3581930287945494e-05
2024-05-07,0.4776649359115832,0.47766493591158327,0.14240645645949557,0.14240645645949557,-7.592031971999998e-06
2024-05-08,0.471239637020364,0.47123963702036403,0.2159288288107702,0.2159288288107702,-1.4883874067999997e-05
2024-05-09,0.39519422620621564,0.3951942262062156,0.07605636334722916,0.0760454108141484,-5.8976399999999995e-06
2024-05-10,0.41250997607767037,0.4125099760776703,0.13105768918528732,0.12583539125931326,0.0
2024-05-11,0.4525207836640046,0.45252078366400456,0.2879221741837329,0.2879221741837329,0.0
2024-05-12,0.46819292045928584,0.4681929204592857,0.015746109500424182,0.015746109500424182,0.0
2024-05-13,0.8806185341618963,0.8806185341618962,0.4141844901251178,0.4141844901251178,0.0
2024-05-14,0.9020618632015907,0.9020618632015908,0.2116750267260384,0.21167502672603838,0.0
2024-05-15,0.6836366439607896,0.6836366439607895,0.6921178383693247,0.6921178383693247,-2.3571884139999998e-05
2024-05-16,0.7105033288527629,0.710503328852763,0.10369318005832132,0.1036931800583213,-2.86414674e-05
2024-05-17,0.7244921948767934,0.7244921948767934,0.2547278715797257,0.25452500162511793,-1.9744315779999994e-05
2024-05-18,0.7083264668709256,0.7083264668709255,0.2700300195465035,0.2700300195465035,-2.1459546079999998e-05
2024-05-19,0.7224062094357675,0.7224062094357675,0.014099332237325837,0.01409933223732584,-2.732278318e-05
2024-05-20,1.5045356815452295,1.504535681545229,1.112378436872724,1.1123784368727243,-5.677883488732631e-05
2024-05-21,0.8391244904851842,0.839124490485184,0.9586593596749461,0.9434252292992441,-6.979096107841564e-05
2024-05-22,0.8242126216458774,0.8242126216458775,0.035009839562511025,0.03448190876196244,-8.664297869616571e-05
2024-05-23,0.762324517420108,0.7517420398960944,0.4112313297027412,0.40202123566346176,-4.671660743612724e-05
2024-05-24,0.7595985714236858,0.747311821423686,0.02373064677502671,0.023036652194659606,-3.319890742365732e-05
2024-05-25,0.7340899681869453,0.7124600144503527,0.47633603043190686,0.47633603043190686,-4.190827379194792e-05
2024-05-26,0.6884601885525292,0.6884601885525291,0.22470383853480574,0.22403769565000253,-4.857109192004294e-05
2024-05-27,0.6443433988754379,0.6443433988754377,0.09288656573744344,0.09288656573744344,-0.00011053573758109975
2024-05-28,0.6288776396880627,0.6288776396880627,0.04406533598078144,0.04406533598078144,-7.779765876615533e-05
2024-05-29,0.709809295799927,0.7098092957999269,0.19900550446999216,0.19900550446999216,-8.008723018499789e-05
2024-05-30,0.6743949621362939,0.6743949621362941,0.24803120103966325,0.24803120103966325,-4.3379599550000005e-05
2024-05-31,0.7576176291128363,0.7576176291128364,0.08347801972269682,0.08347801972269682,-7.871678402000001e-05
2024-06-01,0.6310017854572868,0.631001785457287,0.41287594863136484,0.41287594863136484,-0.00012598341980000002
2024-06-02,1.8075827363093955,1.8075827363093957,1.2255183324698415,1.2255183324698418,-0.00013408579421999998
2024-06-03,1.700927031300717,1.700927031300717,1.2358643901797313,1.235864390179731,-0.00013542455849999992
2024-06-04,0.6856597075455884,0.6856597075455884,1.4345208862606222,1.434520886260622,-0.00010576729281999997
2024-06-05,0.6761341061070718,0.6761341061070719,0.009989751310119692,0.009989751310119605,-0.00012699486506
2024-06-06,0.6795241678115738,0.6795241678115739,0.0045968639600689025,0.004596863960068908,-0.00012997513913999998
2024-06-07,0.7427449887944138,0.7427449887944138,0.312473888576293,0.3090123550598177,4.68922364472023e-05
2024-06-08,0.7862640903935532,0.7862640903935532,0.2881419248589134,0.2881419248589133,6.98152943778296e-05
2024-06-09,0.8060858496835707,0.8060858496835709,0.2170976526222354,0.21709765262223538,0.00010490404423633905
2024-06-10,2.4559817223004394,2.4559817223004385,2.162267152260269,2.1622671522602688,0.00011027778904109589
2024-06-11,2.3024014404884414,2.3024014404884414,3.6439797849305924,3.643979784930592,0.0001397659890410959
2024-06-12,1.3605414093850412,1.3605414093850416,0.9875785302911052,0.9875785302911051,4.475276884484625e-05
2024-06-13,0.43427477856477015,0.4342747785647702,0.9752249376306865,0.9752249376306866,4.799491661394746e-05
2024-06-14,0.7790048313136655,0.7790048313136655,0.6014235048813663,0.5981757434044487,8.142265910687622e-05
2024-06-15,0.4143879422453929,0.4143879422453928,0.4761566114699781,0.4747614281271625,6.985215982739724e-05
2024-06-16,0.39997192876153953,0.3999719287615396,0.1341471118782459,0.13414711187824588,7.069552234739726e-05
2024-06-17,0.8269088830715002,0.8269088830715007,0.4276657967660442,0.42766579676604416,0.0001665929182521899
2024-06-18,0.5290058920901634,0.5290058920901635,0.39270047245831236,0.3927004724583124,0.00014687897871924692
2024-06-19,0.46726432700908294,0.4672643270090829,0.276064759876718,0.27606475987671797,0.00012216025125196494
2024-06-20,0.4527692686847087,0.4527692686847086,0.052542771625967384,0.05145785073503144,7.219957616549015e-05
2024-06-21,0.7991267661006113,0.7991267661006111,0.3641610089102772,0.36414869325895,0.00013974454740396636
2024-06-22,0.8111508886812225,0.8111508886812223,0.26595458107444675,0.26595458107444675,0.00014923891151991675
2024-06-23,0.4737370249764922,0.4737370249764924,0.3377534572974708,0.33775345729747075,0.0001297559548901792
2024-06-24,0.9403858304390078,0.937109301306756,0.6765920717843432,0.6742959474006557,0.0001122761060610959
2024-06-25,0.3709433191130452,0.3709433191130452,0.872434740062491,0.8530168819131161,0.0
2024-06-26,0.5383296316931111,0.538329631693111,0.1674314143970757,0.1674314143970757,0.0
2024-06-27,0.5170963827034987,0.5170963827034987,0.021716725458588035,0.021716725458588035,0.0
2024-06-28,0.6055575530273757,0.6055575530273758,0.34458352059758895,0.34458352059758895,0.0
2024-06-29,0.4684683713539423,0.4684683713539423,0.3118977897448453,0.3118977897448453,0.0
2024-06-30,0.4610846311980301,0.4610846311980301,0.008855120449468774,0.008855120449468774,0.0
2024-07-01,1.2465172883632198,1.2465172883632196,0.9973049608833889,0.9973049608833889,0.0
2024-07-02,1.029772547916802,1.0297725479168018,0.23362794164836917,0.23362794164836917,0.0
2024-07-03,0.5794192347830571,0.5628559209189237,0.5715000811480846,0.5712528281371589,5.1734123763384154e-05
2024-07-04,0.7821739637498659,0.7368907895711188,0.4517508538422469,0.41607265589984943,0.00014317432974843354
2024-07-05,0.7391585421396758,0.7173587573940658,0.6944767230892186,0.6944767230892186,6.367697911714534e-05
2024-07-06,0.35680609297399146,0.3568060929739915,0.46096076977467815,0.4596703251551635,3.324730785628241e-05
2024-07-07,0.291315449086201,0.2913154490862009,0.21142377543386168,0.21122794782295845,2.9888833049101e-05
2024-07-08,0.3838400245142788,0.38384002451427884,0.0944633745418758,0.09446337454187578,3.375488139075823e-05
2024-07-09,0.3600541454572428,0.33190348871089514,0.15219421757992765,0.14723048742739997,2.679373687005106e-05
2024-07-10,0.377052640717875,0.3770526407178749,0.22144361863184558,0.22144361863184556,-8.549769288248372e-06
2024-07-11,0.4226258441912082,0.4226258441912082,0.07703282950879745,0.07703282950879745,2.1105759838510415e-05
2024-07-12,0.4233977621868657,0.4233977621868657,0.018266989596317822,0.01826698959631782,2.792818345625234e-05
2024-07-13,0.4147273397682721,0.4092014021242782,0.25844775758285504,0.25844775758285504,1.6754422820530808e-05
2024-07-14,0.41819526072868135,0.4181952607286813,0.23093570916296377,0.23089471345886037,0.0
2024-07-15,0.5535561826960483,0.5535561826960481,0.20627140765816385,0.1999260384155695,-3.814004890403471e-05
2024-07-16,0.5459788428344468,0.5459788428344468,0.22215667418246313,0.21778493598899826,-2.6569779962131413e-05
2024-07-17,0.48605837787760314,0.4860583778776031,0.0603969185870383,0.05995707672815251,-2.3323807588127394e-05
2024-07-18,0.5139639639537669,0.5028349528170228,0.08359173513341264,0.07699019216613259,-5.836228838810173e-05
2024-07-19,0.6144691078096998,0.6144691078096998,0.38193334075939545,0.36286133787865077,-6.777145695648952e-05
2024-07-20,0.6921154631520638,0.6921154631520636,0.19217567912019062,0.1838330477783548,-5.953923286608719e-05
2024-07-21,0.7075323683352626,0.7075323683352625,0.043822258195144355,0.04379430835468037,-6.799770364572859e-05
2024-07-22,0.7111840147464173,0.7111840147464173,0.18243173344410668,0.1811051650710589,-8.703496364259406e-05
2024-07-23,0.6203727720151249,0.6203727720151251,0.10927372751171897,0.10721910576253713,-7.344256571700761e-05
2024-07-24,0.6482259147742935,0.6145241993335828,0.10717636081949512,0.10584992972229795,-7.339711274000001e-05
2024-07-25,0.4799018160403707,0.4799018160403707,0.3108926518034849,0.30997904587998976,-2.9488200000000003e-05
2024-07-26,0.47166536942562365,0.4716653694256236,0.00940701205543916,0.00940701205543916,-2.2941819600000003e-05
2024-07-27,0.5399098366536204,0.5399098366536205,0.13708400901891604,0.13708400901891604,-3.986214876e-05
2024-07-28,0.6235941582768425,0.6235941582768428,0.17967970530660904,0.17967970530660904,-4.8255473420000005e-05
2024-07-29,0.582387245225534,0.5823872452255339,0.09983436340273431,0.09983436340273433,-5.310431644e-05
2024-07-30,0.5352953872797284,0.5352953872797284,0.047138158741916875,0.047138158741916875,-2.1226343565e-05
2024-07-31,0.665962607673171,0.6659626076731712,0.34388440613716564,0.34388440613716564,-1.739508918e-05
2024-08-01,0.5797697725763543,0.5797697725763544,0.14537675850216503,0.14271078616302535,3.0759884684219174e-05
2024-08-02,0.42250568083269263,0.4225056808326927,0.28704469154614143,0.2830342290017364,7.317731990556442e-05
2024-08-03,0.514165022103921,0.4773964286075589,0.3976712360168755,0.3786800774655674,0.00015437986888039884
2024-08-04,0.5334963670070281,0.49427385092694426,0.023086579637705416,0.023086579637705402,0.00014027178591875987
2024-08-05,0.4381177551201954,0.3954296690900468,0.1529666751040366,0.15002928782385183,2.9075392243754782e-05
2024-08-06,0.31825232106456547,0.31825232106456547,0.19308861546637374,0.15919627469040593,2.5841063870679498e-06
2024-08-07,0.31408305225296607,0.3140830522529661,0.011031216904870172,0.01077680139516084,1.8120363565864525e-06
2024-08-08,0.2880004470351266,0.2880004470351266,0.1113724699305394,0.1113724699305394,0.0
2024-08-09,0.3254216644898352,0.3254216644898353,0.14621730692020216,0.14621730692020216,0.0
2024-08-10,0.33825107887967354,0.33825107887967354,0.07771707211330342,0.07771707211330342,0.0
2024-08-11,0.34901292386609367,0.3490129238660936,0.011495184257585039,0.011495184257585039,0.0
2024-08-12,0.36930071511582285,0.36930071511582274,0.16730668999570547,0.16730668999570547,0.0
2024-08-13,0.3691989091531231,0.36919890915312314,0.092782000670426,0.092782000670426,0.0
2024-08-14,0.3710532198645497,0.37105321986454975,0.00724690578796537,0.00724690578796537,0.0
2024-08-15,0.36166209541104843,0.36166209541104843,0.14468775349017116,0.14468775349017116,0.0
2024-08-16,0.3663488350154959,0.36634883501549603,0.009656104084678936,0.009656104084678936,2.582670447355143e-06
2024-08-17,0.3544065763614256,0.3544065763614256,0.10800330119551642,0.10800330119551642,2.571276404080281e-06
2024-08-18,0.33119783259384933,0.33119783259384944,0.20860204812012634,0.20860204812012637,2.531731167774505e-06
2024-08-19,0.5285309900352394,0.5285309900352393,0.2052495070343042,0.2052495070343042,2.560298544573843e-06
2024-08-20,0.981148518500974,0.9811485185009743,0.47676352416041407,0.47676352416041407,2.5445969194431788e-06
2024-08-21,0.854431632996851,0.8544316329968509,0.6139652718578473,0.6139652718578473,2.510762865456511e-06
2024-08-22,0.9519448423212515,0.9519448423212516,0.11799623270279368,0.11799623270279366,7.9175817e-06
2024-08-23,0.6688986151770807,0.6511549734980104,0.6636418490877278,0.46705384908772796,5.372258569999997e-05
2024-08-24,0.6322673888170164,0.5878438963496525,0.5379327800521778,0.5209565670379652,3.079378572416711e-05
2024-08-25,0.6517749677149912,0.6039829648181296,0.11053178500263763,0.10716327457314014,1.6401810463298664e-05
2024-08-26,0.59486878565175,0.5490972164807285,0.08405306207212851,0.08239689246815096,-9.10594428796199e-06
2024-08-27,0.3973612713542305,0.3973612713542305,0.3162282460549003,0.3056350973643408,-6.808392819075341e-06
2024-08-28,0.3140659924353762,0.31406599243537614,0.16289848370414445,0.16289848370414445,1.0617690950136989e-05
2024-08-29,0.31554165809379203,0.3155416580937919,0.003590741286383521,0.003590741286383521,-2.2835194173630145e-06
2024-08-30,0.4715781685607324,0.4715781685607325,0.34809649472923887,0.347843698486412,9.257918534181982e-05
2024-08-31,0.4568112106265693,0.4568112106265695,0.13498087792586017,0.12760882792586017,0.00011234480911397646
2024-09-01,0.9435574145863438,0.9151384264233486,0.7156596491090423,0.7149240728563662,8.955201985436869e-05
2024-09-02,1.070359437516026,1.0703594375160257,0.3975733195583286,0.37237808015703006,8.336372721105583e-05
2024-09-03,0.6596491612368216,0.6596491612368216,0.41696930815156275,0.41696930815156275,0.00015196542618095007
2024-09-04,0.7440248319721029,0.744024831972103,0.08515867192513173,0.08489767152851493,0.00014953383297435435
2024-09-05,0.9624037665340242,0.9624037665340239,0.6870806857304882,0.6854142267051673,0.00018948416035619568
2024-09-06,1.1034799154932482,1.1034799154932484,0.2056902037809629,0.2056560772099965,0.0001702082140589446
2024-09-07,0.8252460133791228,0.8252460133791228,0.6024347895462245,0.6018852530623513,0.00010613667975378215
2024-09-08,0.6379476508583948,0.637947650858395,0.4567613744772732,0.45579126734773856,0.00017207510418761757
2024-09-09,0.4515531242715282,0.4515531242715282,0.195716065262588,0.19539613348101184,1.915871614767305e-05
2024-09-10,0.4586605091125516,0.45866050911255163,0.02891839781764335,0.028541557040932156,2.0652776506805573e-05
2024-09-11,0.4501518829139079,0.45015188291390784,0.2212295059129957,0.2212295059129957,1.722179185721245e-05
2024-09-12,0.6849821151246739,0.6849821151246737,0.35033940598805186,0.3502137655043163,1.721458353807893e-05
2024-09-13,0.5080599683822722,0.5080599683822723,0.2741144100412804,0.2704042445290108,0.0
2024-09-14,0.5584725314431822,0.5584725314431823,0.4841543176105832,0.4841543176105832,0.0
2024-09-15,0.6506461766572209,0.6506461766572207,0.09753890890525725,0.09753890890525725,0.0
2024-09-16,0.6450312201933583,0.6450312201933585,0.03223233611688965,0.03220978612401071,1.558851495474688e-05
2024-09-17,0.7625822029160835,0.7625822029160835,0.44728403919338,0.44234953755280326,1.1436730759734917e-05
2024-09-18,0.762594922923371,0.762594922923371,0.020071975709074277,0.020071975709074284,1.703926247323226e-05
2024-09-19,0.9746067946640276,0.9484252097546915,0.21225817703689848,0.21198588785157585,-8.710637971005356e-06
2024-09-20,1.0357684980705075,0.9507440034129109,0.26435107451661294,0.2633585738709709,-7.161671202730996e-05
2024-09-21,1.0209403847265093,0.8915279484806833,0.5800368756132359,0.49658071959001526,-9.001911290250438e-05
2024-09-22,1.0779982256003757,0.9844801262692586,0.10567863747574094,0.10394907566074411,-8.810163362952293e-05
2024-09-23,1.087166221689416,0.9849900960573251,0.26767709551848123,0.26595938221823234,-5.9227640189732336e-05
2024-09-24,1.1338799293775623,1.026595737581133,0.08554868262108059,0.07881060288159432,-7.116217627469878e-05
2024-09-25,1.110964980639518,1.0068066249512808,0.029397742947583853,0.02939774294758385,-6.757340610450431e-05
2024-09-26,1.459506790545815,1.360430399957471,0.6132181297791902,0.5643367005651565,-9.665915108043504e-05
2024-09-27,1.4146943438189934,1.3348674633278168,0.1424406053638045,0.13805387862905666,-0.00010939557137606615
2024-09-28,1.1506307571730412,1.0550676444014102,0.7257875772234711,0.7181543496669412,-0.00010865530964578691
2024-09-29,1.1493370674796348,1.0701867551478996,0.32004455853972563,0.31663842378176466,-9.78282256626044e-05
2024-09-30,1.1281671377318667,1.0479854566669475,0.16078144331650673,0.1561576713402461,-0.00011027757860303117
2024-10-01,0.8622997966839522,0.8622997966839523,0.2773341753712736,0.2676908720207632,9.8128620850541e-07
2024-10-02,0.803532211471705,0.803532211471705,0.587422868662694,0.5832769857545353,2.0069810261356443e-06
2024-10-03,0.7368590780569486,0.7368590780569487,0.06676363214933677,0.06676363214933675,0.0
2024-10-04,0.7415066610177055,0.7415066610177052,0.030335543803425513,0.030335543803425513,0.0
2024-10-05,0.752163967701486,0.752163967701486,0.6855936304826862,0.6855936304826862,0.0
2024-10-06,0.7602839987873777,0.7602839987873777,0.009789767399861725,0.009789767399861725,0.0
2024-10-07,0.7949593118827067,0.794959311882707,0.1543733906792299,0.15007868856534218,1.3508546964059965e-05
2024-10-08,0.8361908106706861,0.8361908106706863,0.2920380163658327,0.2920380163658327,-3.865641885520805e-06
2024-10-09,0.7671758787417398,0.7671758787417401,0.0690149319289463,0.0690149319289463,0.0
2024-10-10,0.6881230575351478,0.6881230575351478,0.0932674690109364,0.0932674690109364,0.0
2024-10-11,0.7586761024111939,0.7586761024111938,0.3558539513328372,0.35585395133283726,-7.605954006972588e-06
2024-10-12,0.796382131871401,0.796382131871401,0.2645712476131996,0.2645712476131996,-4.1201312243944094e-05
2024-10-13,0.9971723446704943,0.9971723446704945,0.23540506782776313,0.23534561876452376,-3.863172424751965e-05
2024-10-14,1.8205154725577615,1.8205154725577612,1.2400093958678622,1.240003151587563,-4.776013562736947e-05
2024-10-15,1.5764241740524443,1.576424174052444,0.30085336516723327,0.2998255040858617,-2.2665920682702342e-05
2024-10-16,0.6694236953617876,0.6694236953617875,0.9098242559697696,0.9098242559697697,-2.003656557638552e-05
2024-10-17,0.6662891369033143,0.666289136903314,0.29937999115013253,0.2993799911501325,-2.2399879200017033e-05
2024-10-18,0.7140955212123867,0.6868585564712059,0.0487016837472085,0.04849733572375889,-4.482017297946473e-05
2024-10-19,0.7243344919963042,0.724334491996304,0.3181370963188245,0.3174743415521557,-5.710176901995312e-05
2024-10-20,1.0788983128261402,1.0536933500098495,0.5588880297371968,0.5588880297371968,-8.357781256283547e-05
2024-10-21,1.0519771231415351,1.0270611560099836,0.02723171769799919,0.02721900405682971,-0.00010164153722498336
2024-10-22,0.6823670008580083,0.6586839969959336,0.42010230535785953,0.4199038197644062,-8.97211047188736e-05
2024-10-23,0.6432336852453332,0.6432336852453333,0.28664455635722813,0.26130225241072513,-3.928685528333607e-05
2024-10-24,0.6659706079564202,0.66597060795642,0.022901149950112727,0.02273692271108694,-3.674803547655912e-05
2024-10-25,1.3001866338600736,1.2857033759258618,0.7846647817255697,0.7812292483265152,4.944120885624986e-05
2024-10-26,1.115762038408316,1.115762038408316,0.8333672209790919,0.8333672209790919,4.9881023505880895e-05
2024-10-27,0.7630020385239972,0.7630020385239971,0.4257971469852639,0.42161320900940613,5.1602031117301686e-05
2024-10-28,0.8235355927982466,0.8235355927982467,0.09376770308444415,0.0930125345231386,1.1871365587012949e-06
2024-10-29,0.9324024065487766,0.9324024065487768,0.44060577413357027,0.4403657819693308,-3.058128100190672e-05
2024-10-30,0.9120776336337371,0.9120776336337371,0.021924150858013424,0.02108748166723476,-5.715843713819324e-05
2024-10-31,0.8574906753704488,0.857490675370449,0.09445595902599652,0.08791862585602597,-4.434193426458449e-06
2024-11-01,0.7872764118708941,0.7872764118708939,0.494604544399278,0.4935409276215292,2.221936530569436e-05
2024-11-02,0.8320418743947181,0.832041874394718,0.22186278406802254,0.22186278406802257,2.334342469913467e-05
2024-11-03,0.8572888707708055,0.8572888707708055,0.02573482321809621,0.025721902920920754,3.857892495796765e-05
2024-11-04,0.8679784206396967,0.8679784206396967,0.36143138883650267,0.36118571941368566,8.11660126120487e-05
2024-11-05,0.8567887907560463,0.8567887907560463,0.014256844374810515,0.012667252227131316,8.285393030113368e-05
2024-11-06,0.9255058844362647,0.9255058844362649,0.4074939559361787,0.3818178895931668,-6.278116866014532e-05
2024-11-07,1.0207956463671897,0.9482508581701606,0.4734430759266789,0.4734430759266789,-0.00012775262077856122
2024-11-08,1.0358583787543405,0.9328579976797802,0.07710767561048494,0.0752911402115227,-0.0001343230318241424
2024-11-09,0.9751032344506627,0.910521364094952,0.34510768242716366,0.3218417121807014,-0.00019994088299030746
2024-11-10,0.9826021765562827,0.8662740443624232,0.4980174671307838,0.4639488816626046,-0.00038453259342945763
2024-11-11,0.9714665633381273,0.8651734588932333,0.1378352065526556,0.1327583580939668,-0.0003470701998079992
2024-11-12,0.7846017672564486,0.7505846197047061,0.27159675812167244,0.2621185235675203,-0.0001953976205881301
2024-11-13,0.7785020551002805,0.7461614714647415,0.43280000105562155,0.398782853503879,-5.932126264192035e-05
2024-11-14,0.7826889761879935,0.7484076814048735,0.009230586108739548,0.008249079457135516,-4.8605887666578994e-05
2024-11-15,0.7971747437460488,0.7629406982096284,0.02447398207406713,0.024400910355639314,-3.856994960512437e-05
2024-11-16,0.7062268216152482,0.7062268216152481,0.6046040475930802,0.6045188352014715,-4.551690797913137e-05
2024-11-17,0.6652183812578761,0.6652183812578761,0.10615269337624916,0.08918061206769774,-7.417854267213048e-05
2024-11-18,0.6447789394761615,0.6447789394761615,0.021266336759795876,0.020500015692078544,-8.104555777404536e-05
2024-11-19,0.6492736298765323,0.6492736298765324,0.2133771279148397,0.2133771279148397,-9.574823387328e-05
2024-11-20,0.6290724685841453,0.6290724685841452,0.02028872246905942,0.020288722469059422,-3.544434477171047e-05
2024-11-21,0.6045000299263561,0.6045000299263559,0.09259944559875562,0.09156632264320239,-4.2403179806907516e-05
2024-11-22,0.6772281658081123,0.6601819112103909,0.5116506562139675,0.491847942180623,-0.00017959299268621747
2024-11-23,0.671323078335538,0.573923807010413,0.24790393784508186,0.24787170630606334,-0.00027004836420114456
2024-11-24,0.62748444587104,0.5341016173218095,0.04641311575039295,0.046146186071066644,-0.0002538736937158011
2024-11-25,0.623451606368055,0.5880566685366287,0.36854130154811754,0.3672500656347435,-0.00017230916814448623
2024-11-26,0.5974756100744053,0.573904586193171,0.13936314392497473,0.13721465770104962,-8.666987559070407e-05
2024-11-27,0.6051595464278704,0.5813213409469491,0.008982635297321712,0.008982635297321712,-8.289287380553676e-05
2024-11-28,0.5922995063338615,0.5691512392278409,0.32820217524992523,0.327680491586934,-5.772673947376406e-05
2024-11-29,0.657114813627103,0.6330304896273101,0.06481530729324142,0.06468951926256966,-0.0001302125505347545
2024-11-30,0.6303533683564034,0.5727807790946532,0.1516938359998514,0.14982014762932785,-0.00014258951697097147
2024-12-01,0.729236032463581,0.7292360324635812,0.49372841185238653,0.45456682961350553,-0.0001534148378665445
2024-12-02,0.6925711650261115,0.6925711650261119,0.07226022545746623,0.07063641009571145,-0.0002911382284458195
2024-12-03,0.6632529428575492,0.663252942857549,0.0921407603494112,0.09101022796663161,-0.0002313833896889621
2024-12-04,0.6098113216622723,0.6098113216622723,0.31678086123420146,0.3033133117135988,-0.00017570786364308355
2024-12-05,0.5793905375635107,0.5793905375635108,0.1316662389637201,0.1308869639871841,-0.00017409903480147292
2024-12-06,0.4885998100656291,0.488599810065629,0.1680629553680371,0.16806295536803711,-7.85825511570634e-05
2024-12-07,0.5494974657617412,0.5494974657617413,0.4774776112866549,0.47747761128665495,-9.374800736522265e-05
2024-12-08,0.5367216676746429,0.5217596479184482,0.05125019093188893,0.05097000605677522,-9.19744955761535e-05
2024-12-09,0.45072006009295246,0.4507200600929524,0.09141371487951315,0.09103933962749114,-8.924677569930174e-06
2024-12-10,0.36522710097497857,0.3652271009749785,0.3159508532491188,0.31595085324911876,0.0
2024-12-11,0.3617364555615377,0.3617364555615377,0.05768249726653264,0.05768249726653264,0.0
2024-12-12,0.39355199202156205,0.39355199202156205,0.0665947987436281,0.06641523022333258,-2.94882e-05
2024-12-13,0.4439507739018263,0.44395077390182625,0.35124970256796356,0.35124970256796356,-2.279142978e-05
2024-12-14,0.42250994343723014,0.4225099434372301,0.20761630910845782,0.17012148854353004,-9.190021060295994e-06
2024-12-15,0.46953638231715916,0.46953638231715905,0.08104969259247582,0.07874479584759642,-2.7713010359999998e-05
2024-12-16,0.5198624087838413,0.519862408783841,0.28808466563089696,0.28808466563089696,-4.072706560283106e-05
2024-12-17,1.059162636571574,1.0591626365715738,0.549384262248186,0.549384262248186,-3.9786464619472895e-05
2024-12-18,0.547918658974048,0.5479186589740479,0.5623104537851875,0.5623104537851875,-2.8661547459999997e-05
2024-12-19,0.4727220845874082,0.4727220845874084,0.3294569968545881,0.32814867348919274,0.0
2024-12-20,0.47476762665657085,0.47476762665657085,0.003095384405049536,0.003095384405049536,0.0
2024-12-21,0.48915541406248114,0.4891554140624811,0.20627116317596086,0.20627116317596086,0.0
2024-12-22,0.47786831041716993,0.47786831041717004,0.2800990115792893,0.2800990115792893,0.0
2024-12-23,0.48611495485046147,0.4861149548504614,0.018055484903086602,0.018055484903086602,0.0
2024-12-24,0.493492075588838,0.4934920755888379,0.014607621305467031,0.014607621305467031,0.0
2024-12-25,0.4481582627369438,0.448158262736944,0.30657109467040317,0.30657109467040317,0.0
2024-12-26,0.48526771387822526,0.48526771387822526,0.06627212491155082,0.06627212491155082,0.0
2024-12-27,0.47272604655580586,0.47272604655580586,0.013932672373424564,0.013932672373424564,0.0
2024-12-28,0.46991895564353914,0.4699189556435391,0.3238270421211715,0.3238270421211715,0.0
2024-12-29,0.48034316791703047,0.48034316791703036,0.014551151559731431,0.014551151559731431,0.0
2024-12-30,0.4890278757470113,0.4890278757470113,0.010407691280951176,0.010407691280951176,0.0
2024-12-31,0.8706069714524315,0.8706069714524314,0.7242410105778379,0.7242410105778379,0.0
2025-01-01,0.8889463027020543,0.8889463027020542,0.02031723798328632,0.02031723798328632,0.0
2025-01-02,0.9449871588288697,0.9449871588288699,0.9168361697826195,0.9168361697826195,0.0
2025-01-03,0.970931620226124,0.9709316202261237,0.407766740560499,0.407766740560499,-1.8086096000000013e-06
2025-01-04,0.9667963817457703,0.9667963817457704,0.38785145105382446,0.38785145105382446,-2.94882e-05
2025-01-05,0.9748119853785984,0.9748119853785984,0.19324551948114868,0.19324551948114868,-2.94882e-05
2025-01-06,1.028393370784546,1.0283933707845458,0.22884565147789848,0.21624164832895504,-2.9488200000000003e-05
2025-01-07,1.4696988318123572,1.4696988318123572,0.5395994610278111,0.5321754249350479,-1.6395439199999996e-06
2025-01-08,0.6054651560167468,0.6054651560167467,0.8645993339052871,0.8645993339052871,0.0
2025-01-09,0.6525721767650061,0.6525721767650062,0.26517669580155573,0.26517669580155573,0.0
2025-01-10,0.6061235358031111,0.6061235358031112,0.20699631281083267,0.20699631281083267,0.0
2025-01-11,0.7055394817549372,0.7055394817549375,0.36657472553425297,0.36030416203988774,-4.2126e-05
2025-01-12,0.6924885473044459,0.6924885473044459,0.21711991661248228,0.21711991661248228,-4.2126e-05
2025-01-13,0.7976888271803851,0.7976888271803854,0.22442676126505628,0.22437512773839866,9.13087607420028e-05
2025-01-14,0.6791492912810462,0.6791492912810462,0.12993592834143836,0.12850121022374064,1.407407488738767e-05
2025-01-15,0.6728169735326798,0.6728169735326798,0.39831425860469444,0.39831425860469444,-4.2126e-05
2025-01-16,0.7099299290558065,0.7099299290558067,0.0412967237993411,0.04129672379934111,-3.84877178e-05
2025-01-17,0.7975941141567453,0.7975941141567452,0.1964385262900505,0.19023054640231893,-8.637234199999998e-05
2025-01-18,0.734343489112452,0.7270120532957434,0.5652199377231888,0.4861474751750394,-7.072243569217288e-05
2025-01-19,0.6922127740692023,0.679732529584064,0.15610607294869622,0.15493799556103638,-4.749253373001485e-05
2025-01-20,0.6945835699527112,0.6945835699527114,0.248434453549609,0.21002949921244318,-3.480728769245583e-05
2025-01-21,0.7128787041601601,0.71287870416016,0.26639421816557707,0.26639421816557707,-2.3194708702591592e-05
2025-01-22,0.7033483788006794,0.7033483788006792,0.010312249268204383,0.010312249268204383,-2.568833633728599e-05
2025-01-23,0.7301894928612851,0.7301894928612851,0.05473645240852471,0.05473645240852468,1.7869887671233123e-07
2025-01-24,0.7593347854493664,0.7593347854493665,0.24170839049649862,0.24170839049649862,1.4022706676712332e-05
2025-01-25,0.7841084178621305,0.7841084178621306,0.2986000845481052,0.29860008454810516,7.6083210767123355e-06
2025-01-26,0.9614183154422105,0.9614183154422107,0.31292611697596534,0.3129261169759654,2.9793080611527447e-05
2025-01-27,0.9684997591645226,0.9684997591645222,0.3756779520099432,0.3756779520099432,6.450380444616432e-05
2025-01-28,0.8278733867497161,0.8278733867497162,0.3029551283649169,0.30295512836491684,5.703970875052647e-05
2025-01-29,0.7214747361106826,0.7214747361106824,0.11382104821365698,0.11382104821365698,2.7178211699216825e-05
2025-01-30,0.700936876921634,0.7009368769216339,0.3412888188902918,0.34128881889029183,2.6345624478484642e-05
2025-01-31,0.6083726717794026,0.6083726717794026,0.09256420514223132,0.09256420514223132,0.0
2025-02-01,0.6341481209974801,0.6341481209974797,0.1840970871035465,0.1840970871035465,0.0
2025-02-02,0.7745779022093395,0.7745779022093395,0.3912505880583702,0.3912505880583702,0.00010531994355342467
2025-02-03,0.624570733840251,0.624570733840251,0.15037868278159305,0.15037868278159305,0.0
2025-02-04,0.6023841521415496,0.6023841521415495,0.1820658989397014,0.1820658989397014,0.0
2025-02-05,0.5257836234264549,0.5257836234264548,0.30753491954405826,0.30753491954405826,0.0
2025-02-06,0.5596969092968951,0.559696909296895,0.03391328587044014,0.03391328587044014,9.14248420458714e-06
2025-02-07,0.6258026685365026,0.6258026685365023,0.07168085495172766,0.07115426134101524,4.345994455534297e-05
2025-02-08,0.6035684066578172,0.5878867699936039,0.29202526119788086,0.2809940832644163,2.818229627580238e-05
2025-02-09,0.5807292037266886,0.569052394806582,0.11827245920926532,0.11745112820263354,1.2576128948439716e-05
2025-02-10,0.5956681617852904,0.5956681617852906,0.038172758119258104,0.038172758119258104,1.721193879066095e-05
2025-02-11,0.5965676966523334,0.5965676966523334,0.22772578608462807,0.22772578608462807,3.8103937524283934e-06
2025-02-12,0.6485805715348706,0.6485805715348711,0.12479850250352137,0.11095142543999154,2.6618942006973844e-05
2025-02-13,0.6399578351181888,0.6399578351181888,0.07701874555214042,0.0641710015067917,5.990286562762436e-05
2025-02-14,0.5819805284124372,0.5819805284124374,0.42985942890775225,0.4298594289077522,6.234642151558875e-06
2025-02-15,0.6948892077599775,0.6948892077599779,0.14064088319678816,0.14045022754656508,6.9906558528298706e-06
2025-02-16,0.692739272826604,0.6927392728266042,0.02738795317710276,0.025046266034193895,1.0692244264917133e-05
2025-02-17,0.6981361855929427,0.6981361855929425,0.30775574934584093,0.3074837324878243,4.34797567156717e-06
2025-02-18,0.7631267707835738,0.763126770783574,0.07946332637384917,0.07880559405594159,0.00012105821715342466
2025-02-19,0.6871115601079485,0.6871115601079487,0.19262775983557415,0.19262775983557415,3.2042805276712326e-05
2025-02-20,0.6425022386316607,0.6425022386316606,0.2750360407938276,0.2750360407938276,1.1472907591056706e-05
2025-02-21,0.6409704985610158,0.640970498561016,0.11090498456963434,0.10579619882736979,1.038250837031661e-05
2025-02-22,0.5858279642767255,0.5858279642767253,0.22871846502552173,0.22814806573768748,4.816215440801347e-06
2025-02-23,0.6411512871096935,0.6283858325642389,0.25959941668464565,0.2468339621391911,2.0413492785454474e-05
2025-02-24,1.4372659942040837,1.4372659942040842,1.095687339363903,1.0896671859851221,0.00017003180866471303
2025-02-25,0.7811190882733485,0.7811190882733486,0.7795020150972125,0.7682915033437143,8.537300399608743e-05
2025-02-26,0.7530422607553426,0.7530422607553428,0.24623112629940858,0.2455066735702466,9.904381182836708e-05
2025-02-27,0.7268049283171948,0.7268049283171948,0.038575772415255755,0.03176138274760231,0.00013882555603028754
2025-02-28,0.717058367477725,0.6468483674777252,0.11905451312016387,0.11905451312016387,8.630937509508449e-05
2025-03-01,0.7531238746835527,0.6829138746835526,0.6010048753583545,0.6000345760636787,1.611778806325215e-05
2025-03-02,0.5822756843134979,0.5822756843134977,0.25660423709097635,0.2415631524855901,-6.316328234542459e-06
2025-03-03,0.5155792921288018,0.5155792921288019,0.10819758651287305,0.10819758651287306,7.548783461658489e-06
2025-03-04,0.497746289891175,0.4832219098444555,0.2339671485265378,0.23385720058746196,6.6281509095385444e-06
2025-03-05,0.4774545413337725,0.4774545413337723,0.020872568466596006,0.020674547631721565,0.0
2025-03-06,0.44865025019850413,0.4486502501985041,0.09810326043867931,0.09810326043867931,0.0
2025-03-07,0.4532209542799694,0.4532209542799695,0.25006147451871275,0.25006147451871275,4.1764489884182214e-06
2025-03-08,0.4573545294591704,0.45735452945917054,0.146569542899115,0.146569542899115,1.5178311599478253e-05
2025-03-09,0.7482143248074606,0.674433890721737,0.3011838802379072,0.3005693860558699,0.0001854611442586742
2025-03-10,0.7179681767279367,0.6268923483811687,0.3950928155188699,0.38406828971927665,0.0001469867353258366
2025-03-11,0.5801709040832213,0.49567449991096596,0.25701562910712844,0.2511913105432686,0.0001250817335037911
2025-03-12,0.46501826163959076,0.40648646756322226,0.12713232514420283,0.12504016418916658,3.689507320877594e-05
2025-03-13,0.5478673305430168,0.5199445985979078,0.2963626760026361,0.27487010237050796,4.3197396764757035e-05
2025-03-14,0.5361826220679501,0.5079173375266663,0.012552110380945778,0.012552110380945777,4.98890496903376e-05
2025-03-15,0.49656106276764556,0.47115581767715486,0.12985403210280197,0.11504353829395338,2.9839435836261195e-05
2025-03-16,0.8647331745338691,0.8411810349433165,0.6986346814305298,0.6971480677473317,2.07701782800194e-05
2025-03-17,0.9758843702514008,0.9508449855739113,0.11115119571753176,0.10966395063059492,3.585223859895685e-05
2025-03-18,0.5232010924651138,0.49966999808046797,0.4828974252519576,0.48100583890357135,3.6613666523726006e-05
2025-03-19,0.4135914136834343,0.4135914136834344,0.23505009943072866,0.23349515825497424,2.4697813768991128e-05
2025-03-20,0.45458839357690894,0.45458839357690894,0.041382274198709726,0.041382274198709726,8.240580095243527e-05
2025-03-21,0.45999538931572725,0.45999538931572714,0.07870996230880736,0.07458575786699412,0.00016935775359999997
2025-03-22,0.5287183132058488,0.5287183132058487,0.36772350151977573,0.36772350151977573,0.00014622075020000001
2025-03-23,0.528796790407208,0.528796790407208,0.007249150406108942,0.007249150406108914,0.00015577773540000002
2025-03-24,0.582509872253589,0.582509872253589,0.08675648365366884,0.08675648365366882,9.166477179999999e-05
2025-03-25,0.6241542663837815,0.6241542663837812,0.20994842534106384,0.20994842534106378,6.552699300000001e-05
2025-03-26,0.649341798010745,0.6493417980107452,0.09055242198993,0.09055242198993,0.0
2025-03-27,1.1240447422131439,1.1240447422131432,0.6024056987515971,0.6024056987515971,2.6903067799999996e-05
2025-03-28,0.9931561457574828,0.9931561457574826,0.3011317248069012,0.3011317248069012,7.29871758023465e-05
2025-03-29,0.9062629802292621,0.9062629802292622,0.3116248898644134,0.2944163494280979,4.217612115228633e-05
2025-03-30,0.5730692033823951,0.5730692033823952,0.5125768740489898,0.511462489618602,8.469085061767012e-05
2025-03-31,0.672584378076409,0.6725843780764091,0.33980011008215805,0.33980011008215805,7.000307692158668e-05
2025-04-01,0.582316411760934,0.5823164117609338,0.12087994353165425,0.11858939395127223,7.540014146270124e-05
2025-04-02,0.7938600774071836,0.7938600774071838,0.23092878818557905,0.23092878818557905,0.00016900979405588075
2025-04-03,0.7894370470616106,0.7280032970616104,0.4220877640181178,0.41306670119818356,-6.56517077947025e-05
2025-04-04,0.6910505919602143,0.6300141197553037,0.1567053156379984,0.15524182679922116,8.97980065857744e-05
2025-04-05,0.7344644298310876,0.6772440845055836,0.4966586759995626,0.4300840437980812,0.00018392992965368335
2025-04-06,0.8965354552823906,0.7676996642555145,0.4396470678475101,0.43842377881675054,0.0001631797807692303
2025-04-07,0.6440097660855272,0.5518023177031184,0.2534623673709878,0.2429436212432579,4.276313911772506e-05
2025-04-08,0.5711628359840132,0.49999764405852526,0.07301387017749537,0.06958818533911215,2.6652323040906696e-05
2025-04-09,0.4922527812906159,0.492252781290616,0.26791425953551257,0.2634270670953908,0.0
2025-04-10,0.997466896017656,0.9974668960176561,0.6030779756957889,0.6030779756957889,0.0
2025-04-11,1.0586297461959822,1.0586297461959822,0.06164495665377513,0.06164495665377513,0.0
2025-04-12,0.48265945818320044,0.48265945818320033,0.8740124655013473,0.8740124655013473,0.0
2025-04-13,0.4964861671901086,0.49648616719010863,0.015081870984503072,0.015081870984503072,0.0
2025-04-14,0.47257043012715255,0.4725704301271524,0.0293502239721931,0.0293502239721931,0.0
2025-04-15,0.4463280886539013,0.4463280886539014,0.2287553878201407,0.2287553878201407,0.0
2025-04-16,0.4607496133447211,0.46074961334472114,0.017284057514845012,0.017284057514845012,0.0
2025-04-17,0.4933812806874118,0.4933812806874117,0.05714533322793812,0.05714533322793812,-1.9221643409674515e-05
2025-04-18,0.5190782140315567,0.5190782140315569,0.1711689201710465,0.1711689201710465,4.133533754426167e-06
2025-04-19,0.4878623778729845,0.48786237787298437,0.1375115494358583,0.13751154943585833,2.168744191894836e-05
2025-04-20,0.4707599197799838,0.4707599197799838,0.10867013366570621,0.1086701336657062,3.4261600700226665e-05
2025-04-21,0.5820661317568978,0.5820661317568977,0.22723156555098495,0.22721535672925738,3.0162340114094308e-05
2025-04-22,1.1723676329337107,1.1296046704714493,0.6759750043526676,0.6757799558201146,2.1049325531384375e-05
2025-04-23,1.1928993737903713,1.1515702029965595,0.10451382443649462,0.10051161612681597,-6.51844168070619e-05
2025-04-24,0.7321018889487956,0.6713141864392528,0.6883027809817805,0.6736855231297696,-4.954852606518875e-05
2025-04-25,0.7217076137770997,0.6817524940152729,0.12504325161780075,0.12467091449191067,-2.3335435876362157e-05
2025-04-26,0.670783293036923,0.5652538467178142,0.3571248533906573,0.31723568231708466,4.828620691636968e-06
2025-04-27,0.7322178674940663,0.6422417901995786,0.182001376870591,0.18162998878409906,1.0441822531014818e-05
2025-04-28,0.7277898783244297,0.637203532069624,0.05850757803774589,0.05507944387241468,-1.1074758416103652e-05
2025-04-29,0.7369663591904781,0.6430817485719137,0.01893466397021222,0.015951598574156033,5.811717813664078e-06
2025-04-30,0.6534691968351107,0.5642323341781861,0.315342354310312,0.30220095847090583,4.9667150918183e-05
2025-05-01,0.6440281566900256,0.554830037559671,0.011725629902241092,0.010828715845426827,2.5379853441366987e-05
2025-05-02,0.8669663268993791,0.7675195119521827,0.2572651243933938,0.25621054326191356,2.9027630882496423e-05
2025-05-03,0.8502717007513418,0.7717973780354329,0.4330134483282233,0.4330134483282233,-8.109864745555649e-06
2025-05-04,1.169090415286786,1.1474605454581641,0.47037465442994963,0.466532915272461,-1.3578251952151346e-05
2025-05-05,1.2086589831012287,1.2086589831012287,0.08243749296762831,0.08187775909999964,-2.1757685451556966e-06
2025-05-06,0.7409389492281839,0.7409389492281839,0.5724544963165634,0.5723887419494508,-7.986273247481134e-06
2025-05-07,1.2066529150169951,1.2066529150169951,0.46695880735925344,0.4669588073592535,-1.2637764467509098e-05
2025-05-08,1.4860720190231567,1.418681156674941,0.33340702761674756,0.3241724694147578,-5.51614088568508e-05
2025-05-09,0.8974747013175348,0.74018018351114,1.032545136332163,1.0187057934260615,-0.00012944161598446032
2025-05-10,1.4204087537311296,1.282554660729698,0.7852997837826656,0.7643142207144523,-0.00013066515081696818
2025-05-11,0.8721191969458807,0.7454906108406905,0.6484257732338028,0.6281391922205113,-0.00010658605321561944
2025-05-12,1.0310481593467935,0.9289901815579256,0.8130876301080721,0.7384509183353778,-6.287649775637801e-05
2025-05-13,0.5846088410043984,0.4987922874076142,0.46292726074288115,0.4620944379393082,-5.3448890114467363e-05
2025-05-14,0.728278842385996,0.6121151623338401,0.14882912632884174,0.1429434091335238,-0.00010449106813067203
2025-05-15,0.5275775511980345,0.5098492674520273,0.4479044723591729,0.40857461683762747,-1.7443933511906297e-05
2025-05-16,0.5181403058756827,0.5181403058756825,0.014357784672140998,0.01413646449552933,-1.9643465756702826e-05
2025-05-17,0.4673955320014032,0.4673955320014033,0.36214168628839577,0.36210848125936623,-3.4639118367870877e-06
2025-05-18,0.40241131823080517,0.4024113182308054,0.175688745422683,0.1755672827832754,-1.1639846735285155e-05
2025-05-19,0.4533540678717685,0.4533540678717687,0.05944093335535572,0.059035493089015484,-1.3659192732680205e-05
2025-05-20,0.4563608117195344,0.45636081171953435,0.0862434868430458,0.08603067583298721,-1.6217057976900723e-05
2025-05-21,0.4907454256768756,0.49074542567687546,0.19335970127162444,0.19335970127162444,-2.036256823044313e-05
2025-05-22,0.5617806339234799,0.5445420702977047,0.07151438362770944,0.07084447187603339,-3.6716098186602395e-05
2025-05-23,0.5893641391485579,0.5893641391485577,0.16199483067042642,0.16136813030273905,-6.50565630479974e-05
2025-05-24,0.533058746664631,0.533058746664631,0.36522629853699584,0.3430653047625185,-2.8737512100416583e-05
2025-05-25,0.4667953008675012,0.46679530086750104,0.1270374724292843,0.12655440994145187,-1.4087300463942271e-05
2025-05-26,0.9501033841184314,0.9501033841184315,0.5804970864002946,0.580352491087963,-2.209519281914445e-05
2025-05-27,1.0162930785285056,1.0162930785285054,0.17866118190392516,0.17866118190392516,-1.3127005920654281e-05
2025-05-28,0.5154927085823497,0.5154927085823496,0.6025216569650944,0.6014748893471455,-1.2166347893432204e-05
2025-05-29,0.5463247320365344,0.5463247320365344,0.03691084436857131,0.03650032286972435,-3.326039302113448e-05
2025-05-30,0.5441863914136332,0.5441863914136336,0.36576454755133114,0.35373963935256386,-3.023869442935399e-06
2025-05-31,0.490276305379673,0.49027630537967265,0.2567011210680905,0.2407642292152504,-1.3374342504692019e-06
2025-06-01,0.4803469272293198,0.48034692722932,0.017989635782841955,0.017878972215461437,0.0
2025-06-02,0.5224500898506623,0.5224500898506623,0.22472377811312952,0.22472377811312952,0.0
2025-06-03,0.5267682582875868,0.5267682582875869,0.006954952607526118,0.006954952607526118,0.0
2025-06-04,0.5359019624591486,0.5359019624591488,0.10049748634653513,0.10049748634653513,0.0
2025-06-05,0.5656782209093278,0.5656782209093277,0.30209953944134527,0.30209953944134527,0.0
2025-06-06,0.5538997592975536,0.5538997592975536,0.012467096023413653,0.012467096023413653,0.0
2025-06-07,0.9941273291454922,0.9941273291454922,0.6764083851478735,0.6764083851478735,0.0
2025-06-08,1.104353432237706,1.104353432237706,0.28780491688408977,0.28780491688408977,0.0
2025-06-09,1.09940066139183,1.0994006613918303,0.145326075809751,0.145326075809751,0.0
2025-06-10,1.2482534964594423,1.2482534964594423,0.1534221937511775,0.1534221937511775,-2.536136011043738e-05
2025-06-11,1.2636803903502551,1.263680390350255,0.3658472047407194,0.3658472047407194,-2.536383227705656e-05
2025-06-12,0.7789663561709089,0.7789663561709089,0.5400819935377801,0.5363480241437387,-5.7509058699936665e-06
2025-06-13,0.7420131973742059,0.7420131973742057,0.039421201561614175,0.03942120156161416,0.0
2025-06-14,0.6744022074201295,0.6744022074201295,0.5242875750020723,0.5242875750020723,3.235991031680121e-05
2025-06-15,0.681446275896213,0.6814462758962129,0.018492258635240382,0.018492258635240386,1.618349855676376e-05
2025-06-16,1.2541997084916254,1.1641259606399648,0.5788168840093806,0.5787575693037614,2.9887395397409455e-05
2025-06-17,1.2805410549789655,1.2464424389296627,0.3658400744544781,0.33885981505651486,1.120714193917688e-05
2025-06-18,1.270872423009629,1.2452341980738104,0.021998962976262408,0.02186710013716365,-3.605401333322869e-05
2025-06-19,0.791824770513521,0.7664237126602036,0.5725241840321055,0.5725241840321055,8.709354484981696e-05
2025-06-20,0.7555721658560717,0.7294927665078645,0.36327937945023164,0.3631477135415986,9.878524170574146e-05
2025-06-21,2.320244444014871,2.2938202245648767,1.7103419802977848,1.6925935671798338,0.00011902166841278261
2025-06-22,2.1859713940302368,2.159725682250717,1.0435835616286522,1.0416720589890587,6.97359892202759e-05
2025-06-23,1.0805265110935744,1.0805265110935742,1.830825624072874,1.7748569881823097,0.0
2025-06-24,0.8558956051125446,0.8558956051125446,0.532558609863395,0.532558609863395,0.0
2025-06-25,0.86670792484162,0.8667079248416201,0.012923248383825043,0.012923248383825043,0.0
2025-06-26,1.1543969501508138,1.1543969501508138,0.7252936940376792,0.7252936940376792,0.0
2025-06-27,1.1589866100166812,1.1589866100166808,0.01148231053076856,0.01148231053076856,0.0
2025-06-28,1.1652332336070694,1.1652332336070699,0.20200352303411057,0.20200352303411057,0.0
2025-06-29,1.1402361590131405,1.140236159013141,0.3795632659901042,0.3795632659901042,0.0
2025-06-30,0.9208896191161156,0.9208896191161158,0.35573147268106153,0.35573147268106153,0.0
2025-07-01,0.9203434456887272,0.9203434456887268,0.015187944890920823,0.015187944890920823,0.0
2025-07-02,1.5741685949028175,1.5741685949028168,1.1095863751780346,1.0988643582464057,-7.23059761618737e-06
2025-07-03,1.2747737567717619,1.2747737567717614,0.3340870002282077,0.33390613933392616,-1.0414213399419769e-05
2025-07-04,0.9066032661195881,0.9066032661195879,0.6137980998737155,0.6136170722900671,-9.319301010813778e-06
2025-07-05,0.8517049027490841,0.8517049027490838,0.5619136646126566,0.5619080039738922,-6.301400027493881e-06
2025-07-06,1.1456326017506637,1.145632601750664,0.30585573196011734,0.3058557319601174,-3.593917393291635e-06
2025-07-07,1.4927634536961305,1.408922578245793,0.35012795774764216,0.34681405176778285,-3.6934895756607366e-05
2025-07-08,1.47489832845028,1.3954850127169276,0.44626915918249965,0.443876270431358,-2.5398191148272286e-05
2025-07-09,2.313878752106835,2.224105682470834,1.1278188378235834,1.1027479838287766,-8.843082890038162e-05
2025-07-10,2.089753842198287,2.008690943051048,0.3311247228869012,0.32978785283489037,-9.681270825804333e-05
2025-07-11,1.586418975706027,1.5487003445803926,1.0559449668206988,0.9962274209192976,-6.403022153714766e-05
2025-07-12,1.1113265350214099,1.0997655793683498,0.9173490030946531,0.9083189208716953,-5.497478872726982e-05
2025-07-13,1.1198213266103771,1.1081384462373016,0.039702529702514915,0.035842620205259634,-5.109910784215394e-05
2025-07-14,1.248213531907817,1.236161343639326,0.7873750822383904,0.78523287394593,-5.954332474900107e-05
2025-07-15,1.2280688212329176,1.2186528278604383,0.5909298653747319,0.5823536888727636,-5.49615782534505e-05
2025-07-16,1.48907832138626,1.4481323365570458,0.34321789308902734,0.3415442746032833,-7.365875468128633e-05
2025-07-17,1.4385565162262712,1.3931806551391326,0.3809732020299367,0.37857414007499285,-7.619435854410891e-05
2025-07-18,1.3184215294792732,1.2423610361691315,0.4406960452749612,0.39174476116273343,-0.0002030819974799799
2025-07-19,0.9372141121195408,0.9116164574406618,0.7885292166118243,0.7618741082333809,-0.00013035759343670884
2025-07-20,1.1109623226884129,1.0746731518167998,0.6325651672927494,0.5967057076196907,-0.00013728744251375463
2025-07-21,1.1316848201934215,1.095103799009387,0.037847290159197855,0.03754481175812685,-0.00015984613600728028
2025-07-22,1.1295944098945663,1.1096824179664104,0.058513807906305185,0.05623246349270278,-0.0001420998287120323
2025-07-23,0.8617816891326397,0.8617816891326401,0.6180090621464145,0.5869587029715948,-0.00011601024013145893
2025-07-24,0.8277146812494242,0.8277146812494238,0.25453927266977305,0.1984319876195111,-2.6960685790078594e-05
2025-07-25,0.8045989952080969,0.8045989952080965,0.02874265397988912,0.028742653979889128,-1.3417848993156236e-05
2025-07-26,0.8083180092103367,0.8083180092103366,0.7368245637462053,0.7368245637462052,-3.1437072031744275e-05
2025-07-27,0.8136904185850995,0.8136904185850997,0.007649668033336077,0.0076496680333360805,-3.513597575595498e-05
2025-07-28,0.7254280243451425,0.7254280243451426,0.17265559317736562,0.13304503058145895,-5.4937566474690214e-05
2025-07-29,0.5468075568670362,0.5468075568670362,0.5399660683235699,0.4986864221648517,-1.5875596841055778e-05
2025-07-30,0.5238488502381866,0.5238488502381866,0.03616048849504387,0.035771762495599754,-5.172150565701199e-06
2025-07-31,0.5439454518937008,0.5439454518937009,0.041912883530786434,0.04191288353078645,-1.1747501413154164e-05
2025-08-01,0.628880334087904,0.6288803340879039,0.3840955287583271,0.38409552875832703,0.0
2025-08-02,0.8622037765989607,0.8622037765989606,0.5622130156135676,0.5622130156135676,0.0
2025-08-03,0.8528332915254099,0.8528332915254094,0.15808395244699378,0.15808395244699378,0.0
2025-08-04,0.8361903421705795,0.8361903421705795,0.3980085790350034,0.3980085790350034,0.0
2025-08-05,0.6235728183637281,0.6235728183637282,0.24762808174169298,0.24762808174169298,0.0
2025-08-06,0.640985739912233,0.6409857399122327,0.019103959743539498,0.019103959743539498,0.0
2025-08-07,0.8857753667041378,0.8857753667041377,0.5086396435234936,0.5078395639597069,-6.69532059576251e-06
2025-08-08,0.8182694895997172,0.8182694895997172,0.42500630520243465,0.42500630520243465,-2.0426786621161408e-05
2025-08-09,0.996957602559619,0.996957602559619,0.4252344289974964,0.4251899344104547,-2.5273183439378887e-05
2025-08-10,1.1113539461251132,1.111353946125113,0.4918222418768605,0.4918222418768605,-2.520486637521485e-05
2025-08-11,1.1171373678203733,1.117137367820373,0.08520405124561177,0.08201844391394858,-4.902847246439201e-05
2025-08-12,0.9772276564875868,0.9772276564875871,0.15209621695129438,0.15165751429241425,-4.237122615007164e-05
2025-08-13,1.1641201917510737,1.10287763791469,0.6829754097333076,0.6829754097333076,-9.87938064073636e-05
2025-08-14,0.9081150507485447,0.9081150507485448,0.37802742905272785,0.36840317327681416,-9.11035374590666e-05
2025-08-15,0.8196688800674264,0.8196688800674268,0.09186546183078981,0.09186546183078978,-1.402055318581392e-05
2025-08-16,0.6191557847981325,0.6191557847981324,0.5801114848996042,0.5801114848996043,-2.1889991753274766e-05
2025-08-17,0.6388572201975301,0.6388572201975301,0.02618453499714697,0.02610411910683129,-1.2569375054149809e-05
2025-08-18,0.5995689469226119,0.5995689469226116,0.14244737448921257,0.14244737448921257,-2.4409525786460076e-06
2025-08-19,0.6545743160918363,0.6545743160918364,0.2464612592946076,0.24646125929460758,0.0
2025-08-20,0.7616118020477571,0.7616118020477569,0.11312544422754356,0.11304458186827983,0.0
2025-08-21,0.7665992129510985,0.7665992129510985,0.009847392004856327,0.009847392004856324,-9.598560095207003e-06
2025-08-22,0.8147082960833246,0.8147082960833243,0.48067092311607484,0.4806709231160749,-1.7913365626349952e-05
2025-08-23,0.800622693891251,0.8006226938912512,0.49109250202766025,0.48581824354113945,-7.749215474509602e-05
2025-08-24,0.8426134516708796,0.8426134516708793,0.04280964993467193,0.04272164230781595,-6.899706461137952e-05
2025-08-25,0.59560112231568,0.5956011223156801,0.5688126159013835,0.5687182657672579,1.5098747980490212e-05
2025-08-26,0.5386817106005578,0.5386817106005578,0.07079116884354777,0.07079116884354776,2.1122473516530523e-05
2025-08-27,0.5712896518720163,0.5712896518720164,0.049466316343928216,0.04942149622354272,1.751311388009642e-05
2025-08-28,0.6979185142942821,0.6979185142942823,0.40379636307165495,0.40379636307165495,-1.678082753918109e-05
2025-08-29,0.7365233163212986,0.7365233163212986,0.048709185997451734,0.04870918599745172,-2.2183378246737643e-06
2025-08-30,0.6335362554970762,0.6335362554970763,0.32723808816816496,0.3272380881681649,1.671885091172016e-05
2025-08-31,0.7525746007510675,0.7525746007510673,0.3863699601454888,0.38636996014548886,9.957613936640263e-06
2025-09-01,0.6830587699781842,0.6830587699781839,0.06959194851627196,0.06959194851627196,-1.8154500373684697e-06
2025-09-02,0.618521305074759,0.6185213050747589,0.11612393430548054,0.11602467479401035,-4.661400149289506e-06
2025-09-03,0.6343604882600048,0.6343604882600047,0.2814320514478098,0.2813247891663733,-3.4727245594292967e-06
2025-09-04,0.63468269379816,0.63468269379816,0.007531742803307109,0.007531742803307108,-5.1363530735333716e-06
2025-09-05,0.7436590918648371,0.7436590918648369,0.20890319684484238,0.20890319684484238,-3.1390808369855285e-07
2025-09-06,0.914787237592036,0.914787237592036,0.7009432145540072,0.7009432145540071,-4.201366437633102e-06
2025-09-07,1.1016743906714774,1.101674390671477,0.768088661411072,0.768088661411072,-5.4005858650215395e-06
2025-09-08,1.1629362712953621,1.1340671053176734,0.5196559318267295,0.5145836286680086,-2.381141383717011e-05
2025-09-09,1.0265557229626905,0.9990364890106374,0.5318687531304536,0.5318687531304536,-4.588337145362124e-05
2025-09-10,1.1371703773647115,1.1099561126989284,0.26103175836123776,0.26097912963228675,-1.6463777162841898e-05
2025-09-11,1.2706435920570525,1.2386207714024429,0.41319653289520347,0.4022724191116065,-2.594896297850504e-05
2025-09-12,1.5002516053637955,1.4871719558666618,0.5539620383824597,0.5474536987286617,-6.819166935240433e-05
2025-09-13,1.6571183833289629,1.6083091969243717,0.5037814355206842,0.49959616478791125,-0.00013383601047974508
2025-09-14,1.572141495263736,1.4604502214755026,0.32402156544059907,0.31735254429255483,-9.804494294167052e-05
2025-09-15,1.2447445033385511,1.1892015212857823,0.486668271840785,0.48080253113924964,-2.629436293337808e-05
2025-09-16,1.2308043470756365,1.1759498438858818,0.016089624446193482,0.015401145583179586,-3.9595399753634684e-05
2025-09-17,1.2497299536876394,1.1904113513551438,0.1220116409016301,0.1220056071953546,-4.94549652312649e-05
2025-09-18,1.2906880515337003,1.2302825985184465,0.7756132628634639,0.7756042123040506,-9.79056755608964e-05
2025-09-19,1.06230930177473,0.9975367584986765,0.29093919250588596,0.2908912474077591,-3.926980076455723e-05
2025-09-20,1.345639736127422,1.318852387473375,0.6121287639259126,0.6074331694050239,6.536329852661667e-06
2025-09-21,1.404534110161309,1.3928072915468068,0.38754667188534725,0.3831268208240892,-5.320431325604472e-06
2025-09-22,1.5891704160006077,1.589170416000608,0.5715457881336684,0.5274655023175123,-1.1040814859795506e-06
2025-09-23,0.8782757761858954,0.8782757761858956,1.0049980503005036,0.9984747428714216,-6.851239418583792e-07
2025-09-24,0.9582909103156636,0.9582909103156639,0.6846060975674353,0.6812580463827729,-1.3887630141859305e-06
2025-09-25,0.9645215790496331,0.9645215790496329,0.04534146214014252,0.03923464156791408,0.0
2025-09-26,0.8133031932017872,0.8133031932017872,0.22705176806498367,0.22705176806498367,0.0
2025-09-27,0.8931608277731481,0.8931608277731476,0.6854253332932496,0.6854253332932496,0.0
2025-09-28,0.8809286795704554,0.8809286795704553,0.016517823301237432,0.016517823301237432,0.0
2025-09-29,1.323741071247868,1.323741071247868,0.44351750889003727,0.44351750889003727,0.0
2025-09-30,1.061434093617261,1.0614340936172613,0.5884711528948807,0.5884711528948807,0.0
2025-10-01,1.1019399580643117,1.1019399580643117,0.24737162317737849,0.24703911101173592,-1.5665334970152276e-05
2025-10-02,1.370514077179757,1.3705140771797573,0.5935802244209055,0.5935802244209055,-2.546247528424928e-05
2025-10-03,1.4473283828552173,1.4473283828552173,0.47393242630466315,0.47393242630466315,-5.955127604079994e-05
2025-10-04,1.2536165763202451,1.253616576320245,0.6845318201664498,0.6845318201664498,-4.217283616351618e-05
2025-10-05,1.7724692981055163,1.7724692981055155,0.7318467910053819,0.7311434522356441,-3.376490226369999e-05
2025-10-06,1.4147145591601205,1.414714559160121,0.5841661575938161,0.539336919392844,-5.768876229529615e-05
2025-10-07,1.0946192667102939,1.0946192667102936,0.5131481672814134,0.513079538903852,-5.69777706111695e-05
2025-10-08,1.026868169916053,1.0268681699160525,0.07047564275353327,0.07004354235109819,-2.4760906978879885e-05
2025-10-09,0.98809685219728,0.9880968521972799,0.3826109351395882,0.37849305651785736,-8.977668852182331e-06
2025-10-10,1.0539087597714811,1.048895346970386,0.2978180340227569,0.2739576617994678,9.508819183977147e-05
2025-10-11,0.753342579298533,0.734386242622659,0.5006844158131941,0.4998393915061236,7.42865510991622e-05
2025-10-12,0.620104790222302,0.6201047902223021,0.7462155539041948,0.6714703670104895,3.0870102120851315e-07
2025-10-13,0.6581129267162976,0.6581129267162973,0.09644354962555382,0.09471130448073795,3.8871726980184975e-05
2025-10-14,0.5954213762958291,0.5954213762958291,0.07411786292297043,0.07411786292297043,0.0
2025-10-15,0.5289723721886843,0.5289723721886844,0.4603316641328857,0.4603316641328857,0.0
2025-10-16,0.5607681219758134,0.5607681219758134,0.15522409260439335,0.15519790402072076,2.479652988091089e-05
2025-10-17,0.6386034733999922,0.6386034733999925,0.12195706389753563,0.12195706389753562,7.334151838764919e-05
2025-10-18,0.6471904271959485,0.6471904271959488,0.44797760916720536,0.40903346890387093,2.1296261299329444e-05
2025-10-19,0.6267780135609067,0.6267780135609068,0.1520360285798656,0.15133392114260114,5.0093574758236725e-06
2025-10-20,0.5838404895327527,0.5838404895327528,0.042975653940821826,0.04297565394082183,0.0
2025-10-21,0.6062750899484448,0.6062750899484448,0.3067539402871956,0.3067539402871956,0.0
2025-10-22,0.6964839659491767,0.6964839659491768,0.1828160036130102,0.1828160036130102,4.084433087671233e-05
2025-10-23,0.6952942830416461,0.695294283041646,0.004022001053028739,0.004022001053028736,3.905116747671233e-05
2025-10-24,0.6138908748889867,0.6138908748889866,0.3248841519507316,0.3248841519507316,6.353760707671232e-05
2025-10-25,0.6033067373697892,0.6033067373697891,0.16200762170821967,0.16200762170821967,6.639515407671234e-05
2025-10-26,0.9573204400635904,0.9573204400635904,0.5288888499667951,0.5288888499667951,0.0
2025-10-27,0.8982936791852414,0.8982936791852412,0.7216744955150531,0.7216744955150531,0.0
2025-10-28,0.671265322617201,0.6712653226172011,0.239533012354502,0.239533012354502,0.0
2025-10-29,0.6713859443770402,0.6713859443770402,0.0013391929756006015,0.0013391929756006015,0.0
2025-10-30,0.7190450788689281,0.6917276722676435,0.6618340724252629,0.5802772258489105,1.1685389929528032e-05
2025-10-31,0.7087788220692164,0.6819353585952175,0.011378952239451692,0.010589634599486345,-2.8815280496444893e-05
2025-11-01,0.7474260299914824,0.7474260299914826,0.4418224888310358,0.44164492484984375,0.0002583635280874957
2025-11-02,0.7065266354293557,0.7065266354293558,0.3687627232789016,0.3298771454424543,5.840911762671234e-05
2025-11-03,1.154416165450156,1.154416165450156,0.45630769834498786,0.45630769834498786,0.00011672853711453056
2025-11-04,0.9747573386018955,0.9744208376346613,0.46139442996672886,0.3201562612924259,0.0002731307059388469
2025-11-05,0.9868998112664289,0.947867448540514,0.5668670101871378,0.5451552120286964,0.0002787792253451425
2025-11-06,0.7696876293090084,0.7565046093411637,0.42146320398041504,0.34289163287935565,0.0003471966812180241
2025-11-07,0.9598348183774545,0.9598348183774547,0.3336014944153378,0.33273656134697455,7.81973607605678e-05
2025-11-08,0.9211007207864845,0.9211007207864844,0.44844174212432486,0.4148086861378445,4.6155243692636e-05
2025-11-09,0.8758706407063263,0.8758706407063261,0.07912056133916794,0.0790900543506961,2.538182034567367e-05
2025-11-10,0.904321652201313,0.9043216522013126,0.17485371021048832,0.15683897174978742,2.692044454039923e-05
2025-11-11,0.6916397516157781,0.6916397516157783,0.36641699057921806,0.36641699057921817,2.2692795153646495e-05
2025-11-12,0.7248414890002601,0.72484148900026,0.03647858079338504,0.036478580793385035,2.5734189503840318e-05
2025-11-13,0.8122892709440976,0.812289270944098,0.09165702231213237,0.09165702231213237,7.91850979275116e-05
2025-11-14,0.6862716349672582,0.6862716349672581,0.5284661181488389,0.5284661181488389,0.0001189156926552613
2025-11-15,0.7099976602160454,0.7099976602160454,0.17054169372429395,0.16357987681359354,0.00016740849669760727
2025-11-16,0.9574545237052461,0.9573313914178239,0.3592105503920619,0.33178273576206974,0.0003419695046838606
2025-11-17,1.0935906145082972,1.0935906145082972,0.32232664434006725,0.2913205180034152,0.0004291878686191071
2025-11-18,1.0437674121998006,1.043767412199801,0.10412282593947292,0.09803391065964889,0.0003679980098851124
2025-11-19,0.8847056914052409,0.8847056914052412,0.24839516098913028,0.24302796174266883,0.00019641596545094708
2025-11-20,0.8709364900504466,0.8709364900504463,0.23647316034649074,0.21146640544209444,0.0001941420538701662
2025-11-21,0.8709250128755108,0.8333012667912417,0.197389944954178,0.1717591282401671,0.00012718241655678073
2025-11-22,0.8093280277748514,0.8056516967305062,0.2250980571437137,0.22043699998304556,0.00015170604469544959
2025-11-23,0.6817882977259342,0.6781258125255523,0.3023925274966154,0.2856583523167585,0.00010993152218710497
2025-11-24,0.5423408616747065,0.5387313033033022,0.13944743605122775,0.13939450922225027,4.580390269569751e-05
2025-11-25,0.6483451856110926,0.6447982287214054,0.24576682339683384,0.24570422191511673,2.1104269956418862e-05
2025-11-26,0.6037701707967945,0.6001146461032691,0.336181047448298,0.31787991956578576,7.74149550600047e-06
2025-11-27,0.5734974990695376,0.5700276207636078,0.030358636479206988,0.03017299009161138,5.69382076033233e-06
2025-11-28,0.4588632521395671,0.4554048753531065,0.19921657395224987,0.1992165739522499,4.593658650466038e-06
2025-11-29,0.4498659943961822,0.44986599439618224,0.301853836976844,0.301853836976844,8.324352247016088e-06
2025-11-30,0.45187861241414773,0.45187861241414756,0.0034114508943784974,0.0034114508943784974,9.896985483980175e-06
2025-12-01,0.5733307696644816,0.5733307696644816,0.3357912147715043,0.30220766229046225,4.8318574071607085e-05
2025-12-02,0.4218672750353555,0.4218672750353555,0.31939763780406516,0.31923729984835336,2.4974957847238093e-06
2025-12-03,0.3990829239485711,0.39908292394857103,0.024207785414612423,0.024207785414612423,0.0
2025-12-04,0.4228560417277955,0.39927387236028034,0.03131991009021666,0.031139622944096085,-1.039904099797184e-05
2025-12-05,0.6090360217060278,0.6036079707999392,0.5010019512594377,0.48366571606957925,2.843919425921172e-05
2025-12-06,0.6137354812019102,0.6112700354648655,0.2136818343830988,0.21368183438309885,3.5208418456327e-05
2025-12-07,0.7866920079633533,0.7859647435311999,0.6110187952027654,0.6109645791544233,2.96217743659898e-05
2025-12-08,0.4109044761035499,0.4109044761035501,0.60532626015383,0.60532626015383,2.776146741303919e-05
2025-12-09,0.4377149915484686,0.4115936432799407,0.1282388750219041,0.12771852656026716,-2.040735806098659e-05
2025-12-10,0.4429424272012785,0.4164818904553894,0.005432739850215562,0.005430211803989886,-2.1596320601064537e-05
2025-12-11,0.547102400501964,0.5210601696560883,0.2665657402106303,0.26655632389914213,-1.2645920971744066e-05
2025-12-12,0.5621549508905714,0.5270909653127109,0.08697890470470653,0.08532524891947904,1.886242129938023e-05
2025-12-13,0.5392661521956653,0.5030845905852915,0.1712954505547056,0.17127667042900974,1.677634519738472e-05
2025-12-14,1.1803934065302344,1.1434949110061285,0.9021059076410964,0.9015406778794023,4.215679663275568e-05
2025-12-15,1.5477157864047082,1.5380262419445785,0.4569906817023136,0.455303640945138,6.485303131215988e-05
2025-12-16,0.9531656656208395,0.9423607552353912,0.8591269313346825,0.8590903225989137,5.1150398203727685e-05
2025-12-17,0.7033807964350535,0.692686298745822,0.5505226630876944,0.550412250391478,0.00016994388984180772
2025-12-18,0.7497570949915292,0.7391347503623503,0.07197782209952848,0.0715386470706539,0.0001090639599259388
2025-12-19,0.6586741204250289,0.6474517757952343,0.11964279285797372,0.11610184604033327,8.927755245307235e-05
2025-12-20,0.5937594729144019,0.5937594729144019,0.49934936456321916,0.49934936456321916,4.416831707236977e-05
2025-12-21,0.5775314331851865,0.5538761203917495,0.1757535210030405,0.17546176086268664,4.545783653566112e-05
2025-12-22,0.49519822172843697,0.473171882155083,0.08356609236666626,0.0835400752244528,3.5456292085383455e-05
2025-12-23,0.4824375829356992,0.4605646480794525,0.16205220220314942,0.1619989743910064,2.6037716762858547e-05
2025-12-24,0.4835273567217102,0.46201730624564435,0.011551647758987173,0.011417142770455201,4.243703637268354e-05
2025-12-25,0.4980248863812345,0.4761986798593795,0.014798304023061593,0.01477814405095096,4.534210578731405e-05
2025-12-26,0.5122672312602646,0.5122672312602646,0.29945121555855014,0.29671193647258415,4.275937567556962e-05
2025-12-27,0.5213551533712841,0.5190206651143495,0.31658669491932023,0.3165559159338842,3.69213581040087e-05
2025-12-28,0.5078615505635787,0.5049960845432196,0.016994327378483776,0.01610105216601456,4.6352683741989716e-05
2025-12-29,0.5220822815686214,0.5220822815686214,0.19454994485140711,0.19454994485140714,4.332449263445651e-05
2025-12-30,0.5108610725500308,0.5108610725500309,0.012908822066389092,0.011693135647022714,7.037596988990518e-05
2025-12-31,1.0364902811579122,1.036490281157912,0.7280300659975897,0.7090961804346547,6.774867266169123e-05
2026-01-01,0.9221035970815117,0.922103597081512,0.42564988244173385,0.3653320840822359,5.0711699330799104e-05
2026-01-02,1.0158102573432417,0.9532221771378494,0.9046041647216303,0.9046041647216303,-1.725802742421004e-05
2026-01-03,0.8445632286421983,0.716281350796875,0.6549648727904558,0.649631757779741,-4.9923062462928726e-05
2026-01-04,1.1840220938617205,1.0107829007132805,0.5202621040369707,0.4791141796423921,-7.00823768660126e-05
2026-01-05,1.0041695396897856,0.8356466194163639,0.6007368447342505,0.575529450751989,-6.8125171260328e-05
2026-01-06,1.047764568680024,0.8671828242360927,0.1002096609577415,0.09226013890016496,-7.240100223446068e-05
2026-01-07,0.7039991339542762,0.5502924426986571,0.5039249252319613,0.4987533060959896,-6.0347207838422515e-05
2026-01-08,0.7275065799179694,0.5928544687830523,0.13246868204743642,0.12651615105936692,-4.077111694019397e-05
2026-01-09,0.7167200401531078,0.58826421810485,0.012504193668921483,0.011997082008332775,-3.4174195126832804e-05
2026-01-10,0.6839475250803926,0.43172695004411554,0.5970577232782213,0.5944356116855674,-2.9672274267432126e-05
2026-01-11,0.6658449127394923,0.4210524643019112,0.0218971943871264,0.02085318643111636,-6.05590157410214e-05
2026-01-12,0.6364458809810845,0.4041448907736979,0.029597833532646833,0.02786687505321557,-3.603745985821271e-05
2026-01-13,0.9768426738469433,0.726662804547367,0.405240373566626,0.4049261212937856,-5.111020703785163e-05
2026-01-14,0.9618000771733848,0.6981572571285879,0.037077412096098855,0.037077412096098855,-7.035629824063677e-05
2026-01-15,0.5930805676979303,0.4506108177542021,0.5037955711203689,0.5034002883139688,-3.093854608204108e-05
2026-01-16,0.5472442288890362,0.43609995981656413,0.13938036367810747,0.12629535188038893,-1.5000685116841174e-05
2026-01-17,0.5881251002152924,0.4777083831838466,0.21374146494107185,0.21374146494107185,-3.0068115216244705e-05
2026-01-18,0.8560083793534455,0.7416993478111312,0.2679352855725979,0.2675083376182426,-1.8183734293325895e-06
2026-01-19,1.0561941550654805,0.9167319117851176,0.4155267508140532,0.4153991312320244,2.0968587549060477e-06
2026-01-20,1.0312895688458033,1.031289568845803,0.8548030794609843,0.8473866229192817,2.4906659159267715e-05
2026-01-21,1.1534646541443592,1.1534646541443587,0.6986137439905586,0.6981390816346159,6.585646075641948e-05
2026-01-22,0.5607580148679352,0.5607580148679352,0.7298048388684879,0.7191411300966599,6.897053698997153e-05
2026-01-23,0.5342783303707602,0.5342783303707602,0.028717152269928485,0.02652199939616042,4.496997076724741e-05
2026-01-24,0.6315823186536386,0.6315823186536386,0.3933663411051457,0.38944982411026413,5.596012756637821e-05
2026-01-25,1.4128694574180476,1.412869457418048,0.9298688467760852,0.9001985574362408,0.00018568820872154898
2026-01-26,1.3193828966687469,1.3193828966687469,0.12256315474399607,0.11749291349572505,0.00016074585825276365
2026-01-27,0.6409638965127342,0.6409638965127343,0.6797015764616321,0.6785206435310087,0.00019518534192585578
2026-01-28,0.619590457381177,0.6195904573811771,0.12759738109916807,0.11329999421543448,0.00015611102582699344
2026-01-29,0.797037200824066,0.7970372008240663,0.4125115844094108,0.4125115844094107,0.0001102518080707365
2026-01-30,0.8792778070922624,0.8792778070922622,0.1387003263130126,0.13489380739575302,8.532914149327998e-05
2026-01-31,0.7181502644251962,0.7170569725847609,0.4165937552033287,0.39157439152107215,0.0001180226738423839
2026-02-01,0.4827117444202318,0.4819155722831079,0.3234873574116197,0.299591128577234,2.4234917026705553e-05
2026-02-02,0.4731547042949092,0.4720397266248093,0.0390623613707082,0.03894121924535216,5.0616668874645725e-05
2026-02-03,0.4849789394246703,0.48419509555991613,0.1441805162613036,0.1423265602281012,4.426958797138892e-05
2026-02-04,0.4973220628712224,0.49335627138603516,0.111771930029252,0.10068342034900113,4.909537631421017e-05
2026-02-05,0.4903749884873191,0.4882586431368137,0.032451417712012987,0.0297634938117754,6.706717877818135e-05
2026-02-06,0.3536541549967238,0.35365415499672376,0.20312994927891792,0.2003364002172856,0.0
2026-02-07,0.40471745733926545,0.4047174573392654,0.3077755959692081,0.3077755959692081,0.0
2026-02-08,0.40119274618844525,0.40119274618844536,0.024244519842083576,0.024244519842083576,0.0
2026-02-09,0.396119644289616,0.3961196442896157,0.21884837215843816,0.21884837215843816,0.0
2026-02-10,0.40411099399331035,0.4041109939933104,0.008235547106527432,0.008235547106527432,0.0
2026-02-11,0.41317273811574184,0.4131727381157419,0.016837470223038352,0.016398653163297913,6.71090476598139e-06
2026-02-12,0.4523811344950157,0.4523811344950156,0.1421161886069203,0.14211141670396504,6.709597395308706e-06
2026-02-13,0.45311746287280336,0.45311746287280347,0.007347696587172873,0.007329725252572289,6.714521048623935e-06
2026-02-14,0.48390177687112046,0.4839017768711204,0.23199890255661948,0.22576816539386013,3.9088123542149646e-06
2026-02-15,0.41474699201266185,0.41474699201266196,0.15650015276335122,0.15646847046303097,3.917492436494481e-06
2026-02-16,0.4178880815863775,0.4178880815863775,0.012994686541528912,0.012284208865577375,7.900373622012357e-06
2026-02-17,0.41554922804393735,0.41554922804393746,0.0031178087674400288,0.0031178087674400322,7.860425655545854e-06
2026-02-18,0.42342156689860694,0.4234215668986069,0.1188077606310302,0.11639429664164415,8.521648666336555e-06
2026-02-19,0.370977182397361,0.370977182397361,0.10016017756638643,0.1000056106891298,6.332445407870903e-06
2026-02-20,0.3421250923948534,0.3421250923948534,0.029027543686049567,0.029027543686049564,8.552544477581077e-06
2026-02-21,0.31990631205935227,0.3199063120593522,0.16398776559325984,0.16372989439454644,8.481894834097947e-06
2026-02-22,0.31595916341240254,0.3159591634124025,0.004231204746210761,0.004218095081373018,8.48548652309459e-06
2026-02-23,0.5051455210373716,0.5051455210373719,0.1916968434160958,0.1914832496107651,1.6432159031668037e-05
2026-02-24,0.502030240767669,0.5020302407676689,0.23196624146380168,0.20680983871021424,4.138656267442098e-05
2026-02-25,0.3469699369259241,0.31699206811475883,0.247789240390703,0.23834530663924777,-4.40752169097925e-07
2026-02-26,0.33364610767268016,0.3053690086446289,0.014889636628382212,0.013188866845268037,-3.3228170310062975e-06
2026-02-27,0.40134972184475276,0.35618251177567434,0.1948836980203425,0.1779885134148944,-3.26940890288941e-05
2026-02-28,0.42631259263840765,0.4099090751769384,0.27643246548561995,0.2710414165547679,-6.225975704657831e-06
2026-03-01,0.39476065368022606,0.3947606536802262,0.2504919869702803,0.23953011138220054,1.4328872352406895e-06
2026-03-02,0.42031445727001016,0.38977232928607664,0.10539005764932434,0.1051695327554773,1.8096245715685267e-06
2026-03-03,0.41805377477010464,0.3879444050661122,0.006499261850170306,0.006499261850170308,8.388197770973395e-07
2026-03-04,0.47225778643685346,0.4064941490865608,0.09039056165715706,0.09031694122973552,-2.304355516871978e-06
2026-03-05,0.5182485484157313,0.4376572377924068,0.20549841292254062,0.20549841292254062,3.7440354852670017e-06
2026-03-06,0.5021578887349581,0.45948442768387393,0.12039820255936302,0.10348556466682851,3.4024105454217778e-06
2026-03-07,0.43957685014767833,0.4097568273214599,0.2849573698834341,0.2849573698834341,-1.3988370723024957e-05
2026-03-08,0.5854843013175691,0.5398983268225821,0.33202737492431345,0.33191228395616323,-1.4465928712265414e-05
2026-03-09,0.44601130293613506,0.4001277061795707,0.16072856451352108,0.16027600339875633,1.3917111675722071e-05
2026-03-10,0.416193198369276,0.3634539186724242,0.03934544265712851,0.03933001169412734,-1.2725677024488386e-06
2026-03-11,0.4288211714984907,0.3925737573627103,0.2524590129866905,0.25240101413121835,-1.3815266004732399e-07
2026-03-12,0.4308999175300255,0.3946294193666776,0.002623641256829662,0.002623641256829662,-1.1040013893406464e-06
2026-03-13,0.47976187441830076,0.41384408803290157,0.054965094838006046,0.05443881222293763,-1.1788539034289802e-05
2026-03-14,0.4907438465528669,0.4414026107428419,0.27089978848065044,0.2708166702117227,1.107811205527101e-05
2026-03-15,0.5156810257424596,0.4640240499245997,0.024986329876694954,0.024979412584932068,6.718849323454666e-07
2026-03-16,0.6959214716348748,0.5975103545567377,0.32801688387185884,0.32801688387185884,-5.6571542385880123e-05
2026-03-17,0.756491511467102,0.6413513198562284,0.14051273663535271,0.13879084613700754,-2.5679274229499225e-05
2026-03-18,0.70839290201342,0.6620175204655221,0.07084637351977033,0.06921617743603771,9.848610328301251e-06
2026-03-19,0.5365215370364789,0.44536281029997754,0.218054467060312,0.21799292387706334,5.001557038915759e-07
2026-03-20,0.6473402132895674,0.5719453749349683,0.34071130751832834,0.34066402638920956,5.098449149242497e-06
2026-03-21,0.7489067628841745,0.7151133457619027,0.5306129451474598,0.5189173767093104,3.576224406758729e-06
2026-03-22,0.9016597220966374,0.9016597220966373,0.2058474993323682,0.2058474993323682,0.0
2026-03-23,0.9572982851315738,0.9572982851315739,0.5092189385969246,0.49347967302623535,-1.6896159729725003e-06
2026-03-24,0.5169996624053386,0.5169996624053385,0.47759369112864314,0.4775666522575315,5.8392367853177685e-06
2026-03-25,0.666328754694138,0.6663287546941382,0.1701622906412584,0.17004706925212248,0.0
2026-03-26,0.6857305295181082,0.6857305295181082,0.33397368301070135,0.33397368301070135,0.0
2026-03-27,0.7678670432645134,0.7619683011147671,0.1285181462243009,0.12469126026520894,2.1315768640105857e-05
2026-03-28,0.600817106652345,0.600817106652345,0.4418827651926625,0.43860526865111216,2.917634742968201e-05
2026-03-29,1.0575763943347307,1.0575763943347307,0.706037090077481,0.6825421977269281,2.2167707809859775e-05
2026-03-30,0.6259049389621822,0.6259049389621824,0.47478761426058197,0.47371756847988145,9.854657830978678e-05
2026-03-31,0.9864876012580774,0.9864876012580772,0.40725161069486127,0.4068783805409014,0.00010397856340698819
2026-04-01,0.8259353128918364,0.8259353128918363,0.42938207853358373,0.4270248805332658,9.753947730677779e-05
2026-04-02,0.6657293767096089,0.665729376709609,0.17065018878839558,0.16956984305074488,4.269596917532079e-05
2026-04-03,0.6642019867214253,0.6642019867214252,0.0074798124847327025,0.007479812484732701,0.00012115362139954668
2026-04-04,0.6044903852654233,0.5825223388536133,0.24022345528643504,0.23887611514142038,0.00010580806690132727
2026-04-05,0.8719234863621476,0.819384962525755,0.4831676876035606,0.48297715999652446,6.287837782248347e-05
2026-04-06,0.7363742528663909,0.7353921040020407,0.38043242479677963,0.37830302772286856,7.480246798768358e-05
2026-04-07,0.5878967171801104,0.5878967171801102,0.4985655324314457,0.4732922958461545,1.7661878641718508e-05
2026-04-08,0.43777860208651775,0.43777860208651787,0.24513710381858994,0.24443353373778143,9.472607119481294e-05
2026-04-09,0.5726513676846343,0.5726513676846344,0.1378558394234674,0.13760702283000714,1.7094126474903178e-05
2026-04-10,0.5229243555668942,0.5229243555668942,0.4412214394775823,0.4412214394775823,6.44025835204425e-05
2026-04-11,0.654257844428991,0.654257844428991,0.3068221147022948,0.30680636846896653,4.706274909384112e-05
2026-04-12,0.6721665765849816,0.6721665765849816,0.056741974465475124,0.05600779192396558,-1.027680588929427e-05
2026-04-13,0.6543813691272218,0.6543813691272221,0.17643571683987888,0.175769959743119,1.8414508752230465e-06
2026-04-14,0.4906311199951364,0.4906311199951363,0.19234651304217074,0.19234651304217074,1.3892703208704647e-05
2026-04-15,0.5750441460660644,0.5124195199192281,0.167881050934898,0.1455303276043478,5.217148467938299e-06
2026-04-16,0.668824050224422,0.5276157902318713,0.28004441178488776,0.27655580114857714,-4.8385786749832225e-05
2026-04-17,0.8049481482046161,0.6610852444160646,0.14513339732647873,0.1430958779215069,-4.563103701072745e-05
2026-04-18,0.7905844865112679,0.6591909734835186,0.33362948077329596,0.29697000742092616,2.29925101914196e-05
2026-04-19,0.6606914632096104,0.5438435507047887,0.18961103088506745,0.1849136696854144,6.584203466825821e-05
2026-04-20,0.5983478494777998,0.47979003236648815,0.17351538667694777,0.1692042554230218,6.929659717374847e-06
2026-04-21,0.7021645703179833,0.5831577424140808,0.10434022855339774,0.10430795017124134,2.316423443452606e-06
2026-04-22,1.158629518523162,1.0990022913828261,0.6525043840805748,0.651653607048905,-5.2751930889994995e-05
2026-04-23,0.9114586020056157,0.8186022880314626,0.2901738037131031,0.2898128870017106,4.1393891922725476e-06
2026-04-24,0.776784377597161,0.6860689451300382,0.1377357604097441,0.13699991893436286,1.001519709099533e-05
2026-04-25,0.7831016905958623,0.6893591359385668,0.289242936660337,0.28887658393015586,1.9605097637745863e-06
2026-04-26,0.7827596330082232,0.6896392403246071,0.014670977670008245,0.014517766126579932,2.82583433467181e-07
2026-04-27,0.8050267692098846,0.7408257963563117,0.09113377939861672,0.08989396457654668,3.5537826259720815e-05
2026-04-28,0.623835580515115,0.5492015315431269,0.3132932408860227,0.31150658813056553,5.828370603102571e-06
2026-04-29,0.6057676670492437,0.5500693893503044,0.1210376951422065,0.12052917653489245,-9.159486620675787e-06
2026-04-30,0.6128171832719594,0.5728053698171633,0.08356735745162294,0.08356735745162294,2.122788466787325e-05
2026-05-01,0.6827270905379053,0.6560927540513052,0.20168263557233027,0.2010975305959159,2.662363898142551e-05
2026-05-02,0.6612813315078908,0.6473635627118572,0.41360004692864294,0.4133623806478631,1.6194484345480628e-05
2026-05-03,0.8299092158780096,0.8160884727637793,0.17894600396824734,0.17890257916144411,2.344423318442919e-05
2026-05-04,0.8132329734498485,0.8132329734498485,0.1648421565843318,0.1648421565843318,3.19876355312354e-05
2026-05-05,0.646984809750961,0.6469848097509608,0.41428149233020206,0.41398860663707215,8.234980562428334e-06
2026-05-06,0.7030154521208298,0.6578414529488366,0.06128082633954543,0.060084723176775275,-3.6672780394918145e-05
2026-05-07,0.6897773917190269,0.6187666928740414,0.23457726097838544,0.22488252137890646,-3.870554989019169e-05
2026-05-08,0.742523400584912,0.6621606082331395,0.12351182743926026,0.11194360088120602,-3.0378483006750013e-05
2026-05-09,0.7694971731353565,0.6857900224138858,0.38277393027362133,0.38271554456466617,-4.429077524838889e-05
2026-05-10,1.1660246976647777,1.0560467280023165,0.791921588726404,0.7747004667890249,-4.343665871909178e-05
2026-05-11,0.8619385564704747,0.7620655923705405,0.30512670226370725,0.3048533550805424,-6.717029043676e-05
2026-05-12,0.6675469016992597,0.5750013800383151,0.21917662960415898,0.21814389104852822,-4.906892729589183e-05
2026-05-13,0.6733965078275103,0.623823926926716,0.35228661065652817,0.34890969659073123,-2.9215958224927876e-05
2026-05-14,0.5780574570803609,0.522107408867349,0.11821669982587432,0.11818208691036694,-9.57816295866261e-06
2026-05-15,0.5911629395163742,0.5266970245377736,0.163198378445565,0.163198378445565,-2.526416288642852e-07
2026-05-16,0.4355085504136435,0.4118230881045706,0.4572732452106195,0.41234132780869537,1.293112604824376e-06
2026-05-17,0.5777933378491126,0.5383200253943136,0.15631012819625698,0.1561454951979363,-3.4085332169378957e-06
2026-05-18,1.0455155439910384,1.0455155439910386,0.6598984430797252,0.6562244622728615,0.0
2026-05-19,0.9056825054100405,0.9056825054100404,0.4431534731059571,0.4431534731059571,0.0
2026-05-20,0.9263077265220632,0.9263077265220633,0.3225044052765462,0.3225044052765462,4.483877398e-05
2026-05-21,0.8003754786610401,0.80037547866104,0.14942710872225626,0.14942710872225626,9.273645724000001e-05
2026-05-22,0.768229011071645,0.768229011071645,0.5214746359618317,0.5109463262698433,0.0
2026-05-23,0.7617524179706545,0.7617524179706543,0.29381992790022243,0.29381992790022243,0.0
2026-05-24,0.4619647479807828,0.4619647479807828,0.3791385025021898,0.3791385025021898,0.0
2026-05-25,0.5345791169807175,0.5345791169807173,0.18849712393680496,0.18849712393680496,0.0
2026-05-26,1.2759477874902163,1.2759477874902163,0.7527792174777488,0.7527792174777488,0.0
2026-05-27,1.365321134025137,1.3653211340251374,0.1966936327396083,0.1966936327396083,0.0
2026-05-28,1.0977713997281229,1.0977713997281224,0.5824477440950621,0.5824477440950621,0.0
2026-05-29,0.652833032392991,0.6528330323929911,0.6227779039744972,0.6227779039744972,0.0
2026-05-30,0.5810433616014966,0.5810433616014967,0.5303051650482894,0.5303051650482894,-0.00014828239664000002
2026-05-31,0.7644589571994601,0.76445895719946,0.31216199341485323,0.31216199341485323,-0.000154075845
