,EW,ADAPTIVE-RAW,META-GT
2020-01-02,0.9997489958450457,0.9997489958450457,0.9997489958450457
2020-01-03,0.9900322296773757,0.9997489958450457,0.9900322296773757
2020-01-04,0.9874947963657121,0.9997489958450457,0.9874947963657121
2020-01-05,0.9701161676109477,0.9997489958450457,0.9701161676109477
2020-01-06,1.0547335603497745,0.9997489958450457,1.0547335603497745
2020-01-07,1.0838507344647887,0.9997489958450457,1.0838507344647887
2020-01-08,1.0393364602086512,0.9997489958450457,1.0393364602086512
2020-01-09,1.0004403506366073,0.9997489958450457,1.0004403506366073
2020-01-10,1.084124354557845,0.9997489958450457,1.084124354557845
2020-01-11,1.0567029477981666,0.9997489958450457,1.0567029477981666
2020-01-12,1.1216213960577643,0.9997489958450457,1.1216213960577643
2020-01-13,1.0639988016453543,0.9997489958450457,1.0639988016453543
2020-01-14,1.4213996440564498,0.9997489958450457,1.4213996440564498
2020-01-15,1.4619168050743643,0.9997489958450457,1.4619168050743643
2020-01-16,1.4097148310241043,0.9997489958450457,1.4097148310241043
2020-01-17,1.5266087648559832,0.9997489958450457,1.5266087648559832
2020-01-18,1.5026024284131922,0.9997489958450457,1.5026024284131922
2020-01-19,1.3424214728990498,0.9997489958450457,1.3424214728990498
2020-01-20,1.3379120987917064,0.9997489958450457,1.3379120987917064
2020-01-21,1.3551865133767413,0.9997489958450457,1.3551865133767413
2020-01-22,1.3463706838948568,0.9997489958450457,1.3463706838948568
2020-01-23,1.314164715062711,0.9997489958450457,1.314164715062711
2020-01-24,1.3074044950360704,0.9997489958450457,1.3074044950360704
2020-01-25,1.3074044950360704,0.9997489958450457,1.3074044950360704
2020-01-26,1.3074044950360704,0.9997489958450457,1.3074044950360704
2020-01-27,1.301092513005253,0.9997489958450457,1.301092513005253
2020-01-28,1.3187901976543897,0.9997489958450457,1.3187901976543897
2020-01-29,1.2981587012870568,0.9997489958450457,1.2981587012870568
2020-01-30,1.3890057744933588,0.9997489958450457,1.3890057744933588
2020-01-31,1.3305796402277152,0.9997489958450457,1.3305796402277152
2020-02-01,1.3643341942093914,1.0263071117582028,1.365926200678106
2020-02-02,1.3625401488419528,1.0249652567850531,1.3641403075040879
2020-02-03,1.3621739731387699,1.0248190221707976,1.3639456818518156
2020-02-04,1.3528058329180468,1.0177601243300716,1.3545508979727099
2020-02-05,1.4423928961103127,1.0841382274297222,1.442894425106415
2020-02-06,1.4873089543107327,1.120405688862587,1.4911632865765128
2020-02-07,1.5301347216541978,1.1530976683737848,1.534673490154735
2020-02-08,1.529807935230536,1.1533367982496272,1.5349917513837918
2020-02-09,1.613036368889835,1.214891502982167,1.6169157515255639
2020-02-10,1.6348690546689868,1.2311982556202976,1.638618632097288
2020-02-11,1.6347487252859194,1.2311042869325748,1.6384935678829478
2020-02-12,1.6347487252859194,1.2311042869325748,1.6384935678829478
2020-02-13,1.6347487252859194,1.2311042869325748,1.6384935678829478
2020-02-14,1.6494140115435674,1.242293784115423,1.653385823036751
2020-02-15,1.6387708360592042,1.2337401930038325,1.6420017313985344
2020-02-16,1.6387708360592042,1.2337401930038325,1.6420017313985344
2020-02-17,1.6387708360592042,1.2337401930038325,1.6420017313985344
2020-02-18,1.6387708360592042,1.2337401930038325,1.6420017313985344
2020-02-19,1.6387708360592042,1.2337401930038325,1.6420017313985344
2020-02-20,1.6387708360592042,1.2337401930038325,1.6420017313985344
2020-02-21,1.6387708360592042,1.2337401930038325,1.6420017313985344
2020-02-22,1.6387708360592042,1.2337401930038325,1.6420017313985344
2020-02-23,1.6387708360592042,1.2337401930038325,1.6420017313985344
2020-02-24,1.6387708360592042,1.2337401930038325,1.6420017313985344
2020-02-25,1.6387708360592042,1.2337401930038325,1.6420017313985344
2020-02-26,1.6387708360592042,1.2337401930038325,1.6420017313985344
2020-02-27,1.6387708360592042,1.2337401930038325,1.6420017313985344
2020-02-28,1.6387708360592042,1.2337401930038325,1.6420017313985344
2020-02-29,1.6387708360592042,1.2337401930038325,1.6420017313985344
2020-03-01,1.6387708360592042,1.2337401930038325,1.6420017313985344
2020-03-02,1.6387708360592042,1.2337401930038325,1.6420017313985344
2020-03-03,1.6387708360592042,1.2337401930038325,1.6420017313985344
2020-03-04,1.618230304097499,1.2189437876362588,1.622308992708651
2020-03-05,1.6271174338666705,1.2256471315100113,1.6312305649402101
2020-03-06,1.6230973151448254,1.2226149758648597,1.627195027436089
2020-03-07,1.5890760836107414,1.1960713076566722,1.5918676956342495
2020-03-08,1.5888663098601572,1.1958966913850275,1.5916352964451845
2020-03-09,1.5888663098601572,1.1958966913850275,1.5916352964451845
2020-03-10,1.5888663098601572,1.1958966913850275,1.5916352964451845
2020-03-11,1.5888663098601572,1.1958966913850275,1.5916352964451845
2020-03-12,1.5888663098601572,1.1958966913850275,1.5916352964451845
2020-03-13,1.5888663098601572,1.1958966913850275,1.5916352964451845
2020-03-14,1.5888663098601572,1.1958966913850275,1.5916352964451845
2020-03-15,1.5888663098601572,1.1958966913850275,1.5916352964451845
2020-03-16,1.5604656512918842,1.1720098154491236,1.5598439258901244
2020-03-17,1.5493905057503508,1.1641525430035053,1.5493865743075654
2020-03-18,1.5493905057503508,1.1641525430035053,1.5493865743075654
2020-03-19,1.5493905057503508,1.1641525430035053,1.5493865743075654
2020-03-20,1.5493905057503508,1.1641525430035053,1.5493865743075654
2020-03-21,1.5493905057503508,1.1641525430035053,1.5493865743075654
2020-03-22,1.5493905057503508,1.1641525430035053,1.5493865743075654
2020-03-23,1.5493905057503508,1.1641525430035053,1.5493865743075654
2020-03-24,1.5493905057503508,1.1641525430035053,1.5493865743075654
2020-03-25,1.5493905057503508,1.1641525430035053,1.5493865743075654
2020-03-26,1.5493905057503508,1.1641525430035053,1.5493865743075654
2020-03-27,1.5493905057503508,1.1641525430035053,1.5493865743075654
2020-03-28,1.5493905057503508,1.1641525430035053,1.5493865743075654
2020-03-29,1.5493905057503508,1.1641525430035053,1.5493865743075654
2020-03-30,1.5493905057503508,1.1641525430035053,1.5493865743075654
2020-03-31,1.5493905057503508,1.1641525430035053,1.5493865743075654
2020-04-01,1.5493905057503508,1.1641525430035053,1.5493865743075654
2020-04-02,1.5332004231456624,1.1514148036244136,1.532433742395971
2020-04-03,1.5313122291256416,1.1486494844313653,1.5287533411829735
2020-04-04,1.553822627620244,1.1650979778517623,1.5506448665043873
2020-04-05,1.5381274150150048,1.153887653664522,1.5357248924050022
2020-04-06,1.7020550621178834,1.2749560359145573,1.696856461595567
2020-04-07,1.6778991658065059,1.256881698097357,1.6728010776840918
2020-04-08,1.7608924669296486,1.3190481357992057,1.755539241618577
2020-04-09,1.7483106722610473,1.3096223233930953,1.742994298705606
2020-04-10,1.6198749959176744,1.2132762093177218,1.6147659350497967
2020-04-11,1.6198749959176744,1.2132762093177218,1.6147659350497967
2020-04-12,1.6065312385811878,1.203261848646351,1.6014376851844792
2020-04-13,1.5929591304272295,1.1936245295526562,1.588611245122282
2020-04-14,1.58735369288273,1.1883442636228698,1.5815836668297696
2020-04-15,1.5459736802463586,1.1568971104544346,1.5397302196915963
2020-04-16,1.5698522516680748,1.176762310073672,1.5661690861193387
2020-04-17,1.5677327595185433,1.1747781225653493,1.5635412787624832
2020-04-18,1.6544235594169265,1.2394134170155406,1.6495674299703802
2020-04-19,1.565659673345107,1.1726535387013026,1.560714978170133
2020-04-20,1.4382610967681755,1.072434062450044,1.4273302805356285
2020-04-21,1.4378445864365492,1.072434062450044,1.4269169356917597
2020-04-22,1.4378445864365492,1.072434062450044,1.4269169356917597
2020-04-23,1.4429697156111834,1.072434062450044,1.4320031137710039
2020-04-24,1.495413165566643,1.1127352618122575,1.4847112297693497
2020-04-25,1.544457220580105,1.1491713901199871,1.5333326714455957
2020-04-26,1.5664454758143815,1.1656686100220515,1.5553448155707785
2020-04-27,1.5203399743721617,1.1311708437166133,1.5093146475533687
2020-04-28,1.543015497151322,1.1474679656431284,1.531059802118911
2020-04-29,1.8274771581142093,1.359493659172461,1.8139644461689963
2020-04-30,1.7047625788189862,1.2685739934556448,1.6926508674294927
2020-05-01,1.7198517307999193,1.2813635061159157,1.709715839445384
2020-05-02,1.7411973621913512,1.2985633343750096,1.7326654697961432
2020-05-03,1.7050680091612302,1.2687074934559768,1.6928289956999203
2020-05-04,1.664096598486382,1.236180073082861,1.649427848747649
2020-05-05,1.6617651124870334,1.2343320036451697,1.6469619804948583
2020-05-06,1.6473588396560193,1.223425096500396,1.6324089580185865
2020-05-07,1.6975612504328088,1.2589813097633011,1.6798514056270386
2020-05-08,1.6945034687580551,1.2567301253503602,1.676847663418097
2020-05-09,1.6810079289693811,1.2467614969247702,1.6635465807546463
2020-05-10,1.6282760696517253,1.2072880455240862,1.6108773851866387
2020-05-11,1.6309189751945974,1.2096288126077948,1.614000657029771
2020-05-12,1.6103909303525297,1.195775674380691,1.5955164956346182
2020-05-13,1.5913341068805875,1.1822731980408376,1.5775002203467723
2020-05-14,1.5816841519871834,1.1738826034601797,1.5666198577961088
2020-05-15,1.5815641896690371,1.1738045388008647,1.56651777955242
2020-05-16,1.5815641896690371,1.1738045388008647,1.56651777955242
2020-05-17,1.5815641896690371,1.1738045388008647,1.56651777955242
2020-05-18,1.5815641896690371,1.1738045388008647,1.56651777955242
2020-05-19,1.5815641896690371,1.1738045388008647,1.56651777955242
2020-05-20,1.5815641896690371,1.1738045388008647,1.56651777955242
2020-05-21,1.5729070532818747,1.1658370710217303,1.55609814695528
2020-05-22,1.5553521712774059,1.1533955359260706,1.5394398108397112
2020-05-23,1.5537947839745556,1.1532497859733486,1.5393465859802922
2020-05-24,1.5754666886363984,1.172797802190456,1.5638548745224434
2020-05-25,1.560582695264135,1.1591831386051539,1.5470461065883694
2020-05-26,1.563372273942139,1.161658220635705,1.550211988156489
2020-05-27,1.5490911087217796,1.1487904050862927,1.5342555038984054
2020-05-28,1.534117733222361,1.1376089597909333,1.519343351726046
2020-05-29,1.5370144890208406,1.136102313278636,1.519880715911199
2020-05-30,1.6369708573739443,1.2126155251093949,1.6206400654149853
2020-05-31,1.4990829658777172,1.1108426617552323,1.4846223611151161
2020-06-01,1.6749175199021382,1.239691244847305,1.6580353408357777
2020-06-02,1.551637572501114,1.1498564219515843,1.5378850116163645
2020-06-03,1.5798196131371853,1.1768139398920021,1.570380847534555
2020-06-04,1.5973470296819288,1.1875380193765463,1.5857521916271764
2020-06-05,1.5597508906085842,1.1573492385895354,1.5462220362768935
2020-06-06,1.5651704278778718,1.1604905553447236,1.5509403989778061
2020-06-07,1.5687528530075998,1.1611887608988272,1.5525089606318565
2020-06-08,1.5755516286754983,1.1669085728912525,1.5596371973811365
2020-06-09,1.5391152270783817,1.1390284604569942,1.5229757311551755
2020-06-10,1.5414296721319383,1.1417939595158346,1.5260061391630595
2020-06-11,1.4744288471792535,1.088474200352951,1.4569556256895968
2020-06-12,1.4742248709965045,1.088474200352951,1.4568296513811674
2020-06-13,1.4742248709965045,1.088474200352951,1.4568296513811674
2020-06-14,1.4742248709965045,1.088474200352951,1.4568296513811674
2020-06-15,1.4742248709965045,1.088474200352951,1.4568296513811674
2020-06-16,1.4742248709965045,1.088474200352951,1.4568296513811674
2020-06-17,1.4742248709965045,1.088474200352951,1.4568296513811674
2020-06-18,1.4742248709965045,1.088474200352951,1.4568296513811674
2020-06-19,1.4742248709965045,1.088474200352951,1.4568296513811674
2020-06-20,1.4742248709965045,1.088474200352951,1.4568296513811674
2020-06-21,1.4742248709965045,1.088474200352951,1.4568296513811674
2020-06-22,1.4742248709965045,1.088474200352951,1.4568296513811674
2020-06-23,1.5063150438707398,1.1121674880001748,1.488541142918326
2020-06-24,1.495172293304391,1.1039403866191186,1.477529874621067
2020-06-25,1.5072625912877595,1.1128670747130947,1.4894775009593886
2020-06-26,1.4822154952160886,1.094373750239172,1.4647258535318148
2020-06-27,1.4762381870912615,1.0945134703091248,1.4611042436084742
2020-06-28,1.4706478414701667,1.090516302402656,1.45564511204792
2020-06-29,1.4695474111415139,1.0897150694597064,1.4545632955791665
2020-06-30,1.4750183160510493,1.093698091157934,1.4599414638257326
2020-07-01,1.5157303498899244,1.1271922658003537,1.501892749870158
2020-07-02,1.4960295535420984,1.1139482546179094,1.483330303659968
2020-07-03,1.5178789548653484,1.1399325529153281,1.510019720071959
2020-07-04,1.6447476845206546,1.2392840209812406,1.6388996309267467
2020-07-05,1.721762376262684,1.2982200472044354,1.716670635029698
2020-07-06,1.7576420230219703,1.3263664635257786,1.753585576342035
2020-07-07,1.9443816882408576,1.4640689947685803,1.936181601638586
2020-07-08,2.239709550364122,1.6863429240730226,2.2301313362350776
2020-07-09,2.0900218023062607,1.5745542839646385,2.082294650243197
2020-07-10,2.100769237217181,1.5826857411135866,2.0930482265996138
2020-07-11,2.1076720759183742,1.5878859723184306,2.099925356037545
2020-07-12,2.2193629565471,1.672214356022586,2.211446784062672
2020-07-13,2.1465376414853963,1.618284418913438,2.140126270902865
2020-07-14,2.1447312101996507,1.6171283037913675,2.1385973478557085
2020-07-15,2.1516711594011118,1.6216849652405119,2.144623378114019
2020-07-16,2.048877629584549,1.5445307274335158,2.0425895147755178
2020-07-17,2.0423301280207697,1.5396864189108705,2.036183081016097
2020-07-18,2.016787997721246,1.5206722856850197,2.0110375345599225
2020-07-19,2.016787997721246,1.5206722856850197,2.0110375345599225
2020-07-20,2.016787997721246,1.5206722856850197,2.0110375345599225
2020-07-21,2.016787997721246,1.5206722856850197,2.0110375345599225
2020-07-22,2.0189251395379926,1.5224810257512862,2.013429531966442
2020-07-23,2.020492231004908,1.5235748613924303,2.0148760925118583
2020-07-24,2.0070310636487254,1.513836245733003,2.001997103521184
2020-07-25,2.1487393577702343,1.6214596638776504,2.1443254247011976
2020-07-26,2.1997309944828825,1.6612292493757947,2.1969193530074733
2020-07-27,2.218551385902891,1.6763521327250315,2.2169188534471007
2020-07-28,2.2205229993430144,1.6786097068345354,2.2199044186566472
2020-07-29,2.2203667826924463,1.678532080864066,2.2198017609428584
2020-07-30,2.2203667826924463,1.678532080864066,2.2198017609428584
2020-07-31,2.220578170615492,1.67862363990981,2.2199228446762524
2020-08-01,2.3948798334231083,1.8076216033345898,2.390518277216906
2020-08-02,2.420214863473348,1.8275512576092665,2.4168745692164824
2020-08-03,2.425788672578293,1.832255088868639,2.423095226558556
2020-08-04,2.476631028118243,1.8714344430808254,2.474908594002832
2020-08-05,2.4620616842465366,1.860834363449989,2.4608903481206608
2020-08-06,2.5037587126302925,1.8926107548615743,2.5029135482822777
2020-08-07,2.4631212577265944,1.860780866923016,2.4608196007777097
2020-08-08,2.6741068684989733,2.014853272060189,2.664575132253843
2020-08-09,2.668936175616298,2.010255426613328,2.658494637555028
2020-08-10,2.6612471902474057,2.0031947121681313,2.649157082117366
2020-08-11,2.609786612713747,1.9644283438271453,2.597889874484145
2020-08-12,2.7154419323988876,2.0457948117354294,2.7054942693024633
2020-08-13,2.7606056509555623,2.0799042491139654,2.7506028436459857
2020-08-14,2.730427395556189,2.056818839727208,2.720073172516655
2020-08-15,2.775658608377138,2.090408744383739,2.7644946824517453
2020-08-16,2.7743214206956983,2.0883018634499657,2.7617084038573685
2020-08-17,2.7586450972958314,2.07599915048093,2.7454384831186585
2020-08-18,2.760162508436263,2.076974435488942,2.7467282644715967
2020-08-19,2.760162508436263,2.076974435488942,2.7467282644715967
2020-08-20,2.760162508436263,2.076974435488942,2.7467282644715967
2020-08-21,2.760162508436263,2.076974435488942,2.7467282644715967
2020-08-22,2.760162508436263,2.076974435488942,2.7467282644715967
2020-08-23,2.760162508436263,2.076974435488942,2.7467282644715967
2020-08-24,2.760162508436263,2.076974435488942,2.7467282644715967
2020-08-25,2.760162508436263,2.076974435488942,2.7467282644715967
2020-08-26,2.760162508436263,2.076974435488942,2.7467282644715967
2020-08-27,2.760162508436263,2.076974435488942,2.7467282644715967
2020-08-28,2.760162508436263,2.076974435488942,2.7467282644715967
2020-08-29,2.760162508436263,2.076974435488942,2.7467282644715967
2020-08-30,2.760162508436263,2.076974435488942,2.7467282644715967
2020-08-31,2.760162508436263,2.076974435488942,2.7467282644715967
2020-09-01,2.820374342406642,2.1228478478036172,2.8073942967729595
2020-09-02,2.8201735533016197,2.122716408874604,2.8072204732461965
2020-09-03,2.8201735533016197,2.122716408874604,2.8072204732461965
2020-09-04,2.8201735533016197,2.122716408874604,2.8072204732461965
2020-09-05,2.8201735533016197,2.122716408874604,2.8072204732461965
2020-09-06,2.8201735533016197,2.122716408874604,2.8072204732461965
2020-09-07,2.8201735533016197,2.122716408874604,2.8072204732461965
2020-09-08,2.8201735533016197,2.122716408874604,2.8072204732461965
2020-09-09,2.8201735533016197,2.122716408874604,2.8072204732461965
2020-09-10,2.815478021407137,2.11964337817057,2.8031564943410485
2020-09-11,2.822203264287305,2.1238896628703934,2.8087720618726983
2020-09-12,2.927708946031664,2.203259442287911,2.913735903866088
2020-09-13,2.9994658721899095,2.2574899135959097,2.9854538633133023
2020-09-14,3.004357957561186,2.261425043488907,2.990657939163624
2020-09-15,2.9606161954369865,2.227567367987089,2.9458823113652683
2020-09-16,2.9606161954369865,2.227567367987089,2.9458823113652683
2020-09-17,2.9606161954369865,2.227567367987089,2.9458823113652683
2020-09-18,2.952576941712055,2.2207774699049203,2.936902901384816
2020-09-19,2.9830388017482607,2.24370380175591,2.9672221978671267
2020-09-20,3.0266494342938968,2.27649526782959,3.010587799850011
2020-09-21,3.2550749345268386,2.446890395780165,3.2359295787727342
2020-09-22,3.0502553210194168,2.293219133420051,3.0327045450172325
2020-09-23,3.2673677780179053,2.456499593086038,3.248637416379177
2020-09-24,3.0424227329140114,2.2872967065830245,3.024872336344093
2020-09-25,2.9841757211441853,2.2442461766396193,2.9679394702598767
2020-09-26,2.9486070288868693,2.21728990291036,2.9322907122916257
2020-09-27,2.9264415222038145,2.200324451508527,2.9098544780806046
2020-09-28,2.9139092498624026,2.190954189078591,2.8974626237457377
2020-09-29,2.9099534544179346,2.1880154571045116,2.8935762503571265
2020-09-30,2.902199964243807,2.181086016639646,2.8844123003071886
2020-10-01,2.910660598427263,2.1868494963445864,2.8920343067877554
2020-10-02,2.920860079589242,2.194494802594542,2.902144965064756
2020-10-03,2.920769845656359,2.1944248861771634,2.9020525029735125
2020-10-04,2.9145957299004315,2.1896426834953533,2.895728202082699
2020-10-05,2.913223914786291,2.1886025176136417,2.8943526179742873
2020-10-06,2.7721493656579854,2.0817430470097937,2.753034591512895
2020-10-07,2.7672100672080044,2.078924698977159,2.7493074218048417
2020-10-08,2.7559446310426927,2.0707056171160207,2.7384379647377495
2020-10-09,2.764964735755412,2.077103676144473,2.7468991808562184
2020-10-10,2.7574151665924873,2.0720740085397558,2.7402476159959503
2020-10-11,2.7739161816999025,2.084958840586083,2.7572873694757685
2020-10-12,2.845997404724557,2.1359217178607484,2.8246840466121284
2020-10-13,2.8584944004484387,2.1451148670988758,2.836841674756418
2020-10-14,2.842679862782537,2.13310318423239,2.820956631460024
2020-10-15,2.8580607811486725,2.144631187582284,2.836202024996427
2020-10-16,2.7028847708441455,2.028621699530223,2.682783410720386
2020-10-17,2.693291501434211,2.021058575143487,2.6727814351708545
2020-10-18,2.750376842182888,2.0631483272163362,2.728443705099507
2020-10-19,2.7514911598642255,2.063959286440149,2.729516171174833
2020-10-20,2.5926262898848065,1.945137073713816,2.5723778238914954
2020-10-21,2.6762075862388706,2.0039879230217834,2.652390679169292
2020-10-22,2.704046955946583,2.027509773015907,2.6835231700214104
2020-10-23,2.703460699220812,2.0230071251408206,2.678599679221439
2020-10-24,2.780214800511435,2.0800928832845003,2.75418512405329
2020-10-25,2.7263054591688562,2.0389322692298264,2.699685658266321
2020-10-26,2.695353434378488,2.015423864112996,2.6685589234059255
2020-10-27,2.7438179001960954,2.0512372621495967,2.7159783097741226
2020-10-28,2.788337042010508,2.085318108036627,2.7611036786994747
2020-10-29,2.8903521569738904,2.1610498609223368,2.861388400774479
2020-10-30,2.8093202308712564,2.1018711325248787,2.7830314271242744
2020-10-31,2.822936654911929,2.1129261856625474,2.7974187901073972
2020-11-01,2.786155149238001,2.0895159522663067,2.765511889516067
2020-11-02,2.761733018875908,2.0756094211449523,2.7457938631926395
2020-11-03,2.7403142408906347,2.072930521527487,2.738343848229302
2020-11-04,2.870071841402681,2.1864986866618534,2.8814179112650713
2020-11-05,2.700676573633779,2.0207289563432558,2.6690539797399433
2020-11-06,2.6818332934454157,2.011647509543195,2.656182122818717
2020-11-07,2.622127776304762,1.9910923313742255,2.612504204854907
2020-11-08,2.6617179386061434,2.0210858124471156,2.651914706117411
2020-11-09,2.6514896444654843,2.0143854722272705,2.642310692666042
2020-11-10,2.723698178774599,2.067555712557792,2.71358143469203
2020-11-11,2.6686105080445444,2.0234621915139104,2.657394310782081
2020-11-12,2.699517762581244,2.050430867362837,2.6896321723441043
2020-11-13,2.805330200805472,2.2099267192373246,2.8480328152372194
2020-11-14,2.7246001577232595,2.178146823940246,2.7886335131583873
2020-11-15,2.670352135787266,2.1411066936536574,2.735380453410934
2020-11-16,2.9353257790380893,2.3521744571591574,3.006447111675413
2020-11-17,3.133480096526589,2.512001042888047,3.2110072135886134
2020-11-18,3.136781728528148,2.5405646790006506,3.247519157667443
2020-11-19,3.209815602025145,2.6186713787623987,3.347181822123952
2020-11-20,3.255201136305883,2.680786751965621,3.4265222766282166
2020-11-21,3.562487072204615,2.919133388516414,3.7314467039520864
2020-11-22,3.5224836671905195,2.8911504250878934,3.6956768631277748
2020-11-23,3.5312364416408872,2.8992454074562244,3.7060244530651465
2020-11-24,3.622346650834474,2.9440648359666257,3.7633158771042345
2020-11-25,3.5779803939521266,2.907097952631199,3.7160621423074622
2020-11-26,3.5777480694074355,2.906900609896018,3.715809884599186
2020-11-27,3.5777480694074355,2.906900609896018,3.715809884599186
2020-11-28,3.5777480694074355,2.906900609896018,3.715809884599186
2020-11-29,3.5777480694074355,2.906900609896018,3.715809884599186
2020-11-30,3.5864299122656744,2.9124432920928838,3.7228949404914284
2020-12-01,3.5217742729379284,2.859665474431257,3.655430529810507
2020-12-02,3.5755262677917035,2.903676338411856,3.711688388387484
2020-12-03,3.556199019902158,2.8873678930089066,3.6908417579851833
2020-12-04,3.4443857730629484,2.7913719166633024,3.568132781774433
2020-12-05,3.4760874614619364,2.817101166961224,3.601021764030955
2020-12-06,3.489589692149041,2.8280587776157815,3.6150285717777297
2020-12-07,3.47731435125038,2.818097177159713,3.6022949360575836
2020-12-08,3.4235713605875624,2.774482764853865,3.546543850586914
2020-12-09,3.402897125989976,2.7565751402098972,3.5236530340123053
2020-12-10,3.402897125989976,2.7565751402098972,3.5236530340123053
2020-12-11,3.402897125989976,2.7565751402098972,3.5236530340123053
2020-12-12,3.402897125989976,2.7565751402098972,3.5236530340123053
2020-12-13,3.402897125989976,2.7565751402098972,3.5236530340123053
2020-12-14,3.402897125989976,2.7565751402098972,3.5236530340123053
2020-12-15,3.402897125989976,2.7565751402098972,3.5236530340123053
2020-12-16,3.4993590080429073,2.8334320869445913,3.621897123061881
2020-12-17,3.751221390967605,3.0301745980665817,3.873387581682724
2020-12-18,3.751815025713665,3.0308834151793738,3.8742936428067676
2020-12-19,3.798002709556191,3.0703862192691784,3.9247889742971456
2020-12-20,3.7615927172707497,3.0422706660513295,3.8888496476472416
2020-12-21,3.7871713868442587,3.0629375379194808,3.9152675329061974
2020-12-22,3.84889770398583,3.1128601066997392,3.979082158664903
2020-12-23,3.816196464011062,3.0864122367536546,3.945274584977074
2020-12-24,3.8442820534411988,3.1091271164738004,3.974310381489779
2020-12-25,3.92624958529751,3.1786703888330856,4.063205604794042
2020-12-26,4.044208824538485,3.274207952084684,4.185328604346307
2020-12-27,4.0403988703268165,3.2748442030997142,4.186141906253736
2020-12-28,4.0437889168912085,3.2763223303729974,4.1880313550756405
2020-12-29,4.017178121885243,3.255333469150648,4.16120187981564
2020-12-30,3.978391475098604,3.227495612812847,4.125617525333788
2020-12-31,3.944704497499956,3.2022502682238128,4.093347106233563
2021-01-01,3.9182637294866196,3.1815550493236127,4.066877369809166
2021-01-02,4.080026607720787,3.3154251984695833,4.237793216322479
2021-01-03,4.067762673902229,3.304453684262779,4.223769371507689
2021-01-04,4.067762673902229,3.304453684262779,4.223769371507689
2021-01-05,4.243217741998226,3.439622095376875,4.396542316572117
2021-01-06,4.528947918944017,3.6597278545494163,4.6778826084675496
2021-01-07,4.314276556988444,3.4776980965620607,4.44521125339559
2021-01-08,4.314276556988444,3.4776980965620607,4.44521125339559
2021-01-09,4.314276556988444,3.4776980965620607,4.44521125339559
2021-01-10,4.314276556988444,3.4776980965620607,4.44521125339559
2021-01-11,4.314276556988444,3.4776980965620607,4.44521125339559
2021-01-12,4.314276556988444,3.4776980965620607,4.44521125339559
2021-01-13,4.346356211198482,3.5026272688220943,4.4770758471559535
2021-01-14,4.447984561611003,3.5842715618488334,4.581433994430659
2021-01-15,4.421039243282785,3.5640764892400436,4.555620550729931
2021-01-16,4.6552884242233,3.7637013657961824,4.81078207513088
2021-01-17,4.563156937455548,3.6838743095126714,4.70874672903005
2021-01-18,4.458824574067146,3.6020762955717958,4.604192094907312
2021-01-19,4.460682203775766,3.6029318787580675,4.605285705652762
2021-01-20,4.460682203775766,3.6029318787580675,4.605285705652762
2021-01-21,4.460682203775766,3.6029318787580675,4.605285705652762
2021-01-22,4.460682203775766,3.6029318787580675,4.605285705652762
2021-01-23,4.475377251748277,3.615764675177471,4.621688650782605
2021-01-24,4.436036531858736,3.579900687846814,4.575847121228481
2021-01-25,4.363924919221168,3.5230361103440657,4.50316253136006
2021-01-26,4.346866805621967,3.5081611216622566,4.484149245776738
2021-01-27,4.353521643354475,3.5152050717189267,4.4931528582787035
2021-01-28,4.26520898881969,3.4458462878156637,4.404498110750905
2021-01-29,4.178986994479078,3.371907015645865,4.310704374576777
2021-01-30,4.178986994479078,3.371907015645865,4.310704374576777
2021-01-31,4.178986994479078,3.371907015645865,4.310704374576777
2021-02-01,4.295886405839929,3.466774134097328,4.431984143151262
2021-02-02,4.342397043790339,3.5047825585671655,4.480574771799282
2021-02-03,4.369775387047051,3.5266370422917213,4.508513922599831
2021-02-04,4.484565362005189,3.619207608562074,4.626857739059498
2021-02-05,4.823696603183955,3.8936327668638757,4.977687618085362
2021-02-06,5.255425775470137,4.241080054416976,5.421870252849715
2021-02-07,5.356923348834857,4.320737994760377,5.523706344507865
2021-02-08,5.392369235245439,4.349161218255315,5.560043086087831
2021-02-09,5.391602115772028,4.348512267699202,5.559213456448539
2021-02-10,5.445386483066864,4.393935082350813,5.617282770019687
2021-02-11,5.445386483066864,4.393935082350813,5.617282770019687
2021-02-12,5.445386483066864,4.393935082350813,5.617282770019687
2021-02-13,5.445386483066864,4.393935082350813,5.617282770019687
2021-02-14,5.445386483066864,4.393935082350813,5.617282770019687
2021-02-15,5.445623353621651,4.389826277653012,5.612030002875483
2021-02-16,5.444870176597686,4.389201431534966,5.61123118876762
2021-02-17,5.400632161279108,4.354092803131809,5.56634770967385
2021-02-18,5.400632161279108,4.354092803131809,5.56634770967385
2021-02-19,5.400632161279108,4.354092803131809,5.56634770967385
2021-02-20,5.400632161279108,4.354092803131809,5.56634770967385
2021-02-21,5.400632161279108,4.354092803131809,5.56634770967385
2021-02-22,5.400632161279108,4.354092803131809,5.56634770967385
2021-02-23,5.400632161279108,4.354092803131809,5.56634770967385
2021-02-24,5.400632161279108,4.354092803131809,5.56634770967385
2021-02-25,5.385709549144052,4.3412732696028975,5.549958995807573
2021-02-26,5.430118435422264,4.376268209038755,5.594697132954959
2021-02-27,5.539475147590968,4.4668098824355775,5.710447177597998
2021-02-28,5.539113410870078,4.466466495218499,5.710008185427702
2021-03-01,5.539113410870078,4.466466495218499,5.710008185427702
2021-03-02,5.539113410870078,4.466466495218499,5.710008185427702
2021-03-03,5.539113410870078,4.466466495218499,5.710008185427702
2021-03-04,5.539113410870078,4.466466495218499,5.710008185427702
2021-03-05,5.539113410870078,4.466466495218499,5.710008185427702
2021-03-06,5.539113410870078,4.466466495218499,5.710008185427702
2021-03-07,5.539113410870078,4.466466495218499,5.710008185427702
2021-03-08,5.539113410870078,4.466466495218499,5.710008185427702
2021-03-09,5.381398318206236,4.339272323914205,5.547400952156453
2021-03-10,5.381398318206236,4.339272323914205,5.547400952156453
2021-03-11,5.381398318206236,4.339272323914205,5.547400952156453
2021-03-12,5.381398318206236,4.339272323914205,5.547400952156453
2021-03-13,5.381398318206236,4.339272323914205,5.547400952156453
2021-03-14,5.381398318206236,4.339272323914205,5.547400952156453
2021-03-15,5.381398318206236,4.339272323914205,5.547400952156453
2021-03-16,5.381398318206236,4.339272323914205,5.547400952156453
2021-03-17,5.381398318206236,4.339272323914205,5.547400952156453
2021-03-18,5.381398318206236,4.339272323914205,5.547400952156453
2021-03-19,5.381398318206236,4.339272323914205,5.547400952156453
2021-03-20,5.381398318206236,4.339272323914205,5.547400952156453
2021-03-21,5.381398318206236,4.339272323914205,5.547400952156453
2021-03-22,5.381398318206236,4.339272323914205,5.547400952156453
2021-03-23,5.351973051420045,4.312760284835691,5.513507501861291
2021-03-24,5.351973051420045,4.312760284835691,5.513507501861291
2021-03-25,5.351973051420045,4.312760284835691,5.513507501861291
2021-03-26,5.351973051420045,4.312760284835691,5.513507501861291
2021-03-27,5.351973051420045,4.312760284835691,5.513507501861291
2021-03-28,5.351973051420045,4.312760284835691,5.513507501861291
2021-03-29,5.351973051420045,4.312760284835691,5.513507501861291
2021-03-30,5.351973051420045,4.312760284835691,5.513507501861291
2021-03-31,5.341175338547273,4.303963451815678,5.5022614780516665
2021-04-01,5.445593818305296,4.390050547960558,5.61231671392396
2021-04-02,5.4619256675961045,4.40840961220421,5.635787259873486
2021-04-03,5.4619256675961045,4.40840961220421,5.635787259873486
2021-04-04,5.4619256675961045,4.40840961220421,5.635787259873486
2021-04-05,5.49937500708242,4.448123455109579,5.686428621742059
2021-04-06,5.512559419291562,4.459766351985791,5.700935648091211
2021-04-07,5.489198355388581,4.431080691288297,5.665136141351686
2021-04-08,5.590932486324699,4.485566235319474,5.740954176412033
2021-04-09,5.669904494131114,4.546338114193811,5.818734450635803
2021-04-10,5.773867036377462,4.629782394155621,5.925532514116037
2021-04-11,5.773867036377462,4.629782394155621,5.925532514116037
2021-04-12,5.773867036377462,4.629782394155621,5.925532514116037
2021-04-13,5.773867036377462,4.629782394155621,5.925532514116037
2021-04-14,5.773867036377462,4.629782394155621,5.925532514116037
2021-04-15,5.773867036377462,4.629782394155621,5.925532514116037
2021-04-16,5.773867036377462,4.629782394155621,5.925532514116037
2021-04-17,5.773867036377462,4.629782394155621,5.925532514116037
2021-04-18,5.773867036377462,4.629782394155621,5.925532514116037
2021-04-19,5.773867036377462,4.629782394155621,5.925532514116037
2021-04-20,5.773867036377462,4.629782394155621,5.925532514116037
2021-04-21,5.773867036377462,4.629782394155621,5.925532514116037
2021-04-22,5.645582862232209,4.528848601277723,5.796350098928225
2021-04-23,5.644448660418176,4.528017190744293,5.795285999208413
2021-04-24,5.644448660418176,4.528017190744293,5.795285999208413
2021-04-25,5.644448660418176,4.528017190744293,5.795285999208413
2021-04-26,5.644448660418176,4.528017190744293,5.795285999208413
2021-04-27,5.648895453505743,4.5327337734124304,5.801322625031441
2021-04-28,5.709935280744863,4.5817379071278195,5.864041682415905
2021-04-29,5.690507223994124,4.559112339216483,5.835083833667289
2021-04-30,5.6885426500446306,4.558794147872871,5.834676589224297
2021-05-01,5.783654338197271,4.6373565666553045,5.935226491412045
2021-05-02,5.787044210455432,4.640076214676176,5.9387072949148125
2021-05-03,6.039575704342634,4.833520751071249,6.186291693597154
2021-05-04,6.039130219805196,4.833224710740558,6.1859127996328915
2021-05-05,6.039130219805196,4.833224710740558,6.1859127996328915
2021-05-06,6.0322843860454265,4.827595538595628,6.178708175369244
2021-05-07,5.94759806304301,4.7589954775165255,6.090908823739305
2021-05-08,6.037078484910885,4.830498924582362,6.182424140095176
2021-05-09,5.942505369787664,4.7528966831100865,6.083103142721147
2021-05-10,5.772890861839483,4.616368802101864,5.908364822618062
2021-05-11,5.772505521691624,4.61606508466025,5.907976102928416
2021-05-12,5.610270979941814,4.489264186824639,5.7456870839256
2021-05-13,5.6472615678921745,4.544283838329846,5.809208918953168
2021-05-14,5.727500270357148,4.609628744403655,5.892510295198541
2021-05-15,5.911338715926161,4.7644634059857776,6.089411060772485
2021-05-16,5.924486444887658,4.779190149269971,6.108233157995703
2021-05-17,5.8784596236003175,4.7393643508115435,6.05780254845041
2021-05-18,5.8791567162188665,4.739763925316735,6.058313280117503
2021-05-19,6.010375934389114,4.838786781242417,6.184883187931979
2021-05-20,6.009964679304885,4.838471232126788,6.18448159598151
2021-05-21,5.970623003621483,4.806026990374388,6.143187119838036
2021-05-22,5.940393652718746,4.781586364727049,6.11194648449033
2021-05-23,5.976576664143221,4.784326288725614,6.115448725707666
2021-05-24,5.905293304556717,4.737030777041032,6.05454530213818
2021-05-25,5.905293304556717,4.737030777041032,6.05454530213818
2021-05-26,5.905293304556717,4.737030777041032,6.05454530213818
2021-05-27,5.905293304556717,4.737030777041032,6.05454530213818
2021-05-28,5.905293304556717,4.737030777041032,6.05454530213818
2021-05-29,5.905293304556717,4.737030777041032,6.05454530213818
2021-05-30,5.905293304556717,4.737030777041032,6.05454530213818
2021-05-31,5.905293304556717,4.737030777041032,6.05454530213818
2021-06-01,5.905293304556717,4.737030777041032,6.05454530213818
2021-06-02,5.905293304556717,4.737030777041032,6.05454530213818
2021-06-03,5.905293304556717,4.737030777041032,6.05454530213818
2021-06-04,5.905293304556717,4.737030777041032,6.05454530213818
2021-06-05,5.905293304556717,4.737030777041032,6.05454530213818
2021-06-06,5.905293304556717,4.737030777041032,6.05454530213818
2021-06-07,5.905293304556717,4.737030777041032,6.05454530213818
2021-06-08,5.837423097952141,4.677256752641224,5.978607962234946
2021-06-09,5.732486299599796,4.593739503271344,5.871868748708606
2021-06-10,5.732486299599796,4.593739503271344,5.871868748708606
2021-06-11,5.732486299599796,4.593739503271344,5.871868748708606
2021-06-12,5.732486299599796,4.593739503271344,5.871868748708606
2021-06-13,5.732486299599796,4.593739503271344,5.871868748708606
2021-06-14,5.721105991304534,4.580425458592936,5.85690315752459
2021-06-15,5.702758201513287,4.565761156533641,5.838139727661536
2021-06-16,5.614283949806884,4.495059368022613,5.747663348281727
2021-06-17,5.598663651352282,4.475182358217281,5.72780877937689
2021-06-18,5.561200144579606,4.485805432835881,5.710741113899446
2021-06-19,5.6990505686867765,4.595859175597189,5.851754147107396
2021-06-20,5.551554411982245,4.492842871272766,5.709075913524435
2021-06-21,6.381867740772422,4.490979009883217,6.241858315176092
2021-06-22,6.390933371773335,4.509211508642847,6.266714849715987
2021-06-23,6.157654459861986,4.288268340836495,5.972123451902598
2021-06-24,6.140057454925853,4.275078908035082,5.954127036521993
2021-06-25,6.188276368226851,4.305932328136286,5.996302550456837
2021-06-26,6.118591093536166,4.27253979143125,5.947860821053551
2021-06-27,5.991360642054385,4.203811816681986,5.856697537018577
2021-06-28,5.974672839588341,4.197842018781504,5.845935647536112
2021-06-29,5.974672839588341,4.197842018781504,5.845935647536112
2021-06-30,5.8173757705941656,4.097320944685349,5.701365980930838
2021-07-01,5.8173757705941656,4.097320944685349,5.701365980930838
2021-07-02,5.8173757705941656,4.097320944685349,5.701365980930838
2021-07-03,5.8173757705941656,4.097320944685349,5.701365980930838
2021-07-04,5.8173757705941656,4.097320944685349,5.701365980930838
2021-07-05,5.8173757705941656,4.097320944685349,5.701365980930838
2021-07-06,5.8173757705941656,4.097320944685349,5.701365980930838
2021-07-07,5.8173757705941656,4.097320944685349,5.701365980930838
2021-07-08,5.8173757705941656,4.097320944685349,5.701365980930838
2021-07-09,5.8173757705941656,4.097320944685349,5.701365980930838
2021-07-10,5.8173757705941656,4.097320944685349,5.701365980930838
2021-07-11,5.8173757705941656,4.097320944685349,5.701365980930838
2021-07-12,5.8173757705941656,4.097320944685349,5.701365980930838
2021-07-13,5.829286366596851,4.09227643217687,5.700154782633465
2021-07-14,5.783326895952931,4.057468294483017,5.652052825095145
2021-07-15,6.090787378749367,4.267779887179688,5.95006574266059
2021-07-16,6.51952169744129,4.565779726727931,6.365471430494716
2021-07-17,6.361647624123985,4.460181629552612,6.218249770468244
2021-07-18,6.326326575669814,4.440362757659016,6.19000199136496
2021-07-19,6.830780531857727,4.797387938263788,6.687059400019752
2021-07-20,7.124747409206316,5.004165222128179,6.975285409166795
2021-07-21,6.353627144724497,4.470205548456928,6.2310012068041525
2021-07-22,6.347382618436056,4.466584827666284,6.2260063818650515
2021-07-23,6.347382618436056,4.466584827666284,6.2260063818650515
2021-07-24,6.347382618436056,4.466584827666284,6.2260063818650515
2021-07-25,6.347382618436056,4.466584827666284,6.2260063818650515
2021-07-26,6.422113840423877,4.524710216076524,6.307599425742457
2021-07-27,6.495781590494745,4.561978152352982,6.359552192268979
2021-07-28,6.559261067281228,4.595604108363979,6.406584435545708
2021-07-29,6.61022867125082,4.631243388209513,6.456268013627836
2021-07-30,6.791106090637817,4.756924675252025,6.631476268825552
2021-07-31,7.0809049035215175,4.963183041382507,6.919014448136444
2021-08-01,6.924992420033701,4.854847355652099,6.767987139941769
2021-08-02,6.917795677486661,4.8453197846082885,6.754705058431148
2021-08-03,6.7554593030282275,4.725793916294541,6.588077875251842
2021-08-04,7.040913111417053,4.926558102008338,6.867956793687857
2021-08-05,7.166063667323379,5.013960632221944,6.989801860514805
2021-08-06,7.319593676467155,5.12141780756911,7.139604465533352
2021-08-07,8.000886578741516,5.5974079732020785,7.803167103809128
2021-08-08,7.353157580389207,5.145302318681766,7.172901097170195
2021-08-09,7.8812884678851605,5.5215303857714435,7.6973885904347625
2021-08-10,8.492046919793932,5.942283584521813,8.283947143077324
2021-08-11,9.169240880628836,6.414350195430128,8.94204007942964
2021-08-12,8.697768169278804,6.083555261968166,8.480889461991179
2021-08-13,9.568751959379531,6.693226986517753,9.330813278140388
2021-08-14,9.606529210844883,6.717041054204557,9.364011706854393
2021-08-15,9.722512461232945,6.798752144227885,9.477922519276678
2021-08-16,9.958534644603697,6.966100972276265,9.711218158283154
2021-08-17,9.20780379320177,6.436291090152408,8.972627177733841
2021-08-18,9.139440437667647,6.388924141868371,8.90659443285847
2021-08-19,9.362023417416294,6.546116318516767,9.12573100958672
2021-08-20,9.700827417671896,6.785921236136204,9.460035361432844
2021-08-21,9.862085538597363,6.898489580789846,9.616963283809932
2021-08-22,9.862591161629485,6.899381252590405,9.618206334896225
2021-08-23,10.201616441578325,7.138008794366677,9.950869344804762
2021-08-24,9.851482724842551,6.8981508434794545,9.616491060979305
2021-08-25,9.94451908530925,6.963255676241381,9.707251622249638
2021-08-26,9.570868481652028,6.701597329518351,9.342482105115762
2021-08-27,9.791035721607741,6.857857634521691,9.560319589442585
2021-08-28,9.672896213144893,6.77105783881276,9.439314775475841
2021-08-29,9.670371334302915,6.7708186347824135,9.43898130880169
2021-08-30,9.461264298593235,6.622404210531894,9.232081515435384
2021-08-31,9.666412218954033,6.767108354848274,9.433808926429956
2021-09-01,10.384473934091131,7.271417678159915,10.136850395025723
2021-09-02,10.20752047519159,7.1497223616044,9.96719885356583
2021-09-03,10.249004006605968,7.182758353889173,10.013253271873802
2021-09-04,10.161364482194092,7.119328895703774,9.924828296618408
2021-09-05,10.292282717661726,7.211028409467211,10.052663650528622
2021-09-06,10.434135819057907,7.312286931808356,10.193824912008145
2021-09-07,10.116257364532887,7.087373655834427,9.88028052062341
2021-09-08,10.116257364532887,7.087373655834427,9.88028052062341
2021-09-09,10.045499651267443,7.033992181540274,9.805863117754225
2021-09-10,10.045499651267443,7.033992181540274,9.805863117754225
2021-09-11,10.045499651267443,7.033992181540274,9.805863117754225
2021-09-12,10.042915444097565,7.0322600484541065,9.803448406519648
2021-09-13,9.885421127070902,6.919081165344117,9.645669352043383
2021-09-14,9.983815242967044,6.983074513925453,9.734880428831628
2021-09-15,9.949571182726215,6.9594475206405315,9.701942794547067
2021-09-16,9.912055260164957,6.934114236991491,9.666626475538687
2021-09-17,9.843061319256595,6.888556116592965,9.603115359660208
2021-09-18,9.843061319256595,6.888556116592965,9.603115359660208
2021-09-19,9.843061319256595,6.888556116592965,9.603115359660208
2021-09-20,9.843061319256595,6.888556116592965,9.603115359660208
2021-09-21,9.843061319256595,6.888556116592965,9.603115359660208
2021-09-22,9.843061319256595,6.888556116592965,9.603115359660208
2021-09-23,9.843061319256595,6.888556116592965,9.603115359660208
2021-09-24,9.843061319256595,6.888556116592965,9.603115359660208
2021-09-25,9.843061319256595,6.888556116592965,9.603115359660208
2021-09-26,9.706328656040952,6.792865116731921,9.46971560287615
2021-09-27,9.79784593940265,6.8569124588225545,9.559001950285653
2021-09-28,9.822397908792867,6.875563554507686,9.5850028451636
2021-09-29,9.696844508818794,6.785090322218032,9.45887701096359
2021-09-30,9.856098458275921,6.896550681565088,9.614260326526729
2021-10-01,9.906740745498103,6.931496597911514,9.662977308771442
2021-10-02,9.837260179356841,6.881617586303169,9.593442576906954
2021-10-03,9.726862112852157,6.801902079912874,9.482313743685173
2021-10-04,9.589290058655854,6.703790946882254,9.345540156795096
2021-10-05,9.777396037504836,6.83520618371648,9.528741927670747
2021-10-06,9.981981469604532,6.981515607911976,9.732707207908565
2021-10-07,10.240640724393298,7.182302059547572,10.012617166552719
2021-10-08,10.193872383807095,7.168817173679744,9.993818319245854
2021-10-09,10.391634827731446,7.314963148464263,10.197555739897057
2021-10-10,9.90204052670174,6.960466114206758,9.70364124086554
2021-10-11,10.160180287694066,7.136544331289053,9.949519451339755
2021-10-12,10.001438616132724,7.030774585487304,9.802058986671462
2021-10-13,10.317847574332127,7.243336544133431,10.0987695923657
2021-10-14,10.512498329625686,7.381889003361757,10.291941530971227
2021-10-15,10.854816392901421,7.620127368401861,10.624097070333889
2021-10-16,10.724956278651897,7.533913195349274,10.503895963571896
2021-10-17,10.8055842213994,7.590789247970797,10.583193418170113
2021-10-18,10.947988732889183,7.690816527733319,10.72265296766336
2021-10-19,11.019886592268728,7.740043028712051,10.791285301421924
2021-10-20,11.319391960632851,7.946251463815248,11.078784227009761
2021-10-21,11.089577306479542,7.801624312237425,10.87714286026041
2021-10-22,10.930200049890999,7.6998728005498815,10.735279360484238
2021-10-23,10.901670821110683,7.676826107420536,10.703346563212436
2021-10-24,10.676410565265995,7.521467969016364,10.486209761616594
2021-10-25,11.115629910211984,7.778765368598893,10.858336866863713
2021-10-26,11.277340288676918,7.922565223232265,11.059066312865301
2021-10-27,11.586362677417506,8.14944257440547,11.375115548022192
2021-10-28,11.407083326001441,8.024541845083373,11.200731375488683
2021-10-29,11.394131634964578,8.008024982324244,11.178442568683213
2021-10-30,11.292713541565139,7.936718222584958,11.078905946844703
2021-10-31,11.232543480979457,7.894404696430716,11.019841680368991
2021-11-01,11.600468788062095,8.159186597218326,11.388985063318852
2021-11-02,11.808566819843412,8.285046737957005,11.564666700925805
2021-11-03,12.072860828846713,8.46800187791505,11.820044284391045
2021-11-04,11.914848739286736,8.35951672383828,11.668615488805782
2021-11-05,11.869143947932066,8.327292734013422,11.623635694015828
2021-11-06,12.38801873918571,8.680331973099184,12.116424843130762
2021-11-07,12.41650796875368,8.698530134279405,12.141826711735172
2021-11-08,12.592148877099328,8.805671000873815,12.291379086199898
2021-11-09,12.293916848275195,8.595731118743613,11.998334901796644
2021-11-10,11.768893927372648,8.249768935151229,11.515424247105877
2021-11-11,11.886043423252671,8.325885571471028,11.621671508862557
2021-11-12,11.834129957329033,8.290077927790435,11.571689477667197
2021-11-13,11.875180520568707,8.309450361464569,11.598730452294506
2021-11-14,11.862687538079808,8.300256686413093,11.585897478493667
2021-11-15,11.7617504409983,8.235074612325066,11.494913204590953
2021-11-16,11.528206199847006,8.088302406265173,11.290041500456086
2021-11-17,11.522007760794379,8.084277523231542,11.28437699034916
2021-11-18,11.714312527613773,8.219057525313524,11.472517202722338
2021-11-19,11.547788705698531,8.10231867943404,11.309565408610112
2021-11-20,11.413612446265944,8.00765844985672,11.177512881392826
2021-11-21,11.450843594030745,8.01833900127446,11.195417120822958
2021-11-22,11.449357715768636,8.005762956144572,11.17785811378459
2021-11-23,11.400987499569512,7.974244323165483,11.133850964271089
2021-11-24,11.662499911031023,8.147682712572097,11.376010233648717
2021-11-25,11.529881191892558,8.054419839568498,11.245794142137035
2021-11-26,12.152467401541198,8.49761851994348,11.864599869034782
2021-11-27,12.055461667418756,8.428957646570534,11.768733740505176
2021-11-28,11.862231352440297,8.294443704593958,11.5809218147741
2021-11-29,11.63446711881193,8.131900661455639,11.353974916204187
2021-11-30,11.658025690998356,8.144916722762831,11.37214828547444
2021-12-01,11.600768297409068,8.11024446038358,11.32373795513088
2021-12-02,11.588370566657092,8.104249219247643,11.315367240791408
2021-12-03,11.537087947200988,8.080862422700255,11.282713976514826
2021-12-04,12.011491843539323,8.407126927182853,11.738385476556827
2021-12-05,12.011491843539323,8.407126927182853,11.738385476556827
2021-12-06,11.780383851827814,8.23981634929805,11.504779385614246
2021-12-07,11.745546333801043,8.221078773774575,11.47861719176423
2021-12-08,11.745546333801043,8.221078773774575,11.47861719176423
2021-12-09,11.745546333801043,8.221078773774575,11.47861719176423
2021-12-10,11.745546333801043,8.221078773774575,11.47861719176423
2021-12-11,11.70526171408894,8.208152448777664,11.45909491439642
2021-12-12,11.693281204172704,8.205528480090257,11.453442779990022
2021-12-13,11.75826460430265,8.220727634895235,11.486666523048422
2021-12-14,11.658114751472905,8.153056386635772,11.391850914571133
2021-12-15,11.47213634466119,8.025674270923032,11.213342665964433
2021-12-16,11.49125523656229,8.028983808668965,11.222237183174647
2021-12-17,11.501133622442593,8.024550900093955,11.219559455287266
2021-12-18,11.360417323044254,7.915641070900177,11.067303978224661
2021-12-19,11.438924915692825,7.972174104270953,11.146345998892526
2021-12-20,11.492004161343823,8.015579825013727,11.206876748720271
2021-12-21,11.170128624747578,7.791738909517149,10.89322396711142
2021-12-22,10.91859092924924,7.634892547153385,10.664604052441542
2021-12-23,11.029311321214704,7.745842838997694,10.797558715640482
2021-12-24,10.187708525186546,7.16351681954693,9.980502753459305
2021-12-25,10.623308348695868,7.16351681954693,10.407242999039857
2021-12-26,10.638943491390531,7.203409670636956,10.438550017570456
2021-12-27,10.365049304391842,6.986868201257394,10.152918197975932
2021-12-28,9.69775593512528,6.986868201257394,9.499281655278109
2021-12-29,9.697587709350413,6.986868201257394,9.49911687241207
2021-12-30,9.620036740846151,6.986868201257394,9.423153062084225
2021-12-31,9.642851462372589,6.986868201257394,9.445500857503719
2022-01-01,9.538655173001434,6.986868201257394,9.343437049464743
2022-01-02,9.48714288434695,6.986868201257394,9.2929790113464
2022-01-03,9.554472940100576,6.986868201257394,9.358931090131215
2022-01-04,9.544771678128232,6.986868201257394,9.349428374193277
2022-01-05,10.16529076258351,6.986868201257394,9.95724791462594
2022-01-06,10.340092575470294,6.986868201257394,10.12847223348619
2022-01-07,11.260907453181776,7.602780897531406,11.027023484637892
2022-01-08,11.338887845757695,7.6391813319649975,11.08311883079512
2022-01-09,10.994792170180117,7.396489787285269,10.731015756914719
2022-01-10,11.325222085140341,7.618338669021236,11.052879764576163
2022-01-11,10.449780831841137,7.023675826714045,10.190127768106185
2022-01-12,9.961052307045676,6.644949911520363,9.683909880968036
2022-01-13,10.020140894128064,6.644949911520363,9.741354469618056
2022-01-14,9.995687595624116,6.644949911520363,9.71758152558511
2022-01-15,9.99395647802363,6.644949911520363,9.71589857218624
2022-01-16,9.993996082155977,6.644949911520363,9.715937074428448
2022-01-17,10.035099015434833,6.644949911520363,9.75589641702063
2022-01-18,10.027363254441168,6.644949911520363,9.748375885051294
2022-01-19,10.059883678742228,6.644949911520363,9.779991506424906
2022-01-20,10.163916104418025,6.644949911520363,9.881129478989344
2022-01-21,12.518824958928251,6.644949911520363,12.170518634072929
2022-01-22,14.250954335814317,7.5692070821025945,13.863336377927507
2022-01-23,13.129818393160338,6.977428412129641,12.779467661676364
2022-01-24,13.111450341259117,6.966320282766039,12.759122633164555
2022-01-25,13.094223967398023,6.95932484375265,12.746310178292868
2022-01-26,13.082721764988495,6.9548267146272105,12.738071656548
2022-01-27,13.082721764988495,6.9548267146272105,12.738071656548
2022-01-28,13.082721764988495,6.9548267146272105,12.738071656548
2022-01-29,13.082721764988495,6.9548267146272105,12.738071656548
2022-01-30,13.082721764988495,6.9548267146272105,12.738071656548
2022-01-31,13.082721764988495,6.9548267146272105,12.738071656548
2022-02-01,13.082721764988495,6.9548267146272105,12.738071656548
2022-02-02,13.082721764988495,6.9548267146272105,12.738071656548
2022-02-03,13.082721764988495,6.9548267146272105,12.738071656548
2022-02-04,13.082721764988495,6.9548267146272105,12.738071656548
2022-02-05,13.082721764988495,6.9548267146272105,12.738071656548
2022-02-06,13.082721764988495,6.9548267146272105,12.738071656548
2022-02-07,13.096512144262137,6.963492970265505,12.753944285708174
2022-02-08,13.117799877626567,6.974816133063769,12.774683157433
2022-02-09,13.145369212618546,6.9892197805879315,12.801064072703335
2022-02-10,12.8102517804594,6.8111761625990885,12.474969339219454
2022-02-11,12.519286355554286,6.659350077833904,12.196893173352578
2022-02-12,12.478395864541978,6.640321521338591,12.16204153346223
2022-02-13,12.495469926408155,6.642945315160942,12.166847127489586
2022-02-14,12.183833530454923,6.458312323006464,11.828683664799678
2022-02-15,11.977397005521043,6.344331574958717,11.61992290113528
2022-02-16,11.951893746167448,6.332284108299902,11.597857434966713
2022-02-17,11.862216686279309,6.292558231096629,11.525097739981035
2022-02-18,11.959183122766747,6.335320620160735,11.603418940271784
2022-02-19,11.758427073732298,6.22330616299059,11.39825952501249
2022-02-20,12.560559505235847,6.645797165819699,12.172070417664253
2022-02-21,13.792033850764637,7.299823917399201,13.369949238914735
2022-02-22,12.88935987164533,6.821483882536685,12.493848382590095
2022-02-23,12.41863120116074,6.560114463614039,12.015138772174527
2022-02-24,11.561947781609668,6.125177251567398,11.21853209878363
2022-02-25,11.538630641389464,6.1052881555331,11.188320188952824
2022-02-26,11.714112966487276,6.208557829524508,11.369839465120462
2022-02-27,11.4041892264422,6.044874698980835,11.06954040913757
2022-02-28,11.575666184989064,6.583659461543039,11.545124059839452
2022-03-01,11.604534819927835,6.5658031939643,11.551377050204435
2022-03-02,11.540254882553226,6.6243721822335555,11.555257860849828
2022-03-03,11.414832527405883,6.57898188046215,11.447075675996931
2022-03-04,11.239675929523065,6.397421411492291,11.218829022492791
2022-03-05,11.238196613007554,6.395281663332864,11.21649902715516
2022-03-06,11.238196613007554,6.395281663332864,11.21649902715516
2022-03-07,11.238801742634818,6.397003458449307,11.218008930413939
2022-03-08,11.232240253843933,6.378329818923913,11.201635556824268
2022-03-09,11.223046170285851,6.221871557195648,11.092865294853198
2022-03-10,11.141504731770285,6.2651938950680295,11.071457529521004
2022-03-11,11.012052952047929,6.0831721115454895,10.870437282914516
2022-03-12,10.856649033193952,6.061715825804389,10.760180758042962
2022-03-13,10.779053106803621,6.131067742992984,10.758279329944651
2022-03-14,10.593853529588047,6.02685463449923,10.574178539148658
2022-03-15,10.516510265252736,5.996464330074104,10.505933737211848
2022-03-16,10.186024013477098,5.475449947476976,9.957276935100554
2022-03-17,10.256816207047779,5.475449947476976,10.0264793515973
2022-03-18,10.239297792196185,5.475449947476976,10.009354346991922
2022-03-19,9.989184436724713,5.475449947476976,9.764857775778111
2022-03-20,9.783352512950456,5.475449947476976,9.563648210162219
2022-03-21,9.8313102565022,5.475449947476976,9.610528968846413
2022-03-22,9.721442179168925,5.475449947476976,9.503128193932962
2022-03-23,9.800460768480379,5.475449947476976,9.580372266375173
2022-03-24,10.147471305480492,5.475449947476976,9.919590003515436
2022-03-25,9.879097624470727,5.475449947476976,9.657243178064123
2022-03-26,10.109822665737898,5.475449947476976,9.882786837564636
2022-03-27,10.865648517124168,5.475449947476976,10.621639142154107
2022-03-28,10.88782063171739,5.490453745939315,10.645356916204708
2022-03-29,11.351605971728183,5.74893209666699,11.116980259496785
2022-03-30,11.479427979510346,5.822190940421324,11.254576930685145
2022-03-31,10.762927754185014,5.450001245224959,10.534332938216513
2022-04-01,11.371697400355373,5.810005625324567,11.175171226667969
2022-04-02,11.153854686584866,5.7207895153020125,10.993254408783205
2022-04-03,11.492607633252296,5.90128364617279,11.332458372045584
2022-04-04,11.2894456794701,5.785436660520564,11.11042992995388
2022-04-05,10.994704028135015,5.630712849615425,10.811504991031166
2022-04-06,10.197444028106407,5.2161193851312495,10.022850542780047
2022-04-07,10.097487247971578,5.2161193851312495,9.924605152536413
2022-04-08,10.270691228093686,5.2161193851312495,10.094843655576366
2022-04-09,10.04573884367038,5.2161193851312495,9.873742748123238
2022-04-10,10.248154471965048,5.2161193851312495,10.072692757981454
2022-04-11,11.106233460727191,5.2161193851312495,10.916080320056636
2022-04-12,10.205976806753503,4.7674505980472235,9.990293515067071
2022-04-13,10.046024596522539,4.7674505980472235,9.833721580910447
2022-04-14,10.061873747207525,4.7674505980472235,9.849235790897946
2022-04-15,10.036916595261452,4.7674505980472235,9.824806059382547
2022-04-16,10.028338584755002,4.7674505980472235,9.816409328294734
2022-04-17,10.099855981144374,4.7674505980472235,9.886415344856562
2022-04-18,9.770098155112272,4.7674505980472235,9.563626303363623
2022-04-19,9.585813737132323,4.7674505980472235,9.383236374919466
2022-04-20,9.585813737132323,4.7674505980472235,9.383236374919466
2022-04-21,9.585813737132323,4.7674505980472235,9.383236374919466
2022-04-22,9.585813737132323,4.7674505980472235,9.383236374919466
2022-04-23,9.585813737132323,4.7674505980472235,9.383236374919466
2022-04-24,9.600479872603694,4.7674505980472235,9.397592570398354
2022-04-25,9.127217422858482,4.7674505980472235,8.934331593802197
2022-04-26,9.90683331583305,4.7674505980472235,9.697471834790514
2022-04-27,9.504206957328737,4.7674505980472235,9.303354194262562
2022-04-28,9.696779616018715,4.7674505980472235,9.491857207714116
2022-04-29,10.894596978740116,4.7674505980472235,10.664361051061267
2022-04-30,12.878572508527114,5.613853237709256,12.557688136112649
2022-05-01,12.567207795361393,5.47737215540497,12.252392148582398
2022-05-02,12.559317445438221,5.473931991457278,12.244696809184848
2022-05-03,12.651300108656486,5.514036320659777,12.334406610582947
2022-05-04,12.420477627305516,5.413398363901489,12.10928849257852
2022-05-05,12.733457437307324,5.5494844123533245,12.413700824674219
2022-05-06,12.90598113083324,5.62538789796244,12.583490140561668
2022-05-07,13.293226540042912,5.793514555142696,12.959574451789278
2022-05-08,14.022907347841135,6.111497749734899,13.67087444862409
2022-05-09,18.1224186084682,7.898496855734307,17.66823179347153
2022-05-10,15.712783745040035,6.8502024920155,15.323290959251025
2022-05-11,16.053320340730174,6.989730740702462,15.63540318573734
2022-05-12,15.950473465541698,6.9538537907753994,15.555149654093036
2022-05-13,15.984663380034505,6.961497399087557,15.57224772298695
2022-05-14,15.954751849799317,6.945557494714744,15.5365915810186
2022-05-15,15.908369125017215,6.921186235013155,15.482075250459586
2022-05-16,15.906467617132268,6.920245111052515,15.479970040242161
2022-05-17,15.905930819063453,6.920004546198765,15.47943191815703
2022-05-18,15.907368959693137,6.920776749183742,15.481159267243745
2022-05-19,15.82043773407968,6.876186653130905,15.381415206171832
2022-05-20,15.913505548612743,6.921423121292875,15.482605143903267
2022-05-21,15.828178358404424,6.877600907800487,15.384578767514398
2022-05-22,15.783303133501818,6.855816701001255,15.335849443163736
2022-05-23,15.818932057145421,6.872610903519698,15.373416573758583
2022-05-24,15.815032794963695,6.870749005458883,15.369251674143484
2022-05-25,15.833765026276884,6.879795317039393,15.389487464927443
2022-05-26,16.224641632007025,7.0593824539670464,15.79120784544011
2022-05-27,16.739371788988603,7.280746468093561,16.286379367788832
2022-05-28,15.989757487348305,6.9548180927933485,15.557306711553865
2022-05-29,15.718942257082414,6.834094674522973,15.287259210635678
2022-05-30,15.325984767547258,6.650666336201845,14.876946405789003
2022-05-31,15.321495303958244,6.649520574976252,14.87438344029272
2022-06-01,14.727549073377665,6.388757697156538,14.291080179862027
2022-06-02,14.655017423457453,6.355252077919591,14.216131103110493
2022-06-03,14.79595043896497,6.416613163898706,14.353390370282456
2022-06-04,14.696201639213001,6.372898056770328,14.25560358126071
2022-06-05,14.693771746655298,6.372914601344081,14.255640589994059
2022-06-06,14.621421742920544,6.341060630352841,14.184386102805506
2022-06-07,14.539044158588167,6.307670140315838,14.109694559788299
2022-06-08,14.59391798349287,6.332019042695905,14.164160879016535
2022-06-09,14.507283844057177,6.293937710819433,14.078976341896773
2022-06-10,14.932606298560643,6.4741524065641265,14.482100515415377
2022-06-11,16.434373853806267,7.125443112831373,15.938979637283902
2022-06-12,18.736212426561718,8.123179782717274,18.1708274273596
2022-06-13,22.92608725628684,9.940553258931462,22.23612952465014
2022-06-14,21.708477799410907,9.412049525008005,21.053913889798597
2022-06-15,20.90642336523074,9.071228493483256,20.291527692139027
2022-06-16,20.89072106926962,9.065444244656806,20.2785888442945
2022-06-17,20.89072106926962,9.065444244656806,20.2785888442945
2022-06-18,20.819572578334927,9.033614610618608,20.207388796695575
2022-06-19,19.609904515745402,8.540029466567312,19.10328292766797
2022-06-20,19.624245932003898,8.54367116655688,19.111429085185428
2022-06-21,19.581089089047534,8.532564090601994,19.086583548610182
2022-06-22,19.581089089047534,8.532564090601994,19.086583548610182
2022-06-23,19.581089089047534,8.532564090601994,19.086583548610182
2022-06-24,19.581089089047534,8.532564090601994,19.086583548610182
2022-06-25,19.581089089047534,8.532564090601994,19.086583548610182
2022-06-26,19.003632718960535,8.295378953472731,18.5560215876057
2022-06-27,19.00240879948286,8.295116944781217,18.55542518532249
2022-06-28,19.00240879948286,8.295116944781217,18.55542518532249
2022-06-29,19.00240879948286,8.295116944781217,18.55542518532249
2022-06-30,18.955800822311335,8.285152706614873,18.532715940910997
2022-07-01,18.98838722711541,8.291585101121923,18.548492844449274
2022-07-02,18.96719131133237,8.287152870801563,18.53818396256411
2022-07-03,18.966250732922735,8.286963500327284,18.537727885946474
2022-07-04,18.92692035868166,8.279057686419796,18.518659372717618
2022-07-05,18.956580488434625,8.28456296145939,18.532953227745665
2022-07-06,18.930089735728526,8.27933138713358,18.520127271650058
2022-07-07,18.80718124315943,8.225140949172516,18.399020153363725
2022-07-08,18.730071395696783,8.17157249845577,18.283771512581044
2022-07-09,18.797291386983773,8.206557656356134,18.3609997213625
2022-07-10,18.08740504256904,7.890754244157068,17.655183466403596
2022-07-11,17.379164964724232,7.590042732953409,16.97938674618528
2022-07-12,17.68235472080577,7.732349159515672,17.289223879596417
2022-07-13,16.829897580126545,7.35552516875591,16.448997252504622
2022-07-14,16.54138241054341,7.231629611446837,16.171877600632993
2022-07-15,16.344609809526286,7.139283456497833,15.970335010767268
2022-07-16,16.657821955958255,7.318320932814291,16.336532844852545
2022-07-17,16.359643628528268,7.189303474315284,16.046643252947593
2022-07-18,18.78117505057668,8.235165941024164,18.379736615936515
2022-07-19,19.364092127267057,8.5012959418497,18.97081491981028
2022-07-20,17.93847239483831,7.875226027127608,17.573829908201795
2022-07-21,18.060167339029192,7.895698588281003,17.642318524187758
2022-07-22,17.589376235859397,7.708828244872458,17.216153809881575
2022-07-23,17.391665695199947,7.614448797320253,17.00982511729121
2022-07-24,17.520419809503284,7.652518047543721,17.109964899097537
2022-07-25,16.737812744030315,7.388223862874279,16.46025799064597
2022-07-26,16.73321503804323,7.387120304031801,16.456990117200302
2022-07-27,16.73321503804323,7.387120304031801,16.456990117200302
2022-07-28,17.04259442408692,7.505574515370644,16.73506108300823
2022-07-29,17.237112320600545,7.585838305729673,16.918913993257306
2022-07-30,16.560794853343115,7.302682456317063,16.27192027467988
2022-07-31,16.065761673743026,7.08675769257904,15.789704845683444
2022-08-01,15.745177522140246,6.936164122521381,15.468300928654426
2022-08-02,15.39173233951269,6.84441721570003,15.19877356505552
2022-08-03,15.504574105384524,6.8952889700808395,15.312291081728317
2022-08-04,15.845508069250858,7.069965063265392,15.677683057917791
2022-08-05,16.051989192238423,7.147497686471147,15.863089407646823
2022-08-06,15.964054745200315,7.112223321656023,15.781519623519602
2022-08-07,16.345114972069204,7.276899107814344,16.151634929535494
2022-08-08,16.578645609873416,7.375233873782874,16.37562712065224
2022-08-09,15.93127026802872,7.093636659070336,15.743593138919087
2022-08-10,16.589778872567006,7.388011409439407,16.396936622620483
2022-08-11,16.397809274260688,7.293571259311178,16.19645303679102
2022-08-12,16.889511898032147,7.502109365267064,16.669967060950157
2022-08-13,17.012303757898948,7.564553443321892,16.8009602486666
2022-08-14,16.472024881186186,7.327609954472452,16.27233852837905
2022-08-15,15.773080893882854,7.009129497158198,15.571917747421926
2022-08-16,15.688996432182975,6.984474651408209,15.50535857584921
2022-08-17,14.938971370458969,6.67397471752466,14.795879057890431
2022-08-18,14.905078808078013,6.67397471752466,14.762311134000957
2022-08-19,14.980694565189875,6.67397471752466,14.837202608745349
2022-08-20,14.918947965539633,6.67397471752466,14.776047446317797
2022-08-21,14.844246030439619,6.67397471752466,14.702061040579325
2022-08-22,14.798042400044736,6.67397471752466,14.656299969726081
2022-08-23,14.633801355761793,6.67397471752466,14.493632101417731
2022-08-24,14.574924351960291,6.67397471752466,14.435319048535082
2022-08-25,14.528212234808082,6.67397471752466,14.389054361443653
2022-08-26,15.146268164302734,6.67397471752466,15.001190268062903
2022-08-27,15.339630044217012,6.67397471752466,15.192700039296241
2022-08-28,15.85091666727527,6.862656968431265,15.67026262466345
2022-08-29,14.625168938693555,6.316055046132302,14.423732053807049
2022-08-30,14.773031065058344,6.316055046132302,14.569557630286331
2022-08-31,14.673727209533803,6.316055046132302,14.471621516864321
2022-09-01,14.499447725353981,6.316055046132302,14.299742436846666
2022-09-02,14.520966542719497,6.316055046132302,14.320964869017951
2022-09-03,14.577411492046492,6.316055046132302,14.376632384948609
2022-09-04,14.465726989110403,6.316055046132302,14.266486146524597
2022-09-05,14.494952958876082,6.316055046132302,14.295309578149892
2022-09-06,14.400778983757826,6.316055046132302,14.202432689736392
2022-09-07,13.80789883741505,6.316055046132302,13.617718461359486
2022-09-08,13.758436295986261,6.316055046132302,13.568937182506586
2022-09-09,13.267460271556839,6.316055046132302,13.084723519683351
2022-09-10,13.385731544544434,6.316055046132302,13.201365806578407
2022-09-11,13.256380674403486,6.316055046132302,13.073796525179974
2022-09-12,13.412129542473176,6.316055046132302,13.227400216880072
2022-09-13,11.778093003176359,6.316055046132302,11.615869758138388
2022-09-14,11.821255884075267,6.316055046132302,11.6584381435954
2022-09-15,11.743689713258043,6.316055046132302,11.581940315160237
2022-09-16,11.7174588881731,6.316055046132302,11.556070775180121
2022-09-17,11.763959948892106,6.316055046132302,11.601931362694721
2022-09-18,11.635363691980103,6.316055046132302,11.475106301008497
2022-09-19,11.15337659599101,6.316055046132302,10.99975775938951
2022-09-20,11.38936978212935,6.316055046132302,11.232500539842324
2022-09-21,11.441090834860569,6.316055046132302,11.283509222836898
2022-09-22,11.254750590089527,6.316055046132302,11.09973549873943
2022-09-23,10.984542484922372,6.316055046132302,10.833249051708608
2022-09-24,11.044433568018166,6.316055046132302,10.892315236763094
2022-09-25,11.079697378299528,6.316055046132302,10.927093347896497
2022-09-26,10.96371341040997,6.316055046132302,10.812706862353048
2022-09-27,10.790463493380571,6.316055046132302,10.641843168945377
2022-09-28,10.74679626809122,6.316055046132302,10.598777385586084
2022-09-29,10.728426230786408,6.316055046132302,10.580660364373287
2022-09-30,10.756867809007707,6.316055046132302,10.608710208116703
2022-10-01,10.796368405237892,6.316055046132302,10.647666750661825
2022-10-02,10.887361661099781,6.316055046132302,10.737406728829397
2022-10-03,10.811504855010954,6.316055046132302,10.662594721524092
2022-10-04,10.84157006021704,6.316055046132302,10.692245829545689
2022-10-05,10.819906765128767,6.316055046132302,10.670880909587115
2022-10-06,10.708122822476817,6.316055046132302,10.560636601060592
2022-10-07,10.608373570657218,6.316055046132302,10.4622612259217
2022-10-08,10.51518186287011,6.316055046132302,10.370353075773659
2022-10-09,10.489741483498136,6.316055046132302,10.345263094458112
2022-10-10,10.785946561328892,6.316055046132302,10.63738844996799
2022-10-11,10.903316204724037,6.316055046132302,10.753141525688267
2022-10-12,11.009879721715826,6.316055046132302,10.85823731105963
2022-10-13,10.749274994396703,6.316055046132302,10.601221971642822
2022-10-14,10.584139906340662,6.316055046132302,10.438361339209338
2022-10-15,10.632204748758864,6.316055046132302,10.485764169983787
2022-10-16,10.530430570014397,6.316055046132302,10.385391757852348
2022-10-17,10.44209216493826,6.316055046132302,10.298270064405934
2022-10-18,10.54796991531119,6.316055046132302,10.402689528429946
2022-10-19,10.705898569802063,6.316055046132302,10.558442983692125
2022-10-20,10.869182517010541,6.316055046132302,10.719477971602046
2022-10-21,10.5970158046363,6.316055046132302,10.451059893854882
2022-10-22,10.419687503773968,6.316055046132302,10.276173989431022
2022-10-23,10.108716039387456,6.316055046132302,9.96948562928332
2022-10-24,10.256578642452057,6.316055046132302,10.115311675896681
2022-10-25,10.155144744655159,6.316055046132302,10.015274857920177
2022-10-26,10.451972255029427,6.316055046132302,10.308014073021479
2022-10-27,10.032382713254622,6.316055046132302,9.894203665189014
2022-10-28,10.466444378298647,6.316055046132302,10.322286867350206
2022-10-29,10.779595335631678,6.316055046132302,10.63112470162744
2022-10-30,10.89763205699095,6.316055046132302,10.747535667444845
2022-10-31,10.939755487849991,6.316055046132302,10.789078919522462
2022-11-01,10.778371065894895,6.316055046132302,10.629917294128836
2022-11-02,10.301665710616355,6.316055046132302,10.159777746204629
2022-11-03,10.332854379501766,6.316055046132302,10.190536844099759
2022-11-04,11.585471808750754,6.316055046132302,11.425901593809783
2022-11-05,11.624000160783094,6.371790177935485,11.492200941877392
2022-11-06,10.534250571742572,5.770903236453927,10.411511188369412
2022-11-07,10.519081269922006,5.770903236453927,10.396518631039495
2022-11-08,9.801475917641548,5.770903236453927,9.687274427741048
2022-11-09,10.809689265796147,5.770903236453927,10.683740619909722
2022-11-10,10.272830884527291,5.770903236453927,10.153137421791001
2022-11-11,10.272830884527291,5.770903236453927,10.153137421791001
2022-11-12,10.272830884527291,5.770903236453927,10.153137421791001
2022-11-13,10.272830884527291,5.770903236453927,10.153137421791001
2022-11-14,10.058688183504668,5.770903236453927,9.94148979556258
2022-11-15,10.058688183504668,5.770903236453927,9.94148979556258
2022-11-16,10.058688183504668,5.770903236453927,9.94148979556258
2022-11-17,10.058688183504668,5.770903236453927,9.94148979556258
2022-11-18,10.058688183504668,5.770903236453927,9.94148979556258
2022-11-19,10.058688183504668,5.770903236453927,9.94148979556258
2022-11-20,10.073584689155444,5.770903236453927,9.95621273519596
2022-11-21,10.252459748417827,5.770903236453927,10.133003639128528
2022-11-22,9.614558899343079,5.770903236453927,9.502535265324367
2022-11-23,9.26990878259435,5.770903236453927,9.161900825108212
2022-11-24,9.290836410139026,5.770903236453927,9.182584615269032
2022-11-25,9.321572366789924,5.770903236453927,9.212962453196534
2022-11-26,9.34046380490485,5.770903236453927,9.231633778504245
2022-11-27,9.356839458249707,5.770903236453927,9.247818631603732
2022-11-28,9.45899816509816,5.770903236453927,9.348787040518848
2022-11-29,9.385550330148114,5.770903236453927,9.276194979969691
2022-11-30,9.167866717211707,5.770903236453927,9.061047698615708
2022-12-01,8.991143282128037,5.770903236453927,8.886383349302026
2022-12-02,8.698981715819357,5.770903236453927,8.597625891358705
2022-12-03,8.464650851273817,5.770903236453927,8.366025323156862
2022-12-04,8.647510512817401,5.770903236453927,8.546754402942511
2022-12-05,8.323750300707736,5.770903236453927,8.226766469508435
2022-12-06,8.292648754549013,5.770903236453927,8.19602730172409
2022-12-07,7.984439523954957,5.770903236453927,7.891409158189848
2022-12-08,8.13098990206612,5.770903236453927,8.036252010652179
2022-12-09,8.134575826741623,5.770903236453927,8.039796154075137
2022-12-10,8.155651263965996,5.770903236453927,8.060626031717305
2022-12-11,8.248601864885769,5.770903236453927,8.152493622567842
2022-12-12,8.397023170656952,5.770903236453927,8.299185603654205
2022-12-13,8.457955507108935,5.770903236453927,8.359407989516663
2022-12-14,8.474040559121459,5.770903236453927,8.375305627213182
2022-12-15,8.174086808633627,5.770903236453927,8.078846775401303
2022-12-16,8.495755027721863,5.770903236453927,8.396767090583822
2022-12-17,8.320020412124897,5.770903236453927,8.22308003956763
2022-12-18,8.451195429594248,5.770903236453927,8.352726676764602
2022-12-19,8.926767626087143,5.770903236453927,8.82275776354595
2022-12-20,8.365709187025283,5.770903236453927,8.268236473603313
2022-12-21,8.485580279623308,5.770903236453927,8.386710893140492
2022-12-22,8.491385227149678,5.770903236453927,8.39244820456166
2022-12-23,8.483735000279816,5.770903236453927,8.384887113992695
2022-12-24,8.6229214777228,5.770903236453927,8.522451865969886
2022-12-25,8.661936690676521,5.770903236453927,8.56101249478898
2022-12-26,8.435200176337037,5.770903236453927,8.336917791536926
2022-12-27,8.625401936589748,5.770903236453927,8.524903423873283
2022-12-28,9.204684548439628,5.770903236453927,9.09743654841099
2022-12-29,9.20611261023979,5.794935205232547,9.112525474413872
2022-12-30,9.378440604852393,5.811147879210992,9.228695968400244
2022-12-31,9.270335434992084,5.7556414407188745,9.129152843932284
2023-01-01,9.224275722331422,5.726363061122122,9.083389277965473
2023-01-02,8.848372893422598,5.726363061122122,8.713227779279883
2023-01-03,8.917560164885561,5.726363061122122,8.78135832293405
2023-01-04,8.503006213539102,5.726363061122122,8.373136037504912
2023-01-05,8.5706515968174,5.726363061122122,8.439748242914863
2023-01-06,8.633972852217882,5.726363061122122,8.502102364765275
2023-01-07,8.540405965036191,5.726363061122122,8.409964566049956
2023-01-08,9.126269694493942,5.726363061122122,8.986880139553689
2023-01-09,9.639472061042603,5.726363061122122,9.492244139292891
2023-01-10,9.864052752391698,5.864275640624511,9.720367334235622
2023-01-11,10.378419337677212,6.1727486847396715,10.231678787731678
2023-01-12,10.908522216750718,6.488608682135222,10.755234532554836
2023-01-13,11.70772562746795,6.964995272906086,11.544872151789228
2023-01-14,13.185604131904823,7.842049761087039,12.998639389161275
2023-01-15,12.775020385057466,7.5980105371016355,12.594130623463606
2023-01-16,12.80105639931203,7.6137844030268855,12.620276695113485
2023-01-17,12.784842913949257,7.6031079340771734,12.602579846195805
2023-01-18,11.553888424235028,6.870426323124521,11.388118788437469
2023-01-19,11.910053561090216,7.079444587718187,11.734578340464685
2023-01-20,12.80689318078437,7.61201086215774,12.617336951181437
2023-01-21,12.294829552994381,7.307534066098667,12.112649504032357
2023-01-22,12.301602603044755,7.309137361682611,12.115307056810627
2023-01-23,12.640987737547487,7.510792502854866,12.449561816844845
2023-01-24,11.402008299641153,6.776349819430882,11.23218168222645
2023-01-25,11.91427817920925,7.0902337895704095,11.752462050520927
2023-01-26,12.035863279451462,7.168594428516164,11.882349225301992
2023-01-27,12.410848667234895,7.397981233162777,12.262570780261877
2023-01-28,12.047955643678076,7.185377408003172,11.910167959545406
2023-01-29,13.13521192149142,7.849547200733305,13.01106681786587
2023-01-30,11.461714651622584,6.843905395746204,11.344158856817614
2023-01-31,12.170143316324868,7.277424274850687,12.059943454878548
2023-02-01,12.403739816700417,7.4610170304877945,12.36418822172008
2023-02-02,12.287887836320891,7.395077549014933,12.25252493535742
2023-02-03,12.644197892541118,7.616121112853767,12.617005698401256
2023-02-04,12.562578729492362,7.575984040615285,12.549246687406338
2023-02-05,11.967390181624829,7.214843661035721,11.951653862793679
2023-02-06,11.713804253044573,7.056097874195523,11.69145241430861
2023-02-07,12.52202849409119,7.5381133570355034,12.491110939732536
2023-02-08,12.405230735131749,7.469285109149255,12.37698949301808
2023-02-09,11.17680498885849,6.734373540554217,11.158784777855333
2023-02-10,11.172989800446691,6.730839475536184,11.153461225258186
2023-02-11,11.190842342121506,6.750211109494525,11.182643154335201
2023-02-12,11.173976104206186,6.733708335714436,11.157789435992044
2023-02-13,11.110116603554324,6.6797802678541425,11.076553902778072
2023-02-14,11.110116603554324,6.6797802678541425,11.076553902778072
2023-02-15,11.136380088258328,6.691245251436326,11.097150161530767
2023-02-16,10.746693299225322,6.46194612324544,10.711759075755378
2023-02-17,11.536165193374647,6.9353129737528,11.497128696013656
2023-02-18,11.419765900528228,6.865215801338676,11.380914477636814
2023-02-19,11.213345801182728,6.740252201963724,11.17467776463588
2023-02-20,11.30327120992295,6.794741060135529,11.262614647500191
2023-02-21,10.74240957557985,6.452538518861888,10.697011022861977
2023-02-22,10.543948580286214,6.306898429668766,10.471867205107603
2023-02-23,10.523539404053894,6.294646099838601,10.451557845233706
2023-02-24,10.299242180168175,6.165524444900583,10.233418184169697
2023-02-25,10.237129193990933,6.112993624983566,10.161359566034536
2023-02-26,10.23641307185979,6.112993624983566,10.160915302417642
2023-02-27,10.23641307185979,6.112993624983566,10.160915302417642
2023-02-28,10.23641307185979,6.112993624983566,10.160915302417642
2023-03-01,10.23641307185979,6.112993624983566,10.160915302417642
2023-03-02,10.23349005025679,6.112993624983566,10.159101887972152
2023-03-03,10.187735323758982,6.059330752774576,10.097269953840145
2023-03-04,10.291591131107008,6.120254827720694,10.199000257020352
2023-03-05,10.2849505504374,6.116378362588444,10.192516201049555
2023-03-06,10.28162813233441,6.114437718991313,10.189270829552438
2023-03-07,10.314666609061435,6.133732513854821,10.221539366377893
2023-03-08,10.453030193045393,6.214454189072205,10.356592676068443
2023-03-09,10.7006728333846,6.364622024026174,10.606090484611704
2023-03-10,10.712435264303789,6.371491298213978,10.617530011175477
2023-03-11,10.693514148884551,6.360323213363482,10.598966529557096
2023-03-12,10.316747460310657,6.10656403305072,10.185913577117615
2023-03-13,10.273683458826145,6.0924870830142845,10.153772436359823
2023-03-14,9.975924172441427,5.894452380237137,9.83372344032374
2023-03-15,9.52144672634084,5.894452380237137,9.385724293822202
2023-03-16,9.900220157257607,5.894452380237137,9.759098539836192
2023-03-17,10.62466615816353,5.894452380237137,10.473218003578456
2023-03-18,10.166800333357292,5.621875614327763,9.996941579618111
2023-03-19,10.433354001671276,5.778944999302612,10.269004094545876
2023-03-20,10.03503729586508,5.550467572815506,9.868553146316362
2023-03-21,10.637725915549872,5.550467572815506,10.461242988783628
2023-03-22,9.83548857419319,5.104499599081377,9.63909195969698
2023-03-23,10.156987030453942,5.104499599081377,9.954170683180955
2023-03-24,9.763838539746441,4.897738494940512,9.563618073893288
2023-03-25,9.731893247563535,4.897738494940512,9.532327862317937
2023-03-26,9.897105197005182,4.897738494940512,9.694151921500332
2023-03-27,9.5518495735656,4.897738494940512,9.35597622277295
2023-03-28,9.806670505054413,4.897738494940512,9.605571712914681
2023-03-29,10.19911578350442,4.897738494940512,9.989969380155914
2023-03-30,10.029454243745292,4.814276924746627,9.821497413630928
2023-03-31,10.215480943361774,4.919372175090221,10.015754272157531
2023-04-01,10.08357168937601,4.841583610249029,9.869177552119424
2023-04-02,10.048718759693163,4.8248461448973785,9.83506314005569
2023-04-03,10.002572890877698,4.8026821122426835,9.789892494836222
2023-04-04,10.05557929237943,4.827704384785314,9.841444318926655
2023-04-05,10.128491110798498,4.862725164471223,9.912818031708989
2023-04-06,10.04301982928439,4.821684083923543,9.829159700081767
2023-04-07,10.010722080563065,4.806182405047468,9.797553202559815
2023-04-08,9.986586857163726,4.7945867473364885,9.773925606798622
2023-04-09,10.053692787351903,4.7945867473364885,9.83960253714683
2023-04-10,10.312206513347864,4.917702213747924,10.09214610195143
2023-04-11,10.085926883924877,4.811363384781277,9.872948015293101
2023-04-12,10.103121825125234,4.82531933289093,9.897073292867784
2023-04-13,10.54415982000655,5.038363955255243,10.331602402405851
2023-04-14,10.735592290990919,5.1305601974682125,10.520687599757311
2023-04-15,10.702014935732086,5.114653939072291,10.488070347639873
2023-04-16,11.298724802877038,5.398683399902109,11.070498993149696
2023-04-17,10.731566974095355,5.128748957318293,10.51697348452388
2023-04-18,11.253857317220701,5.37612153415563,11.024233803375
2023-04-19,9.301687418629701,4.448963390203309,9.123010386698844
2023-04-20,9.275528449937543,4.448963390203309,9.097353908218832
2023-04-21,9.497576002439164,4.448963390203309,9.315136127362868
2023-04-22,9.395401247318107,4.448963390203309,9.214924057200106
2023-04-23,9.494677077858029,4.448963390203309,9.312292888510209
2023-04-24,9.539882321628305,4.448963390203309,9.356629780290026
2023-04-25,9.414000228529964,4.448963390203309,9.233165768745685
2023-04-26,9.187731984264342,4.448963390203309,9.01124393352243
2023-04-27,9.187731984264342,4.448963390203309,9.01124393352243
2023-04-28,9.187731984264342,4.448963390203309,9.01124393352243
2023-04-29,9.187731984264342,4.448963390203309,9.01124393352243
2023-04-30,9.187731984264342,4.448963390203309,9.01124393352243
2023-05-01,9.187731984264342,4.448963390203309,9.01124393352243
2023-05-02,9.187731984264342,4.448963390203309,9.01124393352243
2023-05-03,9.187731984264342,4.448963390203309,9.01124393352243
2023-05-04,9.187731984264342,4.448963390203309,9.01124393352243
2023-05-05,9.187731984264342,4.448963390203309,9.01124393352243
2023-05-06,9.19154974400566,4.448963390203309,9.01498835753997
2023-05-07,9.184500815625892,4.448963390203309,9.008074832721352
2023-05-08,9.609794668906332,4.448963390203309,9.425199174387116
2023-05-09,9.565545311096853,4.429385194701607,9.38284854473803
2023-05-10,9.481084486216039,4.398302219512361,9.307134223435344
2023-05-11,9.712056969526598,4.398302219512361,9.533869034966331
2023-05-12,9.47614807291607,4.290652478284826,9.301491136175652
2023-05-13,9.582827281653527,4.290652478284826,9.406204117320568
2023-05-14,9.3701968145417,4.19533025053915,9.197395489767992
2023-05-15,9.327218310656475,4.19533025053915,9.155209577816017
2023-05-16,9.386751771619492,4.19533025053915,9.213645147120364
2023-05-17,9.09278076304562,4.19533025053915,8.925095431261262
2023-05-18,9.140523409933133,4.19533025053915,8.971957627845152
2023-05-19,9.181231043668259,4.19533025053915,9.01191454810253
2023-05-20,9.205488129370833,4.19533025053915,9.035724294584007
2023-05-21,9.318871707922192,4.19533025053915,9.147016899704491
2023-05-22,9.26049663320599,4.19533025053915,9.089718354163118
2023-05-23,9.001997862830661,4.19533025053915,8.835986712041052
2023-05-24,8.939207513531858,4.19533025053915,8.774354316599206
2023-05-25,8.90774107802956,4.19533025053915,8.743468172188795
2023-05-26,8.913690847091708,4.19533025053915,8.749308218051272
2023-05-27,8.667599775077514,4.19533025053915,8.507755456608425
2023-05-28,8.622033327985445,4.19533025053915,8.463029327236312
2023-05-29,8.492215691699808,4.19533025053915,8.335605734530883
2023-05-30,8.6672640613933,4.19533025053915,8.50742593401822
2023-05-31,8.524251021365126,4.19533025053915,8.367050281791595
2023-06-01,8.341826601127503,4.19533025053915,8.18799005785764
2023-06-02,8.56370551504178,4.19533025053915,8.405777171885255
2023-06-03,8.500047304605985,4.19533025053915,8.343292920045394
2023-06-04,8.550146115811511,4.19533025053915,8.392467829531752
2023-06-05,8.391211838334769,4.19533025053915,8.23646455278461
2023-06-06,8.017408644453361,4.19533025053915,7.869554884021813
2023-06-07,8.56075560176267,4.19533025053915,8.4028816596964
2023-06-08,8.410773023332519,4.19533025053915,8.25566499843519
2023-06-09,8.892773585727308,4.19533025053915,8.728776704237957
2023-06-10,10.307785332830505,4.19533025053915,10.117693385323937
2023-06-11,10.307135027343472,4.196552908765642,10.12064201637607
2023-06-12,10.394405843882367,4.227023745348718,10.194127192352921
2023-06-13,10.020614704828049,4.078257197279014,9.835353453582563
2023-06-14,10.344272865321564,4.215219920962582,10.16566042840799
2023-06-15,10.091711453252833,4.111631680583362,9.915841226606776
2023-06-16,9.755855156546577,3.9747055056247946,9.585622394733416
2023-06-17,9.562839576263624,3.8980916725075843,9.401889067504769
2023-06-18,9.569103401567919,3.8999090456231102,9.4082662344682
2023-06-19,9.49726362753317,3.8655600598987516,9.327659066294224
2023-06-20,9.461760362029613,3.812820755769525,9.244491244526417
2023-06-21,9.653558966911634,3.8896645883696834,9.430971962570519
2023-06-22,9.563545923538852,3.8541542583264414,9.34487278373109
2023-06-23,9.690204676602606,3.9052099576345736,9.46866160845767
2023-06-24,9.640876350202447,3.8853270581536345,9.420453074467854
2023-06-25,9.675768836245974,3.8993918191447716,9.454554816467297
2023-06-26,9.58347847604212,3.862191847020258,9.364358911071104
2023-06-27,9.714328034368735,3.9143145494786307,9.490474581537162
2023-06-28,9.307909863337242,3.7494204241491973,9.09067955093794
2023-06-29,9.400020670183201,3.7886184212920235,9.182103611924962
2023-06-30,10.045020034870419,4.051500851659841,9.80922604066324
2023-07-01,9.884221603730934,3.987238513717457,9.653638316050007
2023-07-02,10.139828947923931,4.089900521419798,9.902521091654757
2023-07-03,10.073420685249747,4.063259699033328,9.838017981078007
2023-07-04,9.862063273479718,3.978349460269527,9.632432190946346
2023-07-05,9.576743636212207,3.8633684925471012,9.353853008810242
2023-07-06,9.333979110486313,3.7681858312057543,9.1219684017764
2023-07-07,9.707198280868832,3.901466325943923,9.467618396283289
2023-07-08,9.79207559586471,3.9359465144445727,9.552835463970444
2023-07-09,9.71636285400156,3.9063927747436464,9.480861291128328
2023-07-10,9.857930608626143,3.970938081683074,9.640659312020789
2023-07-11,10.014741268527947,4.034632101165463,9.795042563143147
2023-07-12,9.828146450869765,3.965901968774524,9.62598939143421
2023-07-13,12.115563195999446,4.785281379988543,11.699274684989161
2023-07-14,11.133255342044448,4.394514848729091,10.743910804816313
2023-07-15,11.441820184979987,4.516140265477863,11.041266183994365
2023-07-16,11.118222127981973,4.388930865833107,10.730258828151033
2023-07-17,11.123200872586763,4.3920794745473986,10.737956690679681
2023-07-18,10.644314642234253,4.201757967617024,10.272649969668251
2023-07-19,10.569139571095173,4.169745217635386,10.194383734996393
2023-07-20,10.452463154920407,4.125679544876047,10.086649963697958
2023-07-21,10.238650763204049,4.0359111409171575,9.867180065785574
2023-07-22,9.988386150035437,3.938518653800587,9.629070460821497
2023-07-23,10.08085666045125,3.976156731291886,9.72042752014711
2023-07-24,9.998968260225539,3.9532077985662153,9.662765983946644
2023-07-25,10.36164154478751,4.09717764923789,10.01431359985618
2023-07-26,10.185776004721793,4.027478961377758,9.843964879537664
2023-07-27,10.191894840039065,4.0298876623933895,9.849849817469364
2023-07-28,10.167174363824335,4.018111368907835,9.82156152208904
2023-07-29,10.232547873871686,4.037364701938495,9.870443104959978
2023-07-30,10.233339450154949,4.03973141276918,9.876067623470604
2023-07-31,10.205138187314285,4.029045584800394,9.849823060177249
2023-08-01,10.156732133920194,4.007843160359751,9.797966740858126
2023-08-02,10.140616838414747,4.008517064055283,9.79674188924747
2023-08-03,10.20473777189565,4.034043779702602,9.858945466161448
2023-08-04,10.221401063743949,4.040617302411127,9.875017809313785
2023-08-05,10.204399594863066,4.033909896041133,9.858618850936374
2023-08-06,10.203968279997246,4.033739745514552,9.858202836287642
2023-08-07,10.20716360494341,4.035000182695655,9.861284720059095
2023-08-08,10.108298253977683,3.9959982636968183,9.765925088283025
2023-08-09,10.08245561923676,3.985809588357857,9.741003800401204
2023-08-10,10.10634280071192,3.9952257540808063,9.764037556221254
2023-08-11,10.127648518578413,4.003625569509645,9.784583500265896
2023-08-12,10.120984809731306,4.0009980194910115,9.778157208907281
2023-08-13,10.145402366877407,4.0106258075883385,9.80170500134128
2023-08-14,10.132522226821218,4.005546367264533,9.789283091966821
2023-08-15,10.369870563496157,4.090262858721566,10.002608782212006
2023-08-16,10.74110044143797,4.236916967352086,10.361246778253564
2023-08-17,12.025320566090407,4.742362284914504,11.597297356665043
2023-08-18,12.059830577665423,4.756252457606364,11.631265335778608
2023-08-19,11.971693240815314,4.721473600931714,11.54621473897714
2023-08-20,11.845810105832177,4.671979446648621,11.42517834610948
2023-08-21,11.95155139497443,4.71171796224053,11.522357632326782
2023-08-22,12.195866831823151,4.807909160700588,11.757590173540237
2023-08-23,11.856351134911288,4.67357718744938,11.429085570832534
2023-08-24,12.087097004409332,4.764574717530084,11.651617159873082
2023-08-25,12.135722491211531,4.784581547794673,11.700543232113668
2023-08-26,12.137881364650895,4.785404563846718,11.7025558919046
2023-08-27,11.972135503920429,4.720171233672108,11.543029840930595
2023-08-28,11.954571388478046,4.713360107728076,11.5263734473105
2023-08-29,11.077263723460703,4.371045156035647,10.689253032230043
2023-08-30,11.190829704681605,4.415905647122224,10.7989579479325
2023-08-31,11.294067654287117,4.456683377719356,10.89867860166013
2023-09-01,11.199036773078333,4.423148275939017,10.816669568214968
2023-09-02,11.072887475112905,4.372030758349695,10.691663291595463
2023-09-03,11.078256025781506,4.37201930240667,10.691755030681946
2023-09-04,11.100601888000156,4.379923872845363,10.711089345761435
2023-09-05,11.106051237518942,4.380555062486092,10.712632917940368
2023-09-06,11.155678068255858,4.400114886580814,10.760466403075773
2023-09-07,10.992669555809162,4.333915055607841,10.598574935367411
2023-09-08,11.133512068863485,4.389803839086282,10.735250770528582
2023-09-09,11.114860625441562,4.382869471345247,10.718292797151218
2023-09-10,11.349691840602253,4.4798409786540105,10.955436297570682
2023-09-11,12.191967947246198,4.825423023696852,11.800556045814195
2023-09-12,11.467318555886813,4.541595482003923,11.106456731278433
2023-09-13,10.99882017918564,4.352958243408279,10.645144988153762
2023-09-14,10.535986650171711,4.175697728912513,10.209239884136474
2023-09-15,10.225904359070983,4.035129238350008,9.888428090830212
2023-09-16,10.27876576976409,4.056146355560461,9.939540908085279
2023-09-17,10.534008339216705,4.156781441535036,10.186206875507017
2023-09-18,10.208251780280186,4.031959428269297,9.87574181570026
2023-09-19,9.896428129408944,3.897087702599048,9.557055053987428
2023-09-20,9.727942645137492,3.897087702599048,9.394347355015215
2023-09-21,9.791621691024153,3.897087702599048,9.45584268841896
2023-09-22,9.744451821894298,3.897087702599048,9.410290391138716
2023-09-23,9.629879679501347,3.897087702599048,9.299647211783043
2023-09-24,9.539352256811126,3.897087702599048,9.212224199032109
2023-09-25,9.55062499117829,3.897087702599048,9.22311036336809
2023-09-26,9.467750590806546,3.897087702599048,9.143077931811769
2023-09-27,9.47568552872397,3.897087702599048,9.150740761019959
2023-09-28,9.389925734077899,3.897087702599048,9.067921882518174
2023-09-29,9.26167863583736,3.897087702599048,8.944072695481015
2023-09-30,9.383704405345208,3.897087702599048,9.061913898583992
2023-10-01,10.093624759634718,3.897087702599048,9.747489322481535
2023-10-02,9.45474205818872,3.69535029381753,9.178422444812833
2023-10-03,9.53203386973597,3.69535029381753,9.253455364118242
2023-10-04,9.329492802407962,3.69535029381753,9.056833661810703
2023-10-05,9.138088894616557,3.69535029381753,8.871023629925594
2023-10-06,9.335570381573552,3.69535029381753,9.062733620654663
2023-10-07,9.092981253523728,3.69535029381753,8.82723428243299
2023-10-08,9.062416405481063,3.69535029381753,8.797562707516345
2023-10-09,8.71360497690741,3.69535029381753,8.458945469169288
2023-10-10,8.69349903237345,3.69535029381753,8.43942713102226
2023-10-11,8.825797303844377,3.69535029381753,8.567858918669709
2023-10-12,8.941460971720097,3.69535029381753,8.680142257416158
2023-10-13,8.830363738449378,3.69535029381753,8.572291896916326
2023-10-14,8.827044303152363,3.69535029381753,8.56906947379291
2023-10-15,8.77159731322073,3.69535029381753,8.51524295015496
2023-10-16,8.264266275996098,3.69535029381753,8.022738918807034
2023-10-17,8.778060182058331,3.69535029381753,8.521516938385613
2023-10-18,8.818909341505163,3.69535029381753,8.561172260509796
2023-10-19,8.797437660128875,3.69535029381753,8.540328099869653
2023-10-20,8.64922616760314,3.69535029381753,8.396448163092401
2023-10-21,8.7783863898119,3.69535029381753,8.521833612552774
2023-10-22,9.200557637585103,3.69535029381753,8.931666692320423
2023-10-23,10.142734906108174,4.121392647907774,9.8894720872233
2023-10-24,9.96714254000572,4.028611301448967,9.673332711229227
2023-10-25,10.469866768494727,4.234659872649087,10.1684767221087
2023-10-26,10.46307858357731,4.2322973203015595,10.16280364344995
2023-10-27,10.03700428209711,4.069808963310713,9.772366841527397
2023-10-28,9.989959956903164,4.046451341802473,9.715439237026384
2023-10-29,10.310777000681679,4.192471416839823,10.052107701962639
2023-10-30,10.800220069579469,4.415978108941336,10.572663607215379
2023-10-31,11.504710788471955,4.71137917971843,11.27918960389544
2023-11-01,11.968251527704895,4.892636084328122,11.713124321548559
2023-11-02,11.553480760274967,4.709602842852714,11.274936997695741
2023-11-03,11.758862561948922,4.7959974518440145,11.481768402767562
2023-11-04,12.120499787875108,4.942962018996391,11.833606188421049
2023-11-05,12.801727633249232,5.224944241432911,12.50868047780979
2023-11-06,14.071059131991808,5.742480439119935,13.747678375860508
2023-11-07,13.346162834811471,5.449957072557395,13.047368256642745
2023-11-08,14.2819620362885,5.830389684805391,13.958135868708904
2023-11-09,15.31815358469569,6.254908585862633,14.974447439654913
2023-11-10,15.757962219161294,6.458834482507808,15.462652435615942
2023-11-11,15.49433894976935,6.366720546255097,15.242128781602265
2023-11-12,15.538173576154618,6.427007292978321,15.386457145114266
2023-11-13,14.826749131400652,6.112653703456046,14.633884787077323
2023-11-14,14.522951253275789,6.022603667354328,14.418302174792313
2023-11-15,15.415477417255168,6.382458223016424,15.279805273632448
2023-11-16,14.067538927288947,5.811097482416851,13.91194973078271
2023-11-17,14.239633233295603,5.890448409980441,14.101918341479037
2023-11-18,14.0847758501278,5.802224507872464,13.890707551280899
2023-11-19,14.17210985438903,5.831280624248302,13.960268805693778
2023-11-20,14.189888132137167,5.826122176805137,13.947919320637755
2023-11-21,13.6664792411128,5.598437819489688,13.402835824268543
2023-11-22,13.884936998343589,5.687919613879755,13.617058048063882
2023-11-23,13.869924997534879,5.681763832835761,13.60232091507018
2023-11-24,13.925110620940314,5.7043930581116795,13.656495990507771
2023-11-25,13.933942441793443,5.7080145433270815,13.665165939759163
2023-11-26,13.890082211867476,5.6900297092280105,13.622109682544444
2023-11-27,13.863136350366362,5.678980418064197,13.595657332760796
2023-11-28,13.938970560281456,5.710076864525151,13.670103201424979
2023-11-29,13.943677710839612,5.712007063393171,13.674724158086532
2023-11-30,13.92647817158359,5.704954422526029,13.657839914531879
2023-12-01,14.050651393334197,5.7558596025232385,13.779708512899134
2023-12-02,14.176076255076175,5.804172144829954,13.89537025527586
2023-12-03,14.12672285650295,5.783873419867829,13.846774470722853
2023-12-04,14.659599685260162,5.994694463452724,14.35148666483397
2023-12-05,15.172758915902646,6.2082271102597355,14.862690522151576
2023-12-06,15.068296316273571,6.171580342208876,14.774957009426684
2023-12-07,15.557407030657444,6.3732450685101325,15.257748692626654
2023-12-08,17.16980809567461,7.050678553155676,16.87954571338806
2023-12-09,16.541950354561926,6.7902005505574206,16.255953201115407
2023-12-10,17.555671102423265,7.206709497796681,17.253088691261045
2023-12-11,15.610181925320193,6.40155958092757,15.325534523890866
2023-12-12,15.70673950589901,6.444452764146136,15.428222150545817
2023-12-13,15.706708364887666,6.449427646508987,15.440132175039118
2023-12-14,15.74294935314283,6.464994118062951,15.477398796430288
2023-12-15,15.166443231450861,6.2255241193067405,14.904100104607032
2023-12-16,15.031355187392139,6.172202231865091,14.776445832779164
2023-12-17,14.666187828099112,6.008731758368225,14.385092389365612
2023-12-18,14.727342603945466,6.047453480010359,14.477793406102073
2023-12-19,14.852064834345686,6.109723599282475,14.626870025736274
2023-12-20,15.188935834790858,6.258298338602557,14.982562614088012
2023-12-21,16.21742468516882,6.6824356612035825,15.997960674235536
2023-12-22,16.217048208885736,6.698372460804727,16.036113872592907
2023-12-23,16.65596056471541,6.893599151478057,16.503492696467813
2023-12-24,16.564930869586686,6.877914880760315,16.465944060181908
2023-12-25,17.166344338919917,7.123148480134262,17.053679514427987
2023-12-26,18.031745726754686,7.468453836697635,17.88038232735827
2023-12-27,18.805434217731577,7.78770324029485,18.64470403556118
2023-12-28,18.63256706231507,7.716873274130807,18.475128524626918
2023-12-29,18.411239278439737,7.628996117540342,18.264739976737946
2023-12-30,18.45207762177998,7.6486437772628975,18.311778851899884
2023-12-31,18.388511156913157,7.617960260428119,18.23831879923705
2024-01-01,18.388779501301126,7.618048502059079,18.238530060380686
2024-01-02,18.48091240861137,7.643502675019677,18.299470430946524
2024-01-03,18.376566934303998,7.594937885182568,18.183200446700457
2024-01-04,18.40748006785407,7.608318269599213,18.21523470630598
2024-01-05,18.38239379090603,7.597232716401756,18.188694550362747
2024-01-06,18.341710066697207,7.579572285795529,18.146413342202433
2024-01-07,18.320775686774354,7.570760521039397,18.12531691096466
2024-01-08,18.338883356852236,7.574844986171095,18.135095614797393
2024-01-09,18.222307084614076,7.526731141664617,18.019905248246868
2024-01-10,18.656320808802885,7.7071123421423815,18.451759672165544
2024-01-11,18.69982178433546,7.72509690654609,18.494816895864137
2024-01-12,18.045907137234703,7.453036947206711,17.84347242814435
2024-01-13,18.153589681824467,7.5008448172960405,17.95793025491079
2024-01-14,17.945364160170453,7.40799209507855,17.735629600761087
2024-01-15,18.002407444594304,7.434093358474721,17.798119184141438
2024-01-16,18.1153521849129,7.486075755151833,17.922571332765838
2024-01-17,18.030257723134582,7.446303094864571,17.827350770697418
2024-01-18,17.8685387370775,7.370984325176229,17.64702852088496
2024-01-19,17.93718606236425,7.40104778479529,17.719004081533214
2024-01-20,17.82098775066024,7.353136592314424,17.604298888457222
2024-01-21,17.89192793628683,7.382452711101064,17.674485224708466
2024-01-22,18.10573755406047,7.4706716881092055,17.885692132044923
2024-01-23,18.20961648182908,7.513526518437935,17.98829178220097
2024-01-24,18.210289051332378,7.5138039598863156,17.98895601060473
2024-01-25,18.246075658294792,7.528728915045154,18.024688159493092
2024-01-26,17.995903026516405,7.426235412948871,17.779306311573443
2024-01-27,18.012163393097136,7.433141383475144,17.795840040783162
2024-01-28,18.102398836130348,7.469479681658027,17.882838324342586
2024-01-29,17.93278193280523,7.400760298886107,17.718315805474703
2024-01-30,18.107864868315048,7.464186601672176,17.870166050280815
2024-01-31,18.04954128934347,7.4368940168622215,17.804824299260552
2024-02-01,17.9811618683068,7.4100364286173575,17.74052398266098
2024-02-02,17.919566018706146,7.384655304843305,17.679758500688244
2024-02-03,17.81465299565853,7.3414247721905435,17.576259373700466
2024-02-04,18.008918402127367,7.421474160601138,17.767907297239823
2024-02-05,17.85985962999802,7.355270164754986,17.60940691908773
2024-02-06,17.792077422363523,7.325669873695364,17.538540240024055
2024-02-07,17.73943345164327,7.304747043847797,17.488448453260037
2024-02-08,18.23320459359582,7.510508682619181,17.981066718028337
2024-02-09,18.594097168227844,7.649873797328111,18.31472366879469
2024-02-10,18.69372408837989,7.690278435181804,18.411457261639917
2024-02-11,18.39747403617473,7.568451819708525,18.11978960057642
2024-02-12,20.121362011759594,8.278272951788185,19.81918729428094
2024-02-13,19.890213407944078,8.182487639513585,19.589865664628537
2024-02-14,21.972982209161668,9.0390066659497,21.64047587099841
2024-02-15,22.530361458621417,9.26790445195544,22.18848487221334
2024-02-16,22.14914525022821,9.110696248210893,21.81210940690114
2024-02-17,21.001184427413335,8.63896446791274,20.682726435254363
2024-02-18,21.297539669446568,8.75891346363646,20.969898847405357
2024-02-19,21.481632113458023,8.83525866925041,21.15267850904437
2024-02-20,21.569003602286777,8.869941026878672,21.23571227051189
2024-02-21,21.640690620286506,8.902232300892852,21.313021488435144
2024-02-22,21.52679205087769,8.855370675112827,21.20082908506094
2024-02-23,21.055014339974587,8.660863163309294,20.73515456224322
2024-02-24,21.50305530238648,8.843489343883743,21.172383740203863
2024-02-25,21.956381718411496,9.030258130548036,21.61953081848734
2024-02-26,22.705012053761354,9.33769173759981,22.355564079796913
2024-02-27,22.98235380327614,9.449817757327763,22.62400734066698
2024-02-28,24.198954214510117,9.953062010150965,23.828834985220436
2024-02-29,24.22501174675668,9.963375361593593,23.853526396709714
2024-03-01,24.22501174675668,9.963375361593593,23.853526396709714
2024-03-02,24.22501174675668,9.963375361593593,23.853526396709714
2024-03-03,24.113992038359953,9.920758160435904,23.751495659547338
2024-03-04,24.560716200477618,10.09409316566412,24.166480639298594
2024-03-05,24.638441523474153,10.122651214222637,24.234852063681043
2024-03-06,24.707955858372706,10.150437214920059,24.301375112049755
2024-03-07,25.70884699000769,10.562195988971512,25.28717544872825
2024-03-08,25.97321300153197,10.673327512038766,25.553237764237288
2024-03-09,25.95664879238428,10.667685165082164,25.53972930277878
2024-03-10,26.73962547530573,10.990409081121397,26.312369414258043
2024-03-11,26.789256005197256,11.008703862181322,26.356169334174457
2024-03-12,26.885187723083096,11.047626440425002,26.44935469695247
2024-03-13,27.318602722126958,11.226255889965074,26.87701521712706
2024-03-14,26.92559129943369,11.067349396697203,26.496573841166747
2024-03-15,26.498286829992445,10.89237014082774,26.077652326390925
2024-03-16,25.348721716444825,10.418891288362705,24.94408665254361
2024-03-17,25.919152956546927,10.662235922818462,25.526683157324868
2024-03-18,24.978079860827023,10.269278623906482,24.585895827510022
2024-03-19,24.716754450746436,10.15320647056012,24.30800504519109
2024-03-20,24.678040814390283,10.13743102618014,24.270236722179973
2024-03-21,25.031818668458662,10.28273406670556,24.61810978596675
2024-03-22,24.559812323102502,10.086531896610229,24.14837804610865
2024-03-23,24.464783249079513,10.04590897339278,24.051121851685405
2024-03-24,24.464783249079513,10.04590897339278,24.051121851685405
2024-03-25,24.464783249079513,10.04590897339278,24.051121851685405
2024-03-26,24.484680814714913,10.054846285538787,24.07251885856845
2024-03-27,24.87485351552777,10.213425652020726,24.45217705341392
2024-03-28,25.56114020225632,10.484877489807134,25.10206560454021
2024-03-29,25.559336282064397,10.484152984746986,25.10033105174564
2024-03-30,25.559336282064397,10.484152984746986,25.10033105174564
2024-03-31,25.559336282064397,10.484152984746986,25.10033105174564
2024-04-01,25.559336282064397,10.484152984746986,25.10033105174564
2024-04-02,25.559336282064397,10.484152984746986,25.10033105174564
2024-04-03,25.559336282064397,10.484152984746986,25.10033105174564
2024-04-04,25.559336282064397,10.484152984746986,25.10033105174564
2024-04-05,25.559336282064397,10.484152984746986,25.10033105174564
2024-04-06,25.559336282064397,10.484152984746986,25.10033105174564
2024-04-07,25.559336282064397,10.484152984746986,25.10033105174564
2024-04-08,25.516947661401936,10.465757786058548,25.056290719873893
2024-04-09,24.750926019641728,10.151589874318148,24.30413471814516
2024-04-10,25.03091647598691,10.266430531920701,24.579077150616143
2024-04-11,24.811961580390264,10.175293490824243,24.36088404470423
2024-04-12,23.61123252123447,9.680265294318003,23.175726633291745
2024-04-13,22.9537846118422,9.406003312805415,22.519110257997617
2024-04-14,22.950629728215848,9.404995222831444,22.516696768599527
2024-04-15,22.950629728215848,9.404995222831444,22.516696768599527
2024-04-16,22.950629728215848,9.404995222831444,22.516696768599527
2024-04-17,22.950629728215848,9.404995222831444,22.516696768599527
2024-04-18,22.950629728215848,9.404995222831444,22.516696768599527
2024-04-19,22.950629728215848,9.404995222831444,22.516696768599527
2024-04-20,22.950629728215848,9.404995222831444,22.516696768599527
2024-04-21,22.950629728215848,9.404995222831444,22.516696768599527
2024-04-22,22.950629728215848,9.404995222831444,22.516696768599527
2024-04-23,22.950629728215848,9.404995222831444,22.516696768599527
2024-04-24,22.28252686585032,9.138330551092318,21.87826927233969
2024-04-25,22.28105754642538,9.138330551092318,21.8776135166556
2024-04-26,22.28105754642538,9.138330551092318,21.8776135166556
2024-04-27,22.28105754642538,9.138330551092318,21.8776135166556
2024-04-28,22.28105754642538,9.138330551092318,21.8776135166556
2024-04-29,22.28105754642538,9.138330551092318,21.8776135166556
2024-04-30,22.207587849630396,9.103623139415213,21.795636600639938
2024-05-01,22.21064855391679,9.103946047120544,21.797628949902972
2024-05-02,22.21064855391679,9.103946047120544,21.797628949902972
2024-05-03,22.183851786714946,9.073392015974434,21.752346102174986
2024-05-04,22.65867159282972,9.304202836178339,22.250712143057044
2024-05-05,22.4523224408151,9.215323754843192,22.045934699780872
2024-05-06,21.424819507977187,8.721887939090545,20.921646447027832
2024-05-07,20.61171167757566,8.721887939090545,20.127634878125857
2024-05-08,20.54359968464849,8.721887939090545,20.06112253087859
2024-05-09,20.533197844341792,8.721887939090545,20.050964983216907
2024-05-10,20.4782039248514,8.721887939090545,19.997262624609597
2024-05-11,20.44228815669372,8.721887939090545,19.96219035700013
2024-05-12,20.45961924701294,8.721887939090545,19.979114417623617
2024-05-13,21.03746718400066,8.721887939090545,20.543391294415983
2024-05-14,21.344789332958946,8.721887939090545,20.84349582241222
2024-05-15,21.317047660795478,8.721887939090545,20.816405677889072
2024-05-16,20.435830551798766,8.721887939090545,19.955884412324306
2024-05-17,21.115497347709972,8.721887939090545,20.619588879031433
2024-05-18,21.200091760588375,8.721887939090545,20.702196548000448
2024-05-19,20.91882887386142,8.721887939090545,20.42753926686999
2024-05-20,22.919722780549943,8.721887939090545,22.381441136529286
2024-05-21,23.27072057960283,8.885898354360199,22.802312108590673
2024-05-22,22.476540589817674,8.57136915942347,21.995191366916664
2024-05-23,21.546152307391136,8.149246033780456,20.93687114774912
2024-05-24,21.220560649071142,8.122166707335566,20.72688951571513
2024-05-25,21.592255722485458,8.106530914812998,20.938831715681523
2024-05-26,21.560035698351083,8.126020619499815,20.954813282638142
2024-05-27,22.28752028942627,8.415415727200637,21.68598471072044
2024-05-28,22.293408234190956,8.402082027475048,21.66346596909094
2024-05-29,21.695743022194197,8.178570084060299,21.082358608802718
2024-05-30,21.0719803457646,7.948363601533353,20.49631063918441
2024-05-31,20.99473084893575,7.9191743192431705,20.42111768363038
2024-06-01,21.22510618593164,8.006073379514447,20.64520059822851
2024-06-02,21.168896087161965,7.984869140271576,20.590529351639667
2024-06-03,21.54611735751062,8.127145666375496,20.957450949368948
2024-06-04,22.55043788067255,8.505681669593363,21.934114627747952
2024-06-05,22.87954258662869,8.629882971880155,22.254331929658058
2024-06-06,22.87891421391695,8.629678536120323,22.253782291171454
2024-06-07,22.016074532288908,8.288264745407764,21.380922148459334
2024-06-08,22.263465377688465,8.377917295611683,21.613892290012704
2024-06-09,21.96092313404723,8.270318744145438,21.33053452278844
2024-06-10,22.2860576300463,8.398824279302742,21.65850084747677
2024-06-11,23.40042477075017,8.823096592479,22.747602191209833
2024-06-12,22.031792117607512,8.314442346808605,21.43578499911303
2024-06-13,22.240079638854425,8.358064390608291,21.584589503806782
2024-06-14,22.354369430175623,8.38327449760867,21.66124227219641
2024-06-15,22.056340455918754,8.271430106694629,21.37209346521091
2024-06-16,21.962009735985717,8.23653440652664,21.281545515618852
2024-06-17,23.16891744663434,8.680544526363203,22.440917988777883
2024-06-18,24.970070414938803,9.351461698473365,24.17537107416454
2024-06-19,24.647457716878517,9.230711053209934,23.86320686381817
2024-06-20,24.343249805329265,9.114117070178915,23.56178844435869
2024-06-21,24.85902295700332,9.310083235892007,24.068399595305134
2024-06-22,24.98095226565899,9.355050896403739,24.184649858019217
2024-06-23,26.24327234093133,9.829971376107558,25.412412874942486
2024-06-24,25.382553205892556,9.488777555963367,24.5303596220757
2024-06-25,24.02829413657069,8.982693513497626,23.222032655039108
2024-06-26,24.02829413657069,8.982693513497626,23.222032655039108
2024-06-27,24.02829413657069,8.982693513497626,23.222032655039108
2024-06-28,24.02829413657069,8.982693513497626,23.222032655039108
2024-06-29,24.02829413657069,8.982693513497626,23.222032655039108
2024-06-30,24.02829413657069,8.982693513497626,23.222032655039108
2024-07-01,24.02829413657069,8.982693513497626,23.222032655039108
2024-07-02,24.02829413657069,8.982693513497626,23.222032655039108
2024-07-03,23.99633148441528,8.970771737320806,23.19121251459146
2024-07-04,26.13227000891702,9.768089227707572,25.25243532825795
2024-07-05,25.72534896978837,9.6161201899321,24.85956542209071
2024-07-06,25.30378722544849,9.460510257473155,24.457283085775863
2024-07-07,25.520052788608567,9.533919497983973,24.64706043683012
2024-07-08,24.820874294634294,9.269736864110612,23.96409627452368
2024-07-09,24.344051661300416,9.107243062617917,23.544017780379942
2024-07-10,24.150663373414744,9.026856954255052,23.336203851227296
2024-07-11,23.96598266340401,8.945761862511599,23.12655706033989
2024-07-12,23.895176924959582,8.922137824226025,23.06548426656293
2024-07-13,23.750484104626278,8.87357035814923,22.93992779716841
2024-07-14,23.57381738619041,8.817257884613918,22.78920136934253
2024-07-15,23.79183421124675,8.903767340187622,23.01165578167396
2024-07-16,23.386271390514654,8.744177833298343,22.60377633968855
2024-07-17,22.528127328078416,8.440178297987785,21.797522062490067
2024-07-18,22.79916112898917,8.589616293595622,22.114480786900437
2024-07-19,23.899550404936544,8.97033321099806,23.14912857970757
2024-07-20,24.242423786872106,9.117854913801791,23.53017558805683
2024-07-21,25.694678028152822,9.66527351512067,24.942517388377112
2024-07-22,24.276792987653145,9.132558726950354,23.567776379113717
2024-07-23,23.117167209713298,8.695546294811555,22.437634931553607
2024-07-24,22.75386983693991,8.575532835132107,22.103176619002774
2024-07-25,21.92230679772557,8.294283137338327,21.34419028925572
2024-07-26,22.307526108874463,8.440841868049558,21.720033917730266
2024-07-27,22.2272231381061,8.410467291183247,21.641856322156688
2024-07-28,22.33972404799197,8.453035327356128,21.75139376139031
2024-07-29,21.943973706633315,8.303288143694992,21.366064920250995
2024-07-30,21.865470010940165,8.260678324553709,21.277175834645025
2024-07-31,21.445258448694247,8.13451147903702,20.899745953735763
2024-08-01,21.033194797755534,8.13451147903702,20.498164147576077
2024-08-02,21.26159035745722,8.13451147903702,20.7207499087198
2024-08-03,21.676067708668867,8.13451147903702,21.124684016794316
2024-08-04,23.587083438424116,8.878568353411781,23.013283111545498
2024-08-05,26.001976113474534,9.786781890834826,25.389494316636707
2024-08-06,25.383400591357407,9.56356790471932,24.81041834507748
2024-08-07,25.465780344431202,9.57941482551576,24.851529438589658
2024-08-08,25.230909300610445,9.525053040762144,24.71050062641834
2024-08-09,25.228986623102532,9.52484320046492,24.70959722171081
2024-08-10,25.228986623102532,9.52484320046492,24.70959722171081
2024-08-11,25.228986623102532,9.52484320046492,24.70959722171081
2024-08-12,25.228986623102532,9.52484320046492,24.70959722171081
2024-08-13,25.228986623102532,9.52484320046492,24.70959722171081
2024-08-14,25.228986623102532,9.52484320046492,24.70959722171081
2024-08-15,25.228986623102532,9.52484320046492,24.70959722171081
2024-08-16,25.215914009760102,9.523429556900412,24.703457719941387
2024-08-17,25.171763827109046,9.519038713229621,24.682808665959357
2024-08-18,25.20295727478529,9.521180103009916,24.697186641971225
2024-08-19,25.18619014724746,9.519654334420022,24.689376100947506
2024-08-20,25.150997591640404,9.51688194423755,24.673077388402227
2024-08-21,25.10842352441635,9.514673070757528,24.65360788816761
2024-08-22,25.157384729156195,9.546507303124656,24.721215608854124
2024-08-23,25.495439032419252,9.71495705924013,25.12891761328217
2024-08-24,25.63402767171341,9.78221689800879,25.28876610143447
2024-08-25,24.045591593011896,9.096538792686784,23.577266408590795
2024-08-26,22.964073489042296,8.648448641725649,22.475383175226014
2024-08-27,21.62510555081213,8.348876009701458,21.3737912887665
2024-08-28,21.293397286994015,8.33036180310954,21.151108753472695
2024-08-29,21.40161748723818,8.33036180310954,21.218294404787393
2024-08-30,20.897914454227145,8.082310516091724,20.669247041777094
2024-08-31,21.165242419848123,8.082310516091724,20.933649873681595
2024-09-01,21.788383341558877,8.082310516091724,21.54997231489414
2024-09-02,20.501457893496877,7.615522824939752,20.287719122633337
2024-09-03,21.531133303914665,7.615522824939752,21.306659610795624
2024-09-04,20.965073579116115,7.410338797767431,20.741287261736474
2024-09-05,21.690037607068852,7.410338797767431,21.458512846538223
2024-09-06,23.70282587209213,8.057383862104874,23.405708465303707
2024-09-07,22.78213776285555,7.740831962659679,22.490906460869127
2024-09-08,21.9868385522939,7.50838397801635,21.75305073722576
2024-09-09,20.681854715103192,7.170325111031212,20.578828322235374
2024-09-10,20.55189567558507,7.170325111031212,20.449516671998655
2024-09-11,20.608427032936714,7.170325111031212,20.505766419121812
2024-09-12,20.545385903174356,7.170325111031212,20.443039327935356
2024-09-13,20.456667858603613,7.170325111031212,20.3547632311609
2024-09-14,20.456667858603613,7.170325111031212,20.3547632311609
2024-09-15,20.34999504632859,7.170325111031212,20.248621808126213
2024-09-16,20.09866078879317,7.170325111031212,19.998539568957355
2024-09-17,20.15437272585567,7.170325111031212,20.053973977722983
2024-09-18,20.494327568022186,7.170325111031212,20.392235339222083
2024-09-19,20.82348441785335,7.170325111031212,20.719752498445562
2024-09-20,21.516059482194827,7.410996095750332,21.411251505404262
2024-09-21,22.04242647625975,7.581193832580608,21.923023952839767
2024-09-22,21.107075581701032,7.2774411859056425,21.013808737425887
2024-09-23,21.61448410730944,7.449420059846272,21.515760369993778
2024-09-24,22.648970552565526,7.800130509906392,22.53921309304883
2024-09-25,21.721216605827156,7.4821618730960395,21.61844519412836
2024-09-26,23.882200853772652,8.186592899269353,23.725920575004636
2024-09-27,25.54784307147545,8.7530968758642,25.36981156137108
2024-09-28,26.344322597622508,9.028566170186336,26.168226589447237
2024-09-29,26.272485570383406,9.00667110340786,26.104766339187105
2024-09-30,24.125980001564077,8.280575682035714,24.00026500931156
2024-10-01,22.298836018148215,7.673340007387292,22.234492626531278
2024-10-02,22.380387703992174,7.673340007387292,22.27357080003999
2024-10-03,22.255383326560793,7.673340007387292,22.213784435715095
2024-10-04,22.255383326560793,7.673340007387292,22.213784435715095
2024-10-05,22.255383326560793,7.673340007387292,22.213784435715095
2024-10-06,22.255383326560793,7.673340007387292,22.213784435715095
2024-10-07,22.101493944321536,7.640484715512446,22.092327576025667
2024-10-08,21.86015477232723,7.570132325289916,21.867845056438597
2024-10-09,21.694080922219594,7.570132325289916,21.782035561599493
2024-10-10,21.692617197217146,7.570132325289916,21.781276465065982
2024-10-11,21.651133925322462,7.543672933824462,21.722953998669535
2024-10-12,21.645740633409304,7.570322553020764,21.755990701050763
2024-10-13,21.950319411521168,7.673263144948902,22.04879248181383
2024-10-14,21.969067590260245,7.655248342180729,22.012165009042747
2024-10-15,21.137654875985994,7.344321725671985,21.135515210692322
2024-10-16,21.19882065654495,7.365601295946594,21.196704362501496
2024-10-17,21.176608942365913,7.357874080872116,21.174484418760997
2024-10-18,21.44113179831262,7.455066043871419,21.4446817263467
2024-10-19,21.819817369237594,7.586194560237578,21.822471428608498
2024-10-20,22.248459223499975,7.733246334534299,22.249389645837525
2024-10-21,21.758377109051573,7.563282998009309,21.76025021456102
2024-10-22,21.419175539839763,7.445382795927581,21.421040338176677
2024-10-23,20.845399229354435,7.218117086694246,20.819363356709783
2024-10-24,21.405338077460108,7.218117086694246,21.378602842026684
2024-10-25,20.6526670182958,6.947149762847364,20.607814580882412
2024-10-26,20.62883937838728,6.947149762847364,20.584038688659877
2024-10-27,20.51195924793542,6.947149762847364,20.467412392675563
2024-10-28,21.167399489254574,6.947149762847364,21.12142918140257
2024-10-29,21.90041536206801,6.947149762847364,21.8528531267168
2024-10-30,21.272330585356347,6.74793713702638,21.226201959845778
2024-10-31,20.408892334871798,6.503277040456494,20.39912370463621
2024-11-01,20.180309318840486,6.503277040456494,20.170650098901405
2024-11-02,20.184370331324452,6.503277040456494,20.174709167598873
2024-11-03,20.19448132026364,6.503277040456494,20.184815316955852
2024-11-04,20.124668230833407,6.503277040456494,20.115035643266417
2024-11-05,19.998083903950473,6.503277040456494,19.988511905437637
2024-11-06,19.999799439543725,6.503277040456494,19.99022661989701
2024-11-07,20.527887669865333,6.503277040456494,20.518062083014545
2024-11-08,20.591878886712127,6.503277040456494,20.582022670735295
2024-11-09,22.385342106206323,6.503277040456494,22.374627456623937
2024-11-10,25.75254344067154,7.50960524878503,25.817687459639092
2024-11-11,31.06991659209375,9.057854985813321,31.140500909325
2024-11-12,29.366354781029166,8.556780428695918,29.417828960393035
2024-11-13,28.87107082330716,8.408347298354904,28.90752248743693
2024-11-14,29.665536702042424,8.638145577552944,29.697558708323204
2024-11-15,31.75008575013258,9.236680848564342,31.755296238940108
2024-11-16,34.18401657136788,9.946096752770552,34.19423643445257
2024-11-17,33.89372723139331,9.85839466079585,33.89272055909738
2024-11-18,33.95368628353377,9.878923371051958,33.96329734812732
2024-11-19,34.134310098849284,9.930469275274138,34.140509864757014
2024-11-20,33.64960477698288,9.788949285351329,33.65397045981166
2024-11-21,35.84802076699091,10.437331332225355,35.88307897964271
2024-11-22,38.04204777946444,11.072668839572023,38.067340955159494
2024-11-23,37.9624048899091,11.042749714962056,37.96448034096528
2024-11-24,37.488877395889745,10.900511189443307,37.47547064273153
2024-11-25,35.83804757163965,10.420475287479324,35.82512865061188
2024-11-26,34.96966555673692,10.167435539189114,34.95518929697151
2024-11-27,36.49445253623726,10.610873744276239,36.47971004171438
2024-11-28,36.20155924948856,10.525674145232069,36.18679762529078
2024-11-29,37.89848019310848,11.019370310070585,37.88410299109352
2024-11-30,39.17993299772173,11.391103365117322,39.162104632413644
2024-12-01,41.702114659079875,12.126084730167927,41.6889377405328
2024-12-02,41.93083720807605,12.193139241152876,41.91946815458465
2024-12-03,42.44031897575849,12.333315170414771,42.40138673900473
2024-12-04,43.49874152903953,12.644308493998556,43.47056789624593
2024-12-05,42.44970950962287,12.334036627817719,42.403867077335136
2024-12-06,42.78319922434295,12.429185760129897,42.730985544779095
2024-12-07,43.168135783714575,12.537440845680582,43.10316169413345
2024-12-08,43.21473119876112,12.548590599998118,43.14149405151914
2024-12-09,41.27327925484638,11.980263484235268,41.18761080952353
2024-12-10,40.42687163986388,11.742647069688264,40.37069618847243
2024-12-11,40.42687163986388,11.742647069688264,40.37069618847243
2024-12-12,40.27670840195688,11.707294664394883,40.24915619794381
2024-12-13,40.705431449479725,11.832150102717662,40.67840361874203
2024-12-14,39.81688134824752,11.573654026051898,39.78970565183101
2024-12-15,39.842324338857516,11.582360760141825,39.81963901478165
2024-12-16,39.91039790622703,11.599160109096447,39.877394426213705
2024-12-17,39.79135768245107,11.562652404836326,39.75188256943412
2024-12-18,38.728124237855134,11.250898438459918,38.680086356242875
2024-12-19,38.45895867455782,11.174397881723197,38.41708085876528
2024-12-20,38.4563565609697,11.173804488665752,38.415040799935255
2024-12-21,38.4563565609697,11.173804488665752,38.415040799935255
2024-12-22,38.4563565609697,11.173804488665752,38.415040799935255
2024-12-23,38.4563565609697,11.173804488665752,38.415040799935255
2024-12-24,38.4563565609697,11.173804488665752,38.415040799935255
2024-12-25,38.4563565609697,11.173804488665752,38.415040799935255
2024-12-26,38.4563565609697,11.173804488665752,38.415040799935255
2024-12-27,38.4563565609697,11.173804488665752,38.415040799935255
2024-12-28,38.4563565609697,11.173804488665752,38.415040799935255
2024-12-29,38.4563565609697,11.173804488665752,38.415040799935255
2024-12-30,38.4563565609697,11.173804488665752,38.415040799935255
2024-12-31,38.4563565609697,11.173804488665752,38.415040799935255
2025-01-01,38.4563565609697,11.173804488665752,38.415040799935255
2025-01-02,38.4563565609697,11.173804488665752,38.415040799935255
2025-01-03,38.64280202328878,11.231370756893089,38.61295105913984
2025-01-04,39.47536200953061,11.473683567371031,39.446011679656266
2025-01-05,39.34962539114128,11.437113422799836,39.32028515587585
2025-01-06,38.87652016423957,11.298938849403395,38.84524714353886
2025-01-07,36.94470566813721,10.726265747347403,36.876422594763056
2025-01-08,36.75658533909593,10.673550997430315,36.695191638835965
2025-01-09,36.75658533909593,10.673550997430315,36.695191638835965
2025-01-10,36.75658533909593,10.673550997430315,36.695191638835965
2025-01-11,37.063074047544724,10.76427095263658,37.0070827932008
2025-01-12,36.693147579253406,10.656909298745859,36.63797822199194
2025-01-13,35.196819564591216,10.200705299197177,35.06956924602203
2025-01-14,34.67134917306782,10.056477162660203,34.57371935396542
2025-01-15,35.66991447504417,10.329359846327007,35.522000161697136
2025-01-16,36.09143709992191,10.450729198325597,35.939381510150405
2025-01-17,36.75995706100264,10.647417804412578,36.61578089996449
2025-01-18,37.05350577988579,10.769533325523543,37.035728275715165
2025-01-19,35.37964265802234,10.176860854212368,35.0012495066766
2025-01-20,35.462806071029824,10.201260351583766,35.085166630784705
2025-01-21,35.709703434164624,10.250477322430896,35.254438423065345
2025-01-22,35.58925899849666,10.219162681657647,35.14673806530102
2025-01-23,35.46427119571375,10.189199446545564,35.04368559330509
2025-01-24,35.6807001527265,10.250946588941568,35.25605237008305
2025-01-25,35.68094114494048,10.250999062261581,35.256232841428044
2025-01-26,36.05077911028628,10.356404857196097,35.61875470163658
2025-01-27,36.280076007744334,10.425453215457193,35.85623253003026
2025-01-28,37.95457436846632,10.931822565348671,37.59778724046429
2025-01-29,36.693276601145115,10.526266662088316,36.20295993936724
2025-01-30,36.529995965126496,10.472804819401112,36.01908877105831
2025-01-31,36.16822353752414,10.358569719249992,35.626200305736056
2025-02-01,36.16822353752414,10.358569719249992,35.626200305736056
2025-02-02,36.824410170696325,10.547096323787068,36.274599337478485
2025-02-03,37.98264013480976,10.913345446356832,37.53423893600553
2025-02-04,37.97627033178556,10.912555535844879,37.53113410905978
2025-02-05,37.97627033178556,10.912555535844879,37.53113410905978
2025-02-06,38.044172727830826,10.920858929590601,37.564195109627896
2025-02-07,37.881258449172044,10.841059691067837,37.29078162587857
2025-02-08,36.96279470687197,10.599304861409427,36.45919995243561
2025-02-09,36.99542496851215,10.597031951472365,36.46397997662963
2025-02-10,36.65038152680316,10.545314221550724,36.28602125413683
2025-02-11,36.25566655945506,10.545314221550724,36.10838902547113
2025-02-12,36.178887523310536,10.563196984096615,36.10703083160251
2025-02-13,35.64627104270466,10.39166296456403,35.54560730770083
2025-02-14,35.54197787284833,10.380495540496074,35.48142325994443
2025-02-15,35.57840634234654,10.380184737663837,35.497779622795335
2025-02-16,35.65628300512224,10.381457786467399,35.53268549373641
2025-02-17,36.06045384023745,10.502836543344129,35.92529569017108
2025-02-18,36.43996768340144,10.610634626056697,36.30083888427305
2025-02-19,35.93558298696891,10.470833705211538,35.81778675557274
2025-02-20,35.417218084362126,10.323918713219228,35.311737322191945
2025-02-21,35.59817423351546,10.327424366056691,35.37567779686393
2025-02-22,35.44139298066364,10.316739920701508,35.29276904654685
2025-02-23,35.574706324525636,10.327884586408443,35.36043068535283
2025-02-24,39.74210004233263,11.48186645907642,39.395709134431705
2025-02-25,39.05875493266778,11.303044393637181,38.777279873793354
2025-02-26,41.71911937820544,12.044992763846187,41.34144824572465
2025-02-27,41.349651862998776,11.947465836263014,41.00671127175599
2025-02-28,40.96435099004037,11.846284643792025,40.65943194050263
2025-03-01,40.534862980731944,11.736117948514513,40.27669971566283
2025-03-02,38.388735466008086,11.209344578252782,38.40476518808725
2025-03-03,36.946384250306856,10.68685190869104,36.722483679949455
2025-03-04,36.52298013715779,10.596322915009482,36.356851356440544
2025-03-05,36.197157514146035,10.553108525403958,36.13351349998716
2025-03-06,36.19426412591313,10.553108525403958,36.13194568030751
2025-03-07,36.08917645251573,10.54603962985016,36.07500214117926
2025-03-08,36.26064451920109,10.548130219350856,36.169625027839025
2025-03-09,38.766380117256396,11.265390206097326,38.63067079144518
2025-03-10,42.113128158665305,12.218431042122177,41.922966388385966
2025-03-11,37.94382790972179,11.02160063980749,37.81954365637245
2025-03-12,37.463159353806134,10.953923940607385,37.48199892796115
2025-03-13,37.84497754945848,11.04159375556057,37.81819526547204
2025-03-14,36.850630493190494,10.848005505427317,37.03469245200814
2025-03-15,36.489078028975804,10.767166297406426,36.73353468615289
2025-03-16,36.977383527850165,10.875905268682311,37.15757958835671
2025-03-17,36.53954206612738,10.765208506912,36.7574702963046
2025-03-18,36.53938499895233,10.73950847448101,36.707155063530635
2025-03-19,35.61360530002769,10.56229086241731,35.95981719339712
2025-03-20,35.85230524677351,10.632770794125964,36.20032496328153
2025-03-21,35.94762381413202,10.660921806655503,36.29636300451324
2025-03-22,35.78213707137039,10.612044710900614,36.12963076798969
2025-03-23,35.71683337067027,10.592759919565669,36.06383443324978
2025-03-24,36.0407692005233,10.70614820306213,36.41627569982028
2025-03-25,35.92785175253936,10.67262428422234,36.30221185256252
2025-03-26,36.512373393572375,10.857628156769632,36.910251987518066
2025-03-27,36.60755723218792,10.872535023877575,36.9896887711909
2025-03-28,35.04709572182076,10.489651458773483,35.55473019653164
2025-03-29,34.92001177125207,10.395465738176727,35.34362404002447
2025-03-30,34.99977775081105,10.380215186213059,35.37424094398607
2025-03-31,35.16499402904233,10.377039193474541,35.471055905994696
2025-04-01,33.82178904360208,9.968491499487794,34.100407483157575
2025-04-02,35.3760557056458,10.408405614855786,35.64415152127539
2025-04-03,34.41719405776337,10.155022768860515,34.714911369356265
2025-04-04,32.617505541263824,9.579370731341559,32.84242698817888
2025-04-05,33.04332523909267,9.579370731341559,33.27118302282966
2025-04-06,40.719228185105806,11.25323670507598,40.28183831663666
2025-04-07,40.10957114452411,11.096546350905491,39.720952975121975
2025-04-08,40.46987122130116,11.154510594107853,39.92844050373412
2025-04-09,38.33750152645743,10.627838697568974,38.0431773800387
2025-04-10,38.32422040045768,10.627648405348525,38.0371300220692
2025-04-11,38.32422040045768,10.627648405348525,38.0371300220692
2025-04-12,38.32422040045768,10.627648405348525,38.0371300220692
2025-04-13,38.32422040045768,10.627648405348525,38.0371300220692
2025-04-14,38.32422040045768,10.627648405348525,38.0371300220692
2025-04-15,38.32422040045768,10.627648405348525,38.0371300220692
2025-04-16,38.32422040045768,10.627648405348525,38.0371300220692
2025-04-17,38.358539791109976,10.636109901463799,38.06850813065402
2025-04-18,38.2796664139151,10.614243729098643,37.990241142674996
2025-04-19,38.86172320187335,10.775607612619307,38.56782216707578
2025-04-20,38.66104867006577,10.719973540032544,38.36869020848434
2025-04-21,38.35419548583795,10.637250316087314,38.06824730299205
2025-04-22,42.76035394900916,11.894367892768093,42.53461111949323
2025-04-23,45.94629076093288,12.78436480332858,45.71724327851643
2025-04-24,47.088822706580686,13.122119020511029,46.92506173119814
2025-04-25,47.34590345042369,13.186507344356242,47.15531616392217
2025-04-26,47.798632684466625,13.303210006034236,47.57264812035963
2025-04-27,46.90975818795039,13.057138671285816,46.69269019928766
2025-04-28,47.21724906509561,13.145673287085868,47.00929244205588
2025-04-29,46.15251806722296,12.855007505597118,45.96986354202939
2025-04-30,44.56908046998123,12.393575438127575,44.31976966489586
2025-05-01,45.56863469077045,12.65879417449844,45.26819922547368
2025-05-02,45.51567146101825,12.655206186171505,45.25536847965671
2025-05-03,45.15314922161661,12.561227354197435,44.919297568783556
2025-05-04,44.243712637038996,12.317996971670027,44.04949897168494
2025-05-05,44.40335646582295,12.363238082747884,44.2112347440588
2025-05-06,44.72025357667637,12.451430744069292,44.526615079449094
2025-05-07,44.70208107338018,12.446371008165205,44.50852134246129
2025-05-08,51.946073919099234,14.501544629129942,51.85787151940552
2025-05-09,55.89912589457139,15.599796322556418,55.78524592469994
2025-05-10,63.49449431473724,17.695424674192655,63.27926318912812
2025-05-11,59.23384646331665,16.50681726740057,59.02877458499548
2025-05-12,60.36141462066691,16.81739887345068,60.13942185980262
2025-05-13,63.08437387207384,17.5563112903967,62.78179039102156
2025-05-14,60.38094853175739,16.815759083357765,60.13355793108799
2025-05-15,57.044570127920515,15.908479847158592,56.889105614709884
2025-05-16,56.64413226775998,15.800393482322054,56.50258618081224
2025-05-17,55.827465237686134,15.57255595457857,55.68783371525165
2025-05-18,56.86306066505397,15.858528541930056,56.71047854876516
2025-05-19,56.48403065301355,15.764196442034573,56.37314469629339
2025-05-20,56.737240241979514,15.834873623929811,56.62588799446002
2025-05-21,57.97730119967104,16.1809763490154,57.863559643171925
2025-05-22,57.78852224527093,16.123438442538813,57.657802709144036
2025-05-23,51.57401835323728,14.375702449088879,51.40785686433336
2025-05-24,52.11543626784226,14.529999863228086,51.95962811924744
2025-05-25,51.835391865694376,14.436786850962312,51.62629615098901
2025-05-26,52.021624839322385,14.489296090611097,51.81407045179132
2025-05-27,52.318535788731616,14.570552455746563,52.10464516304412
2025-05-28,51.97534404907518,14.480023656785093,51.78091200596237
2025-05-29,50.52350896691751,14.071701666200108,50.32074277104036
2025-05-30,49.12096875366918,13.682664257227447,48.92953566264579
2025-05-31,48.97466131876632,13.63900565285756,48.77341144594805
2025-06-01,48.91904778473426,13.626064082140799,48.72713207856666
2025-06-02,48.91904778473426,13.626064082140799,48.72713207856666
2025-06-03,48.91904778473426,13.626064082140799,48.72713207856666
2025-06-04,48.91904778473426,13.626064082140799,48.72713207856666
2025-06-05,48.91904778473426,13.626064082140799,48.72713207856666
2025-06-06,48.91904778473426,13.626064082140799,48.72713207856666
2025-06-07,48.91904778473426,13.626064082140799,48.72713207856666
2025-06-08,48.91904778473426,13.626064082140799,48.72713207856666
2025-06-09,48.91904778473426,13.626064082140799,48.72713207856666
2025-06-10,49.217654778187836,13.70632835531943,49.01415904517923
2025-06-11,48.94034595432836,13.62912503405582,48.7380781160541
2025-06-12,48.09859324266623,13.393126471285498,47.89414159343541
2025-06-13,47.78901711977393,13.326786178416368,47.656907114478145
2025-06-14,47.66013329029473,13.287846010183658,47.51765613861317
2025-06-15,47.41761996189582,13.220451690968837,47.27665243615518
2025-06-16,46.89413943942322,13.061534226009009,46.70794008896603
2025-06-17,46.96242080457741,13.062735684397309,46.71924510248052
2025-06-18,47.27786742281783,13.155272273854731,47.04698791877291
2025-06-19,47.39241439597,13.187162239959257,47.16102756087593
2025-06-20,48.476652039490084,13.487433015119107,48.23620740916502
2025-06-21,50.223012374383586,13.970682675654887,49.9644926084229
2025-06-22,51.65007959960487,14.368504632387266,51.38725573876446
2025-06-23,47.40209455744754,13.209267493047609,47.24138135133188
2025-06-24,47.364324609610975,13.202603219913804,47.214362672399986
2025-06-25,47.364324609610975,13.202603219913804,47.214362672399986
2025-06-26,47.364324609610975,13.202603219913804,47.214362672399986
2025-06-27,47.364324609610975,13.202603219913804,47.214362672399986
2025-06-28,47.364324609610975,13.202603219913804,47.214362672399986
2025-06-29,47.364324609610975,13.202603219913804,47.214362672399986
2025-06-30,47.364324609610975,13.202603219913804,47.214362672399986
2025-07-01,47.364324609610975,13.202603219913804,47.214362672399986
2025-07-02,47.25327207061677,13.163077375322642,47.07869985896711
2025-07-03,47.44263490894597,13.217131622652598,47.27301340857443
2025-07-04,46.999568945103356,13.090166588129277,46.8167821340472
2025-07-05,47.08334712712618,13.114275049950368,46.903658625843214
2025-07-06,47.375728308571354,13.197925523477075,47.20469998347383
2025-07-07,46.52367347067481,12.916866155532588,46.21826331141858
2025-07-08,46.923865655711076,13.039582127908012,46.651862819183386
2025-07-09,50.180502699325324,13.96385416290205,49.95797239561696
2025-07-10,57.31796249373028,15.94445665812058,57.04390179795138
2025-07-11,59.745382212767225,16.615692082818498,59.44535632668084
2025-07-12,58.20799237286892,16.182379808238473,57.89511078561369
2025-07-13,60.01051859046487,16.67497447291922,59.657448774342335
2025-07-14,62.74791011411087,17.431274033871325,62.36323416482869
2025-07-15,63.88316039809259,17.745619756857653,63.48785740769758
2025-07-16,67.55128804790635,18.762684579212763,67.12657317535137
2025-07-17,73.2317763198854,20.339802917132943,72.76897200530757
2025-07-18,73.80827374339316,20.4938136375668,73.3199705498573
2025-07-19,74.5004851925047,20.688357875701364,74.01598438422357
2025-07-20,80.0941301359347,22.25598762975019,79.62443625329144
2025-07-21,83.24424190294266,23.13580676016297,82.77213310815193
2025-07-22,85.48804035078493,23.767677924916388,85.0327555579482
2025-07-23,75.42014079602649,20.938248165632395,74.91000777208404
2025-07-24,75.5379139105886,20.971079686987842,75.02746791012666
2025-07-25,75.47816617916763,20.95451709655525,74.96821253363973
2025-07-26,75.54597747172434,20.973343303620034,75.03556636889785
2025-07-27,79.22886156047446,21.995798623299773,78.69356752247738
2025-07-28,75.9576139391973,21.08902600640049,75.44944016081342
2025-07-29,75.30738701052792,20.908579394135067,74.80386288900344
2025-07-30,74.8500060071267,20.781199582833235,74.34814077800615
2025-07-31,74.00806450659644,20.54813106188842,73.51430002030315
2025-08-01,73.04182220883354,20.281497169212948,72.56037365480115
2025-08-02,73.03685957546215,20.280217081932367,72.55579393316548
2025-08-03,73.03685957546215,20.280217081932367,72.55579393316548
2025-08-04,73.03685957546215,20.280217081932367,72.55579393316548
2025-08-05,73.03685957546215,20.280217081932367,72.55579393316548
2025-08-06,73.03685957546215,20.280217081932367,72.55579393316548
2025-08-07,73.03685957546215,20.280217081932367,72.55579393316548
2025-08-08,73.52760107075572,20.416041234070523,73.04172705478193
2025-08-09,75.1609690771005,20.86955803980479,74.66425761099566
2025-08-10,75.09560063274299,20.85140818617782,74.59932354079535
2025-08-11,74.42588915367976,20.66713712098627,73.9400636630599
2025-08-12,76.99652498142838,21.380891672880747,76.49363732437202
2025-08-13,78.85789696446236,21.89459623232312,78.33149941464688
2025-08-14,72.36812073123973,20.09083867752568,71.87826171395835
2025-08-15,70.53389246596477,19.58039692455278,70.05207284753934
2025-08-16,70.84915216209251,19.66827099194011,70.36645669755761
2025-08-17,71.40966927124117,19.82276264192743,70.91917584625257
2025-08-18,70.46613590506628,19.56442733467604,69.99493902754062
2025-08-19,69.79371760498273,19.37775959403208,69.32710465133965
2025-08-20,71.11445421595083,19.744404449854077,70.63883659672281
2025-08-21,70.24571914719981,19.503237490189946,69.77602234980493
2025-08-22,70.7524180939631,19.632838300430695,70.23969044780456
2025-08-23,69.92624030344035,19.403622996966547,69.41963520592606
2025-08-24,69.4724993610824,19.27943473043478,68.97533136839843
2025-08-25,64.90089534050438,18.002258166104735,64.40602329623013
2025-08-26,64.80343626673739,17.97442239308808,64.30643626504563
2025-08-27,64.70712167836707,17.94764850645581,64.2106483060986
2025-08-28,64.92225287224228,18.006813573463717,64.42232101120452
2025-08-29,64.61007381799125,17.92023661907693,64.11257779512006
2025-08-30,63.9389742068115,17.74309099317202,63.478810341971396
2025-08-31,64.1575818566437,17.795514925354528,63.666720511366556
2025-09-01,63.784832522760475,17.693667186809492,63.30234153543578
2025-09-02,64.22124693423888,17.79744708861177,63.67363318001352
2025-09-03,64.3233685627989,17.82671440431742,63.778342373142564
2025-09-04,63.846284438195894,17.68600154517547,63.274916295677286
2025-09-05,64.03976619283645,17.739154001525247,63.465078962906006
2025-09-06,64.24889531142702,17.79785545659884,63.67509419143171
2025-09-07,64.8894435038128,17.97006049191906,64.29118930867733
2025-09-08,65.41070810039415,18.11641240689082,64.81479014326372
2025-09-09,65.8984509228542,18.266564841961824,65.35198803598367
2025-09-10,66.61064040499875,18.467711806381047,66.07162821605749
2025-09-11,67.98772717111332,18.83749593075714,67.39459878448143
2025-09-12,71.79716139594373,19.89755732140825,71.18716295396867
2025-09-13,73.5909062612882,20.399761963543384,72.98389222673465
2025-09-14,69.34809790102423,19.219773112167175,68.76226555719333
2025-09-15,66.29056032062641,18.35337499010431,65.66256727252285
2025-09-16,68.05882313639046,18.843068840693835,67.41453689253075
2025-09-17,69.9894276988994,19.37765289584837,69.32710945770359
2025-09-18,70.0085691253306,19.382270203549762,69.34362872338218
2025-09-19,66.70412927093429,18.467321401149878,66.0702314696951
2025-09-20,68.06871006670254,18.84458485319936,67.4199607054907
2025-09-21,67.70013809895005,18.741745936632,67.05203560828222
2025-09-22,64.89190223188837,17.975087688755753,64.3091750279611
2025-09-23,64.99547366539949,18.001441310074615,64.3990948073253
2025-09-24,65.0066660839881,18.004895560213658,64.4108524069076
2025-09-25,64.68320413691806,17.90322768672048,64.06488281863747
2025-09-26,64.67890315919047,17.902730575551484,64.06287099982008
2025-09-27,64.67890315919047,17.902730575551484,64.06287099982008
2025-09-28,64.67890315919047,17.902730575551484,64.06287099982008
2025-09-29,64.67890315919047,17.902730575551484,64.06287099982008
2025-09-30,64.67890315919047,17.902730575551484,64.06287099982008
2025-10-01,64.70254385807449,17.91132436291671,64.09185849044653
2025-10-02,65.24747739714117,18.076656327975176,64.6749863620384
2025-10-03,67.65581974399724,18.745348934707962,67.0670806064092
2025-10-04,66.87073998320083,18.527680915311866,66.28830830117641
2025-10-05,67.32922017046037,18.66397511956558,66.77594149566688
2025-10-06,69.02869898830077,19.11747599841602,68.39847624297292
2025-10-07,68.76071617199467,19.04331953211461,68.13315935182055
2025-10-08,69.62268504055895,19.282581837048813,68.98919165866049
2025-10-09,67.30204917400702,18.637008707536562,66.6794611081577
2025-10-10,69.00757696699925,19.100297681997525,68.33701568889444
2025-10-11,70.80552184156579,19.266403219508437,69.27646751137719
2025-10-12,67.40187155466823,18.376692555591397,66.04732335619346
2025-10-13,66.44977442019274,18.185723928255694,65.26305338498813
2025-10-14,65.14653382140992,17.87769885467754,64.1008939575554
2025-10-15,65.14653382140992,17.87769885467754,64.1008939575554
2025-10-16,65.10012676298395,17.840633408897933,63.99761993377136
2025-10-17,64.98512722499045,17.805945993801913,63.92043902180611
2025-10-18,63.93421564246154,17.622244597585944,63.09369129173908
2025-10-19,63.007582889353685,17.58942204036469,62.54754315637648
2025-10-20,62.68695187639106,17.58942204036469,62.3743326928746
2025-10-21,62.68695187639106,17.58942204036469,62.3743326928746
2025-10-22,62.65851111377698,17.478706861745696,62.1965710348252
2025-10-23,62.50950883323749,17.437515140128557,62.04950902023232
2025-10-24,62.09942218748816,17.32064868126234,61.638845693540034
2025-10-25,61.83935143759376,17.24639087476129,61.37818455972872
2025-10-26,60.918729413092834,17.102031721743554,60.628038711516986
2025-10-27,60.9090875307863,17.102031721743554,60.6220412906564
2025-10-28,60.9090875307863,17.102031721743554,60.6220412906564
2025-10-29,60.9090875307863,17.102031721743554,60.6220412906564
2025-10-30,60.585781315042766,17.221563830031695,60.57981796352925
2025-10-31,59.56281646197489,17.19406402252528,59.90425211913243
2025-11-01,57.78458875105405,16.84284949198565,58.32762609270463
2025-11-02,56.82272246281822,16.84284949198565,57.7208101316499
2025-11-03,61.954682581083375,17.815525661830797,62.22899797103651
2025-11-04,66.99184380238952,19.04752031193475,66.94945958765155
2025-11-05,62.15448053564276,17.709616114227476,62.23054065479092
2025-11-06,65.809811588956,18.33315506851332,65.25458741759506
2025-11-07,61.13964170546674,17.43532196349065,61.84082961431748
2025-11-08,61.381983623680775,17.494226492181415,62.07237792055897
2025-11-09,59.94073129184755,17.534467027155994,61.21500615403654
2025-11-10,57.86063367849144,17.1086972547477,59.32990154050387
2025-11-11,58.266688957027505,17.21887298081375,59.73340663758165
2025-11-12,58.54935734828208,17.297147265328828,60.0163485461087
2025-11-13,59.42861201825894,17.486514598369304,60.82604637224646
2025-11-14,63.82397509065048,18.571973246131314,65.05363949943302
2025-11-15,61.99432171448209,18.10904046068054,63.30010386698122
2025-11-16,65.20975729977718,18.702115094184833,66.07570662236473
2025-11-17,68.82481300549375,19.81717403544303,69.87837169794956
2025-11-18,63.845016899667755,18.363256039007688,64.76353713140578
2025-11-19,67.61649039108526,19.30496187275696,68.34630265050554
2025-11-20,74.60263737258397,21.315903484436326,75.45372557645486
2025-11-21,79.61355494543764,22.648007338533812,80.16951882612463
2025-11-22,79.98199930916486,22.74361774925772,80.5079609905027
2025-11-23,76.14962111419965,21.666929191884734,76.6966939646693
2025-11-24,69.92219743199193,20.04699492554464,70.96244332084007
2025-11-25,70.20781144819856,20.092811981463374,71.14676768923313
2025-11-26,68.39056944771374,19.780724058987573,69.93103200119296
2025-11-27,68.37245864183473,19.771387112906968,69.89986030919243
2025-11-28,68.76225633011273,19.813781276196078,70.14712290989108
2025-11-29,68.80311609199576,19.819022730563486,70.17375632005978
2025-11-30,69.05901924999795,19.852355431473534,70.34101338224356
2025-12-01,69.9854666531206,20.014481832509677,71.03666213719671
2025-12-02,62.714417653040705,18.344836581725858,64.8667080140395
2025-12-03,62.60868872826752,18.344836581725858,64.7983596227469
2025-12-04,62.40594371737975,18.04780719426824,64.2737701290968
2025-12-05,62.45255654899418,17.86990619229169,64.06619012071384
2025-12-06,62.34095371106301,17.837461784433962,63.95100887283485
2025-12-07,62.78244363066289,17.965834037844395,64.40665689488932
2025-12-08,62.9629427402263,18.018264031828167,64.59293832243928
2025-12-09,61.29241454136218,17.61970020395905,63.00554771611618
2025-12-10,61.1857995444263,17.587081095671092,62.893310412741975
2025-12-11,60.68164785221032,17.45935696530488,62.39813900450809
2025-12-12,59.42935104040005,17.070836720846515,61.07261292651028
2025-12-13,59.1079104790378,16.945857968628502,60.69848608503691
2025-12-14,60.12427365252767,17.233697608273456,61.73743738024164
2025-12-15,62.6564751400353,17.92507686831026,64.29131639840332
2025-12-16,61.7883425985791,17.657527864841402,63.37472277742983
2025-12-17,67.06597638606527,19.123353414811493,68.73080724546614
2025-12-18,70.40933473045014,20.08996464448317,72.19397651662726
2025-12-19,62.495565020197134,17.810849885759954,64.00573565088929
2025-12-20,61.2160749646425,17.720124935857903,63.068403528002115
2025-12-21,61.16906449155555,17.697503756221312,63.00794095172575
2025-12-22,61.16994100682486,17.698462423651762,63.009785161588425
2025-12-23,61.58033430128863,17.776465224198805,63.37813487027321
2025-12-24,61.528961762018284,17.76190424843485,63.32562191289007
2025-12-25,61.951697624704835,17.79140693888312,63.6369909893674
2025-12-26,61.54543416164086,17.779576003252256,63.36029999170621
2025-12-27,62.96060103557378,18.339264265859327,65.0188122648153
2025-12-28,63.49922480502958,18.5175338993517,65.60401500125622
2025-12-29,63.97612128118276,18.673420867876743,66.15717060398728
2025-12-30,63.15607622576263,18.460129421690645,65.33930237786822
2025-12-31,61.79829350257375,17.97068251541544,63.809694670845275
2026-01-01,59.666319582353225,17.354780525874354,61.61374497905511
2026-01-02,58.49350641465752,17.194662443494426,60.64364039886788
2026-01-03,59.120173373283556,17.283318747478166,61.166959641318726
2026-01-04,60.85209108326595,17.889921755591992,63.09193847535015
2026-01-05,67.47397776853208,19.86891000686937,70.00023354848781
2026-01-06,67.47711638005552,19.798320077678756,69.83074963955593
2026-01-07,62.25322540405393,18.307324793166043,64.51952583208084
2026-01-08,60.671040489217674,17.952471947699355,63.07589837782739
2026-01-09,60.05815662456671,17.805194432158427,62.48363045542829
2026-01-10,60.1781813944036,17.862192492781052,62.636684037430726
2026-01-11,61.01941507097636,18.1195101349976,63.52230710519711
2026-01-12,60.80063002732483,18.070178739856726,63.315441668513714
2026-01-13,65.15765158079155,19.362040207672447,67.84845338772168
2026-01-14,65.76723372284218,19.556699366447315,68.53869011889394
2026-01-15,63.71858132558776,18.976214289507812,66.51901895299294
2026-01-16,64.04125856178227,19.082332854285635,66.88121534246336
2026-01-17,64.06795007124589,19.0901500061744,66.90881509972851
2026-01-18,62.300205709333426,18.566063500478908,65.06972544536026
2026-01-19,61.77342320606984,18.000059599852488,63.84402123455425
2026-01-20,61.08829556544995,17.90303089075216,63.293018025897716
2026-01-21,58.41975939699431,16.714633915507342,59.96095143447844
2026-01-22,58.78981401602122,16.714633915507342,60.34076859340906
2026-01-23,58.410763284179836,16.714633915507342,59.95171799207581
2026-01-24,58.55201248426227,16.714633915507342,60.096693536544365
2026-01-25,62.03401738742751,16.714633915507342,63.67055842486927
2026-01-26,56.32459811970993,15.161148803859454,57.780787388046335
2026-01-27,53.378137560915384,15.161148803859454,54.758150444714175
2026-01-28,53.72152998959823,15.161148803859454,55.110420777299915
2026-01-29,59.45704493517722,15.161148803859454,60.9942189879345
2026-01-30,61.57278533770522,15.393073448880685,62.70063640837288
2026-01-31,76.02884748535017,19.156952599480427,77.82534978653186
2026-02-01,81.0561895810996,20.41962146606914,82.95495720694672
2026-02-02,74.42043998021587,18.729111269295277,76.08723924927985
2026-02-03,80.11305662143579,20.157354805620496,81.88949575211622
2026-02-04,87.74002650202303,22.08590211700507,89.72424234393326
2026-02-05,129.55701907103472,32.65788113816662,132.6730339633315
2026-02-06,104.67329802762373,26.340482736685885,107.008527159183
2026-02-07,104.65671122636945,26.33643177991597,106.99207009870057
2026-02-08,104.65671122636945,26.33643177991597,106.99207009870057
2026-02-09,104.65671122636945,26.33643177991597,106.99207009870057
2026-02-10,104.65671122636945,26.33643177991597,106.99207009870057
2026-02-11,104.185374099691,26.21064638940193,106.48106544052462
2026-02-12,103.79852379375966,26.11323598252814,106.08533449383914
2026-02-13,103.50497930239294,26.039320449723494,105.78505175495846
2026-02-14,102.56200059181207,25.80082003559904,104.81614096097488
2026-02-15,103.19589289115982,25.955748387890132,105.44553925103655
2026-02-16,102.75427651098272,25.8469337788126,105.00347859606715
2026-02-17,103.09119770841986,25.9294699536963,105.33878279682719
2026-02-18,103.55387429159515,26.0433273681563,105.80132990916802
2026-02-19,103.43844023012396,26.01474363678675,105.68520815752262
2026-02-20,102.77881987909801,25.851665574535538,105.02270157296519
2026-02-21,102.78347273433343,25.852804998862688,105.02733049796541
2026-02-22,103.16972421862899,25.947402793296423,105.41163517286655
2026-02-23,103.22488532168532,25.958105402141076,105.45511464971122
2026-02-24,103.56860239832861,26.044784855169123,105.807250967645
2026-02-25,92.58971280486509,23.325918906573666,94.76182542966714
2026-02-26,91.94095770482245,23.162856417917876,94.09938211302797
2026-02-27,91.8953905390465,23.153123481324023,94.05984194133661
2026-02-28,84.19344544437136,21.207104168401482,86.154115133637
2026-03-01,82.60972995714046,20.822446224515065,84.59143762135145
2026-03-02,82.05501673008149,20.684895561357113,84.03263640189614
2026-03-03,81.98506469584079,20.665238234370474,83.95277827515812
2026-03-04,82.07729595332273,20.704720284202363,84.11317457631823
2026-03-05,79.51801922155686,20.05925016887182,81.49094448823445
2026-03-06,74.97760817565278,18.92289105179433,76.87447194071304
2026-03-07,75.16623326320321,18.93022893294314,76.9422796038969
2026-03-08,75.20576548092313,18.941198523766676,76.98474889058403
2026-03-09,73.22472149137089,18.471631210506928,75.0463697514143
2026-03-10,70.6977012033409,17.94110366719985,72.76923302602457
2026-03-11,71.16740242060925,18.03284339937909,73.21093441679147
2026-03-12,71.2402092966851,18.035364671753655,73.26158385553308
2026-03-13,70.02490311636517,17.448156409206813,71.58597692350193
2026-03-14,70.27266295080214,17.533639249958785,71.87579794609202
2026-03-15,72.13016924403722,18.210153965619295,74.1031899832962
2026-03-16,77.95163636346588,19.759221415123836,80.20906788707433
2026-03-17,74.7153231567861,18.94116658929853,76.88831887164255
2026-03-18,67.53015987851067,17.151933086242597,69.59860612127655
2026-03-19,65.0470955253406,16.710505546623015,67.32745144702842
2026-03-20,65.4695381844884,16.80435367696111,67.74252862182078
2026-03-21,64.06536845940538,16.555970672281635,66.45896843834205
2026-03-22,63.71473168864126,16.555970672281635,66.09523123301715
2026-03-23,63.2527528637716,16.555970672281635,65.61599202969235
2026-03-24,63.07629253533894,16.555970672281635,65.43293881888695
2026-03-25,62.971269216461124,16.555970672281635,65.32399163568276
2026-03-26,62.971269216461124,16.555970672281635,65.32399163568276
2026-03-27,62.7379943947268,16.555970672281635,65.08200123762667
2026-03-28,63.0808932839471,16.555970672281635,65.43771145992368
2026-03-29,64.32241247160609,16.555970672281635,66.72561608753082
2026-03-30,62.79483755080043,16.555970672281635,65.1409681585432
2026-03-31,60.35844823691181,16.555970672281635,62.61355085947877
2026-04-01,59.99084565289588,16.555970672281635,62.2322139669196
2026-04-02,63.836499346505676,16.555970672281635,66.22154835450456
2026-04-03,62.14980358807746,16.555970672281635,64.47183454078483
2026-04-04,61.550903699918145,16.555970672281635,63.85055865145427
2026-04-05,59.536184467812305,16.555970672281635,61.760565803860096
2026-04-06,58.78118523533038,16.555970672281635,60.977358411643465
2026-04-07,57.66913900878895,16.555970672281635,59.82376409307611
2026-04-08,57.064852714783534,16.555970672281635,59.196900551871686
2026-04-09,59.96095459803315,16.555970672281635,62.2012061272789
2026-04-10,61.33100409131206,16.555970672281635,63.6224431890853
2026-04-11,61.4587678494374,16.555970672281635,63.75498043616594
2026-04-12,59.411180659574256,16.555970672281635,61.63089162346997
2026-04-13,60.29992756071344,16.555970672281635,62.55284374320077
2026-04-14,60.54789514296445,16.555970672281635,62.81007585032576
2026-04-15,60.32885790800853,16.555970672281635,62.58285498147239
2026-04-16,61.38195099419848,16.555970672281635,63.67529356195259
2026-04-17,62.9378612308055,16.555970672281635,65.28933546624728
2026-04-18,58.65117490774834,15.417326200266205,60.82619347139593
2026-04-19,55.302884426799686,15.417326200266205,57.35373507797148
2026-04-20,57.719795943290954,15.417326200266205,59.86027527493386
2026-04-21,58.31184310950524,15.417326200266205,60.4742779020421
2026-04-22,59.54337214786108,15.417326200266205,61.751476929521054
2026-04-23,59.362395194704476,15.417326200266205,61.56378863199109
2026-04-24,59.024630317817355,15.417326200266205,61.213498091661876
2026-04-25,58.65693020420757,15.417326200266205,60.83216219711139
2026-04-26,60.018812815492666,15.417326200266205,62.24454882584734
2026-04-27,57.59784636625691,15.417326200266205,59.73380332312564
2026-04-28,56.823922609603194,15.417326200266205,58.93117939908027
2026-04-29,56.339307242173376,15.417326200266205,58.42859256863975
2026-04-30,56.90980644655244,15.417326200266205,59.02024814988633
2026-05-01,57.61498869377094,15.417326200266205,59.751581356243626
2026-05-02,58.64827866966852,15.417326200266205,60.823189829302486
2026-05-03,60.201896503611536,15.417326200266205,62.4344219844412
2026-05-04,60.87025584246754,15.417326200266205,63.127566742710975
2026-05-05,66.61106950326067,15.417326200266205,69.08127258004288
2026-05-06,69.10945151234351,15.99131155547792,71.65551169365705
2026-05-07,66.09794989408402,15.292778709550864,68.5254539534848
2026-05-08,68.66969801697302,15.914072236846195,71.28006593572442
2026-05-09,67.98718980351335,15.788249620911198,70.7103702339879
2026-05-10,75.81031672868393,17.655630176686806,79.03450434702195
2026-05-11,74.66106169200499,17.38452268128131,77.82090583426942
2026-05-12,71.40883955617052,16.618739101593818,74.39291572278609
2026-05-13,69.05872838821622,16.049735002453748,71.84579865605343
2026-05-14,70.30752603100039,16.34752255524354,73.17307082059945
2026-05-15,68.11757078240242,15.843650332814097,70.91727331084788
2026-05-16,66.48801793824568,15.488605138739784,69.30368738480203
2026-05-17,66.0984045942619,15.396345562349735,68.89726937520118
2026-05-18,65.30565968684704,15.23375625496583,68.14066630705807
2026-05-19,63.456824043804495,14.851608272100966,66.33296584853072
2026-05-20,64.45645789000375,15.16599086237774,67.5825395384141
2026-05-21,64.14294279259958,15.09159103383173,67.25214809745239
2026-05-22,62.31047722790939,14.539109083939538,65.01441837011845
2026-05-23,62.306347506537705,14.536037583271606,65.0063074115408
2026-05-24,62.306347506537705,14.536037583271606,65.0063074115408
2026-05-25,62.306347506537705,14.536037583271606,65.0063074115408
2026-05-26,62.306347506537705,14.536037583271606,65.0063074115408
2026-05-27,62.306347506537705,14.536037583271606,65.0063074115408
2026-05-28,62.306347506537705,14.536037583271606,65.0063074115408
2026-05-29,62.306347506537705,14.536037583271606,65.0063074115408
2026-05-30,66.17841761729227,15.52983519458372,69.26084734773939
2026-05-31,66.99837559658117,15.521343389899961,69.48789899179926
2026-06-01,65.09775586527466,15.057614099439421,67.40567117535079
2026-06-02,69.81116443142076,16.14699735239901,72.29801301710197
2026-06-03,70.53695817612473,16.3127218732701,73.04004283885152
2026-06-04,71.22395061208472,16.43365629902463,73.58152547470007
2026-06-05,77.52529480659226,17.88642208088773,80.08626918126505
2026-06-06,78.20222152094752,18.04157678392051,80.78097275337296
2026-06-07,72.75391413697422,16.78945355268251,75.17460398428345
2026-06-08,72.43220550092745,16.723608852973857,74.87978502489742
2026-06-09,72.56412419943429,16.748470487939997,74.99110273736
2026-06-10,72.73679826850582,16.783276844818484,75.14694783894508
2026-06-11,72.54058548352904,16.740398280827264,74.95495951381345
2026-06-12,72.58356282315987,16.748926659772433,74.99314524200402
2026-06-13,72.50409863915174,16.732797769407018,74.92092830283316
2026-06-14,72.35013071801274,16.702877674412942,74.78696138810935
2026-06-15,72.34497329781647,16.70196653527245,74.78288177206669
2026-06-16,72.34497329781647,16.70196653527245,74.78288177206669
2026-06-17,72.34497329781647,16.70196653527245,74.78288177206669
2026-06-18,72.34497329781647,16.70196653527245,74.78288177206669
2026-06-19,72.34497329781647,16.70196653527245,74.78288177206669
2026-06-20,72.34497329781647,16.70196653527245,74.78288177206669
2026-06-21,72.34497329781647,16.70196653527245,74.78288177206669
2026-06-22,71.94638007451499,16.62104916184439,74.4205750725773
2026-06-23,72.1809756494727,16.655877735724246,74.57651965055537
2026-06-24,72.00109703074077,16.57651545468728,74.22117586110308
2026-06-25,72.95278996060611,16.796036754016388,75.20408019991311
2026-06-26,71.24613794287394,16.403326798270967,73.4457254499379
2026-06-27,72.12522116703212,16.618244270290727,74.40801619976445
2026-06-28,73.01657852208368,16.825386683395024,75.33549420401292
2026-06-29,71.23158647838912,16.396429964155605,73.4148449467851
2026-06-30,73.397301451275,16.90347670847439,75.68514148062283
